,Date,Open,High,Low,Close,Volume,Dividends,Stock Splits,Return (%)
0,2014-08-27 00:00:00-04:00,75.11564622038655,75.33519630142023,74.30730966180761,74.47695922851562,36323000,0.0,0.0,0.0
1,2014-08-28 00:00:00-04:00,73.84824653046418,74.27736502431277,73.57880357560518,73.70853424072266,21947000,0.0,0.0,-1.0317620318456178
2,2014-08-29 00:00:00-04:00,74.14763466504704,74.66656494140625,73.8582284597462,74.66656494140625,26241000,0.0,0.0,1.2997554632612651
3,2014-09-02 00:00:00-04:00,74.85617738942878,76.54270648998002,74.666564590425,76.52275085449219,34979000,0.0,0.0,2.4859666633151756
4,2014-09-03 00:00:00-04:00,76.98181069745523,77.32111742876228,75.44496781579787,75.67449951171875,32389000,0.0,0.0,-1.108495621630734
5,2014-09-04 00:00:00-04:00,75.73436833999644,76.77223647867011,75.37510599915751,75.79424285888672,26676000,0.0,0.0,0.1582347394969208
6,2014-09-05 00:00:00-04:00,75.94394521052932,77.22131918048443,75.44497052765625,77.10157012939453,29476000,0.0,0.0,1.7248371659860595
7,2014-09-08 00:00:00-04:00,77.10156506754748,78.00969497160649,76.85207774249022,77.73027038574219,28183000,0.0,0.0,0.8154182272715804
8,2014-09-09 00:00:00-04:00,77.43087542143508,78.00968778957883,76.0437266309256,76.51276397705078,28882000,0.0,0.0,-1.5663221067538258
9,2014-09-10 00:00:00-04:00,76.36307225662944,77.79013996992938,76.35309824615943,77.27120971679688,29909000,0.0,0.0,0.9912669472685431
10,2014-09-11 00:00:00-04:00,76.97182726415164,78.19930826111258,76.89199710608631,77.76020812988281,32219000,0.0,0.0,0.6328339039574304
11,2014-09-12 00:00:00-04:00,77.85999949768002,78.13943169170841,76.94188798711878,77.32111358642578,26676800,0.0,0.0,-0.5646776854347002
12,2014-09-15 00:00:00-04:00,76.99178457399593,77.09157797419019,73.27941222228179,74.42705535888672,49679000,0.0,0.0,-3.742908105305831
13,2014-09-16 00:00:00-04:00,73.36922545737241,76.07367462303306,72.92015134069365,75.92398071289062,37742000,0.0,0.0,2.0112650524540365
14,2014-09-17 00:00:00-04:00,75.80423223737186,77.09158782143803,75.4150325972762,76.27326965332031,28693000,0.0,0.0,0.4600508787210966
15,2014-09-18 00:00:00-04:00,76.6125627373513,77.17141951049236,76.36307541780134,76.84209442138672,23031000,0.0,0.0,0.7457721042402499
16,2014-09-19 00:00:00-04:00,77.24127263798674,78.13942847602989,76.28324228199021,77.75022888183594,76671000,0.0,0.0,1.1818189851374727
17,2014-09-22 00:00:00-04:00,76.8420886261428,77.37100048549965,75.79423891755975,76.64250183105469,31961000,0.0,0.0,-1.4247251316324316
18,2014-09-23 00:00:00-04:00,76.17347575302331,78.46875469098575,75.88406952772057,78.12945556640625,36814000,0.0,0.0,1.9401163842867497
19,2014-09-24 00:00:00-04:00,77.9398366513246,78.45877453666945,77.35105023521075,78.37893676757812,30680000,0.0,0.0,0.31931772641091705
20,2014-09-25 00:00:00-04:00,78.4388127891326,78.77811950739193,76.9718261124281,77.0616455078125,37533000,0.0,0.0,-1.6806699785579804
21,2014-09-26 00:00:00-04:00,77.4308818799854,78.67831849447478,77.17142054607079,78.62842559814453,28872000,0.0,0.0,2.033151615187334
22,2014-09-29 00:00:00-04:00,77.95979721858122,79.0375766092425,77.7502287922374,78.8379898071289,34031000,0.0,0.0,0.2665247426616668
23,2014-09-30 00:00:00-04:00,79.18727627861779,79.54653863955757,78.4388142956181,78.87791442871094,35899000,0.0,0.0,0.050641349024371785
24,2014-10-01 00:00:00-04:00,78.61844326642091,78.65836215137547,75.74435207343156,76.39302062988281,55090000,0.0,0.0,-3.150303626592388
25,2014-10-02 00:00:00-04:00,76.41297974598933,77.32111728913523,75.4848865663316,76.92193603515625,36488000,0.0,0.0,0.6923609001350917
26,2014-10-03 00:00:00-04:00,77.60054006720006,77.89992029036792,77.10156541483798,77.28119659423828,23340000,0.0,0.0,0.46704565381432417
27,2014-10-06 00:00:00-04:00,77.0317111916319,77.73027267688315,76.69240446040332,77.40094757080078,25729000,0.0,0.0,0.154954868506052
28,2014-10-07 00:00:00-04:00,76.89199614654288,77.79014442012442,76.08365204107106,76.13355255126953,25317000,0.0,0.0,-1.6374412191426102
29,2014-10-08 00:00:00-04:00,76.02377460122494,77.55063574419493,74.94598757780545,77.36102294921875,32976000,0.0,0.0,1.6122594530481482
30,2014-10-09 00:00:00-04:00,77.12151913683488,77.60053814126343,75.6944513619472,75.75433349609375,32487000,0.0,0.0,-2.076872036942512
31,2014-10-10 00:00:00-04:00,75.43497944374468,76.34311690730668,72.61078887924349,72.76048278808594,52146000,0.0,0.0,-3.952052073908341
32,2014-10-13 00:00:00-04:00,73.07983008470723,74.62664692078289,72.37127938649805,72.84031677246094,43938000,0.0,0.0,0.10972162541516006
33,2014-10-14 00:00:00-04:00,73.84824979047416,74.02788097289283,71.90225165906264,73.4390869140625,50299000,0.0,0.0,0.8220312158608634
34,2014-10-15 00:00:00-04:00,71.54298826214956,73.64866190922315,70.17579497047768,73.05986785888672,61528000,0.0,0.0,-0.5163722359722955
35,2014-10-16 00:00:00-04:00,70.64483312316275,73.1995809404197,70.43526468006738,72.4810562133789,53529000,0.0,0.0,-0.792242940578225
36,2014-10-17 00:00:00-04:00,74.07777653612686,75.84414336712769,73.59875754375878,75.79424285888672,76342000,0.0,0.0,4.571107015540776
37,2014-10-20 00:00:00-04:00,75.4449681034346,76.93191047876756,75.2254180318252,76.79219818115234,34701000,0.0,0.0,1.3166637525802827
38,2014-10-21 00:00:00-04:00,77.40094553208141,78.57852601459433,76.9917902768539,78.52863311767578,32252000,0.0,0.0,2.2612126982316516
39,2014-10-22 00:00:00-04:00,78.65835601804893,79.68624248079666,77.85001959855767,78.20928192138672,41862000,0.0,0.0,-0.4066684769751583
40,2014-10-23 00:00:00-04:00,79.21721193528299,80.4646485483504,78.84797557061431,79.87586212158203,35056000,0.0,0.0,2.130923797344808
41,2014-10-24 00:00:00-04:00,80.03552502267209,80.65425628484677,79.15733244317273,80.50456237792969,32248000,0.0,0.0,0.7870966768292131
42,2014-10-27 00:00:00-04:00,80.57441981320889,80.63430194518635,79.5964338179762,80.11536407470703,30169000,0.0,0.0,-0.4834487533707188
43,2014-10-28 00:00:00-04:00,80.01556847532294,80.99356205744199,79.40681884422044,80.60435485839844,74212000,0.0,0.0,0.6103583118406863
44,2014-10-29 00:00:00-04:00,75.29527437340356,76.72234222876905,74.62665014542615,75.70443725585938,106120000,0.0,0.0,-6.0789737864002324
45,2014-10-30 00:00:00-04:00,74.89609784764902,75.1954780687487,72.75050533456451,73.95802307128906,83270000,0.0,0.0,-2.3068848377644335
46,2014-10-31 00:00:00-04:00,74.77634526286707,75.54476291399051,74.29732622377436,74.83621978759766,44544000,0.0,0.0,1.1874258935532733
47,2014-11-03 00:00:00-05:00,75.31523610865742,75.3651290062159,73.54886155535797,73.7284927368164,40727000,0.0,0.0,-1.480201771181433
48,2014-11-04 00:00:00-05:00,74.07778349036167,75.61461878697628,73.4989710409228,75.60464477539062,39326000,0.0,0.0,2.54467705622492
49,2014-11-05 00:00:00-05:00,76.35310703433977,76.64251325999756,74.26738893002995,74.67655181884766,35913000,0.0,0.0,-1.2275607660087395
50,2014-11-06 00:00:00-05:00,74.73642312904175,75.44496622465986,74.15761070262165,75.10566711425781,21383000,0.0,0.0,0.5746319091582075
51,2014-11-07 00:00:00-05:00,75.2353931196386,75.70443048391222,74.86614915731185,75.44496154785156,20774000,0.0,0.0,0.45175610127738963
52,2014-11-10 00:00:00-05:00,75.20545373409986,75.32521038129926,74.45699182003736,74.84619140625,21575100,0.0,0.0,-0.7936515962325585
53,2014-11-11 00:00:00-05:00,74.79629218864972,74.82623706127679,73.87818071887907,74.45699310302734,18715700,0.0,0.0,-0.5199974720292211
54,2014-11-12 00:00:00-05:00,74.12767233520697,74.98590933708999,73.3891919895456,74.5667724609375,26536600,0.0,0.0,0.14743995605390747
55,2014-11-13 00:00:00-05:00,74.58672554942274,75.0857001793483,73.48898288633623,74.09773254394531,26448500,0.0,0.0,-0.6290200065155016
56,2014-11-14 00:00:00-05:00,74.11769075095499,74.77634093991104,73.88816667692406,74.7264404296875,19476900,0.0,0.0,0.8484846487972098
57,2014-11-17 00:00:00-05:00,74.72644023358946,75.50484707678996,73.72849094172862,74.08775329589844,28701200,0.0,0.0,-0.854700331123126
58,2014-11-18 00:00:00-05:00,74.29732080620164,74.64660914499241,73.74845327077816,74.18754577636719,20690500,0.0,0.0,0.13469497457991864
59,2014-11-19 00:00:00-05:00,73.8582323162849,74.38714424492667,72.96007639323791,73.17962646484375,25441200,0.0,0.0,-1.3586098596140905
60,2014-11-20 00:00:00-05:00,72.65070375253471,73.83825810597412,72.36129757507945,73.44905853271484,19154900,0.0,0.0,0.36817906962196556
61,2014-11-21 00:00:00-05:00,74.3472245038566,74.3472245038566,73.34927518165718,73.59876251220703,23060400,0.0,0.0,0.20382014757276412
62,2014-11-24 00:00:00-05:00,73.38919319675618,74.19752970173964,73.19958039139009,73.85823059082031,22103800,0.0,0.0,0.35254407785763053
63,2014-11-25 00:00:00-05:00,74.05782066564387,75.58468195945476,73.9779828900036,75.47490692138672,32250200,0.0,0.0,2.1888912280107364
64,2014-11-26 00:00:00-05:00,75.37511260396839,77.62049862409124,75.35515696717252,77.46083068847656,32695300,0.0,0.0,2.6312371198527584
65,2014-11-28 00:00:00-05:00,77.5107121564091,78.10948015072172,77.07161968791218,77.5406494140625,15992000,0.0,0.0,0.10304398349010313
66,2014-12-01 00:00:00-05:00,77.10155782739581,77.15145071947276,74.64660369301241,74.94598388671875,31789900,0.0,0.0,-3.3462004083669616
67,2014-12-02 00:00:00-05:00,75.17552140919352,75.75433382135316,74.88611520311369,75.30525207519531,16773900,0.0,0.0,0.4793695003318721
68,2014-12-03 00:00:00-05:00,75.22541507692733,75.57470342099433,74.24742903203665,74.7264404296875,16689900,0.0,0.0,-0.7686205537561275
69,2014-12-04 00:00:00-05:00,74.67654574696918,75.39507044000743,74.50689619826534,75.08570098876953,14362800,0.0,0.0,0.4807676600360411
70,2014-12-05 00:00:00-05:00,75.64455812970759,76.6025885205543,75.2054580120804,76.20340728759766,24306400,0.0,0.0,1.4885741014727838
71,2014-12-08 00:00:00-05:00,76.0237761570765,77.0915815779427,75.24537693992619,76.36307525634766,25733900,0.0,0.0,0.2095286476461622
72,2014-12-09 00:00:00-05:00,75.04578261735432,76.77223821736038,74.62664574813276,76.68241882324219,25358600,0.0,0.0,0.41819107706506653
73,2014-12-10 00:00:00-05:00,76.49281055303642,77.39096638925328,75.91399816816907,76.02377319335938,32210500,0.0,0.0,-0.8589265179558714
74,2014-12-11 00:00:00-05:00,76.36306955360715,78.3589679567346,76.323158285643,77.57059478759766,33462100,0.0,0.0,2.03465512071348
75,2014-12-12 00:00:00-05:00,77.00176313821171,78.7182293490891,76.86204324699393,77.6703872680664,28091600,0.0,0.0,0.12864730603394658
76,2014-12-15 00:00:00-05:00,78.29910187587049,78.41885853390836,76.4029966658904,76.83211517333984,29396500,0.0,0.0,-1.0792685915591016
77,2014-12-16 00:00:00-05:00,76.03375864798707,77.2312947474397,74.4370336970518,74.53683471679688,31554600,0.0,0.0,-2.987397198898689
78,2014-12-17 00:00:00-05:00,74.85617579856005,76.2533062792273,74.74640077133807,75.95391845703125,29203900,0.0,0.0,1.9011858306280383
79,2014-12-18 00:00:00-05:00,76.73231422506056,78.23921966552734,76.3530962658281,78.23921966552734,34222100,0.0,0.0,3.008799618138114
80,2014-12-19 00:00:00-05:00,78.58850656698151,79.83594317915582,78.16936969259066,79.7161865234375,43335000,0.0,0.0,1.8877576543122387
81,2014-12-22 00:00:00-05:00,79.9157809594577,81.72206673770849,79.83594318896901,81.28296661376953,31395800,0.0,0.0,1.9654478703285516
82,2014-12-23 00:00:00-05:00,81.85179908753298,82.00149300684016,80.23512607751249,80.44469451904297,19865800,0.0,0.0,-1.0313010580799364
83,2014-12-24 00:00:00-05:00,80.86382378651138,81.26300499582014,80.58439922411974,80.60435485839844,7685500,0.0,0.0,0.19847218055837335
84,2014-12-26 00:00:00-05:00,80.85384743153375,81.11331637655562,80.34489877990279,80.61434173583984,10647400,0.0,0.0,0.012389997362993732
85,2014-12-29 00:00:00-05:00,80.32493336391471,80.79397073173567,79.54653416359422,79.85589599609375,14134700,0.0,0.0,-0.9408322680738324
86,2014-12-30 00:00:00-05:00,79.68625387089106,80.42473425615202,78.93779186030584,79.05754852294922,14370800,0.0,0.0,-0.9997351644311703
87,2014-12-31 00:00:00-05:00,79.37688780175935,79.63635675019074,77.70033268237378,77.86000061035156,19935400,0.0,0.0,-1.5147799735404477
88,2015-01-02 00:00:00-05:00,78.41885418153932,78.7681348975779,77.5406539655011,78.28911590576172,18177500,0.0,0.0,0.5511370306271246
89,2015-01-05 00:00:00-05:00,77.82008861265722,79.0874808548559,76.70238267224468,77.03170776367188,26452200,0.0,0.0,-1.60610849610745
90,2015-01-06 00:00:00-05:00,77.07163018339611,77.43088493790789,75.20546219347116,75.99384307861328,27399300,0.0,0.0,-1.3473214020422564
91,2015-01-07 00:00:00-05:00,76.60259277962493,77.20136085547678,75.66451797208256,75.99384307861328,22045300,0.0,0.0,0.0
92,2015-01-08 00:00:00-05:00,76.58262678691248,78.06957671875898,75.92398421118592,78.0196762084961,23961000,0.0,0.0,2.6657858687145985
93,2015-01-09 00:00:00-05:00,78.03962978570767,78.45877426511201,77.0416805167664,77.58057403564453,21157000,0.0,0.0,-0.5628095298397917
94,2015-01-12 00:00:00-05:00,77.68036613634017,77.84004167129085,76.0537115962101,76.56266784667969,19190200,0.0,0.0,-1.3120632344086114
95,2015-01-13 00:00:00-05:00,77.07162736528873,77.91988274287502,75.6944524660615,76.29322052001953,25179600,0.0,0.0,-0.3519304306372151
96,2015-01-14 00:00:00-05:00,76.26328559964185,77.04168485504857,75.8740859719385,76.12357330322266,25918600,0.0,0.0,-0.22236211244006654
97,2015-01-15 00:00:00-05:00,76.24332687947675,76.4129764305886,73.38919131592345,73.89814758300781,34134000,0.0,0.0,-2.9234383301350197
98,2015-01-16 00:00:00-05:00,73.88816395577905,75.16553778747021,73.68856953598441,75.02582550048828,21791500,0.0,0.0,1.5259894251256734
99,2015-01-20 00:00:00-05:00,75.56471842173438,76.1535048245847,74.66656257406153,76.08364868164062,22821600,0.0,0.0,1.4099454075922946
100,2015-01-21 00:00:00-05:00,76.00382154132471,77.14148312223094,75.69445208423699,76.58262634277344,25096700,0.0,0.0,0.6558277235371612
101,2015-01-22 00:00:00-05:00,77.01174181306219,77.59055420549609,76.52274881229837,77.49076080322266,19519500,0.0,0.0,1.1858230826199856
102,2015-01-23 00:00:00-05:00,77.49075610935564,78.02964958548793,76.88200649448851,77.6703872680664,16746500,0.0,0.0,0.23180371825215484
103,2015-01-26 00:00:00-05:00,77.82008342817426,78.30907641351223,77.1314960308373,77.341064453125,19260800,0.0,0.0,-0.4240004801376873
104,2015-01-27 00:00:00-05:00,76.55268878221739,76.72233833346411,75.47490172650498,75.62459564208984,20110000,0.0,0.0,-2.219349866946141
105,2015-01-28 00:00:00-05:00,76.74229884118358,77.48077915427079,75.84414299351072,76.08364868164062,53306400,0.0,0.0,0.6070155293435908
106,2015-01-29 00:00:00-05:00,76.69239894495172,77.85999774936593,74.05781351326135,77.84004211425781,61293500,0.0,0.0,2.308503158105002
107,2015-01-30 00:00:00-05:00,77.84004383660333,77.99971937599577,75.59465795670131,75.75433349609375,42649500,0.0,0.0,-2.679480331090456
108,2015-02-02 00:00:00-05:00,75.95392580298109,75.98386306534638,73.59876472275305,74.83621978759766,41955300,0.0,0.0,-1.2119619645831081
109,2015-02-03 00:00:00-05:00,75.03580815356823,75.42500776031746,73.70853379529588,75.24537658691406,26957700,0.0,0.0,0.5467363269786807
110,2015-02-04 00:00:00-05:00,74.93601335643888,76.19343167465051,74.85618319454794,75.47490692138672,20277400,0.0,0.0,0.3050424423187481
111,2015-02-05 00:00:00-05:00,75.55474183418738,75.82419241332623,75.05576717596628,75.45494842529297,15062600,0.0,0.0,-0.02644388301735745
112,2015-02-06 00:00:00-05:00,75.52480133789389,75.54475697331839,74.09773357195809,74.3172836303711,21211000,0.0,0.0,-1.507740471187602
113,2015-02-09 00:00:00-05:00,73.89814628112518,74.67654549133576,73.29937062981055,74.28734588623047,16194300,0.0,0.0,-0.04028368998190146
114,2015-02-10 00:00:00-05:00,74.69650564739936,75.18549868606895,74.34722490549252,75.03581237792969,15811300,0.0,0.0,1.0075289173010482
115,2015-02-11 00:00:00-05:00,74.93600983479985,76.59260933961116,74.87613531275814,76.35310363769531,20877400,0.0,0.0,1.7555500740511487
116,2015-02-12 00:00:00-05:00,76.70238236925309,76.71236399391567,75.7343703481994,76.07367706298828,17235000,0.0,0.0,-0.3659662297854194
117,2015-02-13 00:00:00-05:00,76.30319566978355,76.32315891767912,75.34516534199865,75.58467102050781,18621900,0.0,0.0,-0.6428058447543905
118,2015-02-17 00:00:00-05:00,75.145581342011,76.75228023872553,74.92603128947879,75.44496154785156,25254400,0.0,0.0,-0.18483836837543954
119,2015-02-18 00:00:00-05:00,75.78427100063826,76.7423013988355,75.29527036998383,76.55268859863281,22426400,0.0,0.0,1.4682584867892867
120,2015-02-19 00:00:00-05:00,76.8321163220441,79.6762703726622,76.79219743543464,79.25713348388672,45851200,0.0,0.0,3.532788899725481
121,2015-02-20 00:00:00-05:00,79.38686431169428,80.17523750349127,79.0375759901089,79.73614501953125,36931700,0.0,0.0,0.6043765584102578
122,2015-02-23 00:00:00-05:00,79.79602009563668,80.02555177024998,78.21925847350623,78.67831420898438,24139100,0.0,0.0,-1.326664099810393
123,2015-02-24 00:00:00-05:00,78.33901641394519,79.31701003260177,77.93983518972314,78.28911590576172,18897100,0.0,0.0,-0.49467036391867003
124,2015-02-25 00:00:00-05:00,78.33901914713417,80.03552989208212,78.33901914713417,79.39684295654297,25593800,0.0,0.0,1.41491832927918
125,2015-02-26 00:00:00-05:00,79.71618243671553,81.20313228409665,79.55651451769214,80.24510192871094,31111900,0.0,0.0,1.068378717063423
126,2015-02-27 00:00:00-05:00,80.5145443359231,81.06341945897893,78.45877135456567,78.80805206298828,30739200,0.0,0.0,-1.790825646902805
127,2015-03-02 00:00:00-05:00,78.83799432736579,79.69623133040918,78.35897531558038,79.58645629882812,21662500,0.0,0.0,0.98772170541368
128,2015-03-03 00:00:00-05:00,79.44674157322727,79.53655335245244,78.35897291553634,79.43675994873047,18635000,0.0,0.0,-0.18809274474488324
129,2015-03-04 00:00:00-05:00,79.13737549716133,80.98358001521338,78.6882937838525,80.73409271240234,28126700,0.0,0.0,1.6331642485282405
130,2015-03-05 00:00:00-05:00,81.06342027978967,81.82185622183022,80.88378911167511,81.04345703125,27825700,0.0,0.0,0.38318919362814174
131,2015-03-06 00:00:00-05:00,80.73409863146583,81.1632171283118,79.66629320169777,79.8459243774414,24488600,0.0,0.0,-1.4776426101206774
132,2015-03-09 00:00:00-04:00,79.51659767152535,79.74612935232783,78.46874789867493,79.27709197998047,18925100,0.0,0.0,-0.7124125644434876
133,2015-03-10 00:00:00-04:00,78.3390170762666,79.09746064732593,77.3909683227539,77.3909683227539,23067100,0.0,0.0,-2.3791534352734067
134,2015-03-11 00:00:00-04:00,77.64045850766709,78.26916382508722,77.10156497255744,77.41092681884766,20215700,0.0,0.0,0.025789179960278297
135,2015-03-12 00:00:00-04:00,77.93983536112448,78.88789172245534,77.75023017985718,78.76813507080078,16093300,0.0,0.0,1.753251521105259
136,2015-03-13 00:00:00-04:00,78.43881353115451,79.21721276768807,77.52070200158921,77.88994598388672,18557300,0.0,0.0,-1.1149039978218367
137,2015-03-16 00:00:00-04:00,77.8001218251025,77.95979735807785,77.20135380394183,77.90989685058594,19305400,0.0,0.0,0.025614174521759736
138,2015-03-17 00:00:00-04:00,78.19930868377953,79.61639487927259,78.17934543384357,79.19725799560547,22170000,0.0,0.0,1.6523717743952337
139,2015-03-18 00:00:00-04:00,79.08748013679538,81.07339706453214,79.00764236740176,80.74407958984375,36912400,0.0,0.0,1.9531251881524936
140,2015-03-19 00:00:00-04:00,80.95365234088361,82.82979433918288,80.83389568040738,82.58030700683594,42099500,0.0,0.0,2.2741325758119713
141,2015-03-20 00:00:00-04:00,83.21898808919981,84.42650577879908,82.89964463090702,83.6281509399414,44466300,0.0,0.0,1.2688787085990416
142,2015-03-23 00:00:00-04:00,83.74789497282775,84.78576305368597,83.12917134209846,84.25685119628906,27357300,0.0,0.0,0.7517806495556334
143,2015-03-24 00:00:00-04:00,84.53627988653247,85.89349147294611,84.34666709300822,85.13504791259766,32576500,0.0,0.0,1.0422852312184094
144,2015-03-25 00:00:00-04:00,85.32466524788632,85.34462088385969,82.74995422363281,82.74995422363281,37436100,0.0,0.0,-2.8015414890157353
145,2015-03-26 00:00:00-04:00,82.5503688693473,83.59821108583799,81.97155643714343,82.83977508544922,32794800,0.0,0.0,0.10854490816232243
146,2015-03-27 00:00:00-04:00,83.20900343015894,83.77783418242758,82.7100288189146,83.1291732788086,18372600,0.0,0.0,0.3493469086086387
147,2015-03-30 00:00:00-04:00,83.63812281038666,84.16703468586066,82.24099997470003,83.02937316894531,24527700,0.0,0.0,-0.12005425523547997
148,2015-03-31 00:00:00-04:00,82.72999742132392,83.32876547081956,82.04140997684208,82.0513916015625,19734300,0.0,0.0,-1.177874202895457
149,2015-04-01 00:00:00-04:00,82.33081744849201,82.55036751322116,80.70416282651992,81.50251770019531,22058200,0.0,0.0,-0.6689391741611095
150,2015-04-02 00:00:00-04:00,82.08133345469022,82.39069531459386,81.27299692332952,81.39274597167969,19664100,0.0,0.0,-0.134685076747465
151,2015-04-06 00:00:00-04:00,80.63430644589211,82.6401790560076,80.63430644589211,82.27094268798828,19062900,0.0,0.0,1.0789618974326842
152,2015-04-07 00:00:00-04:00,82.48050917035587,83.24892676269792,82.05139067719769,82.15118408203125,17467000,0.0,0.0,-0.14556610395387581
153,2015-04-08 00:00:00-04:00,82.4605478216858,82.92958521033749,81.67216696195723,82.11126708984375,18966700,0.0,0.0,-0.04858967357992405
154,2015-04-09 00:00:00-04:00,82.33081281047514,82.63020062983082,81.54243199233713,82.0014877319336,15927300,0.0,0.0,-0.13369585173985676
155,2015-04-10 00:00:00-04:00,82.04140705278084,82.44058827613354,81.74202684557773,81.87175750732422,12529700,0.0,0.0,-0.15820472066734315
156,2015-04-13 00:00:00-04:00,81.7619879938453,83.76786825648331,81.75200636880754,82.83977508544922,26883100,0.0,0.0,1.1823583706974894
157,2015-04-14 00:00:00-04:00,82.99944362385168,83.51838153711952,82.27094487950332,83.34872436523438,19634200,0.0,0.0,0.6143779111666747
158,2015-04-15 00:00:00-04:00,83.3786637228469,83.48843875055252,82.10128227443145,82.5403823852539,22390900,0.0,0.0,-0.9698312555310507
159,2015-04-16 00:00:00-04:00,82.30088037733691,82.89964843741096,81.98153690438082,82.14120483398438,13769700,0.0,0.0,-0.48361485582461006
160,2015-04-17 00:00:00-04:00,81.31291080109119,81.94161610744351,80.20518648960228,80.61434173583984,24215000,0.0,0.0,-1.8588272490408175
161,2015-04-20 00:00:00-04:00,81.3727846355017,82.97948357415987,81.07339680809694,82.91960144042969,28796800,0.0,0.0,2.8596148711897973
162,2015-04-21 00:00:00-04:00,83.82774247391093,84.31673550649234,83.36868670258463,83.44852447509766,27171900,0.0,0.0,0.6378745501423477
163,2015-04-22 00:00:00-04:00,84.1470819500259,84.56621881517074,83.47845776794982,84.4564437866211,45548000,0.0,0.0,1.2078335930603812
164,2015-04-23 00:00:00-04:00,83.92753407275772,85.41447638843843,82.24100494384766,82.24100494384766,73728100,0.0,0.0,-2.6231732517304818
165,2015-04-24 00:00:00-04:00,82.6002555281405,82.7699126859714,81.31290770422244,81.36280059814453,29660400,0.0,0.0,-1.0678424300660572
166,2015-04-27 00:00:00-04:00,81.70210839879124,82.75993217464664,81.46259509524961,81.74202728271484,25446000,0.0,0.0,0.46609345030210747
167,2015-04-28 00:00:00-04:00,81.66219246495086,81.7320486109036,80.0654751190676,80.5145492553711,23775300,0.0,0.0,-1.501648623294316
168,2015-04-29 00:00:00-04:00,79.8459216753488,81.22308890027895,79.35692106063752,80.30497741699219,26430300,0.0,0.0,-0.26029064351362763
169,2015-04-30 00:00:00-04:00,79.84592203085528,80.7939707776825,78.15938535336937,78.60845947265625,28999000,0.0,0.0,-2.11259376305728
170,2015-05-01 00:00:00-04:00,79.07749787611878,79.59643575925449,77.9498179440622,78.82801055908203,24136400,0.0,0.0,0.2792970220999669
171,2015-05-04 00:00:00-04:00,79.16731432870333,79.52657666099121,78.4687452986998,78.64837646484375,14692000,0.0,0.0,-0.22788104502985407
172,2015-05-05 00:00:00-04:00,78.38892288904789,78.63841022145893,77.06164845332137,77.40094757080078,22311300,0.0,0.0,-1.5860834642919541
173,2015-05-06 00:00:00-04:00,77.81010393368791,78.64837764578107,76.89199245461012,77.93983459472656,28663000,0.0,0.0,0.6962279414381101
174,2015-05-07 00:00:00-04:00,77.84003894172137,78.7781136422903,77.40093884975323,78.26915740966797,19749400,0.0,0.0,0.42253465978447924
175,2015-05-08 00:00:00-04:00,78.93778543591287,79.0675237133217,77.86998002559848,78.3489990234375,19943600,0.0,0.0,0.10200903703565523
176,2015-05-11 00:00:00-04:00,78.31905871738833,78.86792622421622,77.77018359681206,77.85002136230469,18874100,0.0,0.0,-0.6368653937538493
177,2015-05-12 00:00:00-04:00,77.71031797500697,77.73027361179024,76.63253085872832,77.30115509033203,21285300,0.0,0.0,-0.7050303421476278
178,2015-05-13 00:00:00-04:00,77.56061958430335,78.36895606808572,77.49076343896104,78.27914428710938,21512300,0.0,0.0,1.265167636414355
179,2015-05-14 00:00:00-04:00,78.77811566478657,81.68214400225004,78.5086651055254,81.20313262939453,49438000,0.0,0.0,3.735335086904712
180,2015-05-15 00:00:00-04:00,81.24305646932626,81.35282388808491,80.01557547571802,80.25508117675781,27069900,0.0,0.0,-1.1675060086210665
181,2015-05-18 00:00:00-04:00,80.16526668606014,81.21310885130647,80.0654732818103,80.7141342163086,21613700,0.0,0.0,0.5719924929609599
182,2015-05-19 00:00:00-04:00,81.0833766624544,81.52247676939523,80.38481523209268,80.46464538574219,17955400,0.0,0.0,-0.3091017861850509
183,2015-05-20 00:00:00-04:00,80.30498125959083,80.93368657662651,79.29705033636789,80.38481903076172,23056900,0.0,0.0,-0.09920674427605913
184,2015-05-21 00:00:00-04:00,80.02555807917,80.75405681608436,79.91578304532005,80.3149642944336,13402700,0.0,0.0,-0.08690040877170624
185,2015-05-22 00:00:00-04:00,80.18521936261814,81.14324971281343,80.08542596205064,80.37483215332031,19567900,0.0,0.0,0.07454135031081943
186,2015-05-26 00:00:00-04:00,80.26505522984188,80.4347047681683,78.91782531967912,79.16731262207031,16321300,0.0,0.0,-1.5023602524563584
187,2015-05-27 00:00:00-04:00,79.43676262904248,80.49459406268446,79.26711307561604,80.38481903076172,14160900,0.0,0.0,1.5378902837128727
188,2015-05-28 00:00:00-04:00,80.08542725227291,80.90374533210756,79.83593993996053,79.98563385009766,11982000,0.0,0.0,-0.4965927465872655
189,2015-05-29 00:00:00-04:00,79.7860467963438,79.9058034582569,78.71824130563708,79.0276107788086,16134600,0.0,0.0,-1.1977439262211842
190,2015-06-01 00:00:00-04:00,79.13738326785526,80.21516273538009,78.49869631904461,80.12535095214844,18119000,0.0,0.0,1.389059042177454
191,2015-06-02 00:00:00-04:00,79.59643388196662,81.1831695262977,79.39683946479546,80.27503967285156,18923300,0.0,0.0,0.18681817792289834
192,2015-06-03 00:00:00-04:00,81.18317399237314,82.36075447034467,81.08338058517195,82.27094268798828,31775000,0.0,0.0,2.486330773887757
193,2015-06-04 00:00:00-04:00,81.97155616856381,82.7798926777437,81.34285084072934,81.88174438476562,20863900,0.0,0.0,-0.4730689724787629
194,2015-06-05 00:00:00-04:00,81.70210704296574,82.29089344013377,81.34284470736377,81.97154998779297,16143100,0.0,0.0,0.10967719813752552
195,2015-06-08 00:00:00-04:00,81.65220551262945,81.83183667818027,79.96566888127722,80.50456237792969,16915500,0.0,0.0,-1.7896301949661075
196,2015-06-09 00:00:00-04:00,80.43470623653484,81.02350024007578,79.15733244317273,80.50456237792969,16497500,0.0,0.0,0.0
197,2015-06-10 00:00:00-04:00,80.664241749832,82.43060861706428,80.6442785006267,81.99151611328125,21531200,0.0,0.0,1.8470428152519425
198,2015-06-11 00:00:00-04:00,82.14119702597206,82.72999101892991,81.19314832211828,81.66218566894531,18656800,0.0,0.0,-0.40166405007187045
199,2015-06-12 00:00:00-04:00,81.20313267834594,81.92164973806236,81.03347552051504,81.36280059814453,11417900,0.0,0.0,-0.3666140801257489
200,2015-06-15 00:00:00-04:00,80.38481907083926,80.76403706346666,79.90580005732402,80.54448699951172,18805100,0.0,0.0,-1.0057588881121626
201,2015-06-16 00:00:00-04:00,80.65426260894893,81.34285006651062,80.28501862476749,80.89376831054688,13693700,0.0,0.0,0.43365017774248393
202,2015-06-17 00:00:00-04:00,81.59233904456525,82.051394820982,81.17319454109854,81.62227630615234,18350300,0.0,0.0,0.9005736916702478
203,2015-06-18 00:00:00-04:00,81.4725751796512,83.0193995440208,81.4027190375425,82.73997497558594,26782600,0.0,0.0,1.369354935950673
204,2015-06-19 00:00:00-04:00,82.66014089014082,82.80983480525357,81.95159781327254,82.3407974243164,23353200,0.0,0.0,-0.4824482378527617
205,2015-06-22 00:00:00-04:00,83.23894882730544,84.79574718780587,83.13914781342852,84.56621551513672,29383100,0.0,0.0,2.702691934536827
206,2015-06-23 00:00:00-04:00,84.78577314392496,87.78960272296514,84.58618632582389,87.69978332519531,50667900,0.0,0.0,3.705460615649403
207,2015-06-24 00:00:00-04:00,87.48024397279849,89.06697979008948,87.2706679084871,88.67778015136719,41370200,0.0,0.0,1.1151644725795995
208,2015-06-25 00:00:00-04:00,89.07695733062111,89.21666962458895,87.65986352734177,87.7995834350586,27302000,0.0,0.0,-0.9903232972336085
209,2015-06-26 00:00:00-04:00,87.93929621274191,88.15883866607827,86.65194068517224,87.82952117919922,38214600,0.0,0.0,0.03409782025078911
210,2015-06-29 00:00:00-04:00,86.43238275941174,87.32055695822987,85.55419018466695,85.6240463256836,35957900,0.0,0.0,-2.5110860493202214
211,2015-06-30 00:00:00-04:00,86.42240062917199,86.52219402807582,85.39451415434078,85.59410095214844,23016500,0.0,0.0,-0.034973088542500363
212,2015-07-01 00:00:00-04:00,86.59205347616476,87.76963390120488,86.31262890306179,86.73177337646484,25260000,0.0,0.0,1.3291481675266725
213,2015-07-02 00:00:00-04:00,87.22077509912138,87.26069398694814,86.16294360608586,87.11100006103516,16908800,0.0,0.0,0.4372407824803304
214,2015-07-06 00:00:00-04:00,86.31262912031045,88.00914742573931,86.21283571734372,87.3704605102539,24635900,0.0,0.0,0.29785038518321816
215,2015-07-07 00:00:00-04:00,87.61995010684433,87.66984300275298,85.0552207536761,87.0411376953125,33059900,0.0,0.0,-0.3769269533640096
216,2015-07-08 00:00:00-04:00,86.11304453695035,86.57210029344441,85.27476318014688,85.47435760498047,24399300,0.0,0.0,-1.8000455093045153
217,2015-07-09 00:00:00-04:00,86.55214327801791,87.42035426751937,85.47435624234505,85.7038803100586,23307400,0.0,0.0,0.2685281428365549
218,2015-07-10 00:00:00-04:00,87.17087000309968,88.03908863675095,86.5920575806655,87.76963806152344,23245900,0.0,0.0,2.4103433170019395
219,2015-07-13 00:00:00-04:00,88.47818799245988,90.03498645350061,88.23867468018526,89.91522979736328,29976700,0.0,0.0,2.4445717029570657
220,2015-07-14 00:00:00-04:00,90.27449298772623,90.61379970971528,89.46615648912575,89.49609375,26627800,0.0,0.0,-0.4661457778708522
221,2015-07-15 00:00:00-04:00,89.81543342499204,90.80340106081734,89.2366210267313,89.575927734375,30886600,0.0,0.0,0.0892038758674829
222,2015-07-16 00:00:00-04:00,90.09485788657368,90.67367028410784,89.58590163262134,90.66368865966795,21804100,0.0,0.0,1.2143451402686578
223,2015-07-17 00:00:00-04:00,92.36021020239691,95.19438254267146,92.35022857760754,94.7752456665039,54001600,0.0,0.0,4.534954475842978
224,2015-07-20 00:00:00-04:00,95.65344012418949,98.39780073482152,95.1644470926902,97.70922088623048,54860500,0.0,0.0,3.095718928601543
225,2015-07-21 00:00:00-04:00,98.74708160146622,99.03648781625424,96.94079577903814,98.188232421875,39453300,0.0,0.0,0.4902418945723186
226,2015-07-22 00:00:00-04:00,96.54160796914162,97.3798892953038,95.7232898916075,96.84099578857422,28299500,0.0,0.0,-1.372095820517727
227,2015-07-23 00:00:00-04:00,96.76115744968202,97.25015044569994,94.6155650597586,95.24427795410156,29418800,0.0,0.0,-1.64880360994909
228,2015-07-24 00:00:00-04:00,97.1503638028904,97.55952667457788,95.68337709903372,96.75118255615234,33444900,0.0,0.0,1.5821471215068383
229,2015-07-27 00:00:00-04:00,96.38194438120658,96.41188164174582,93.63758383012724,93.97688293457033,38585400,0.0,0.0,-2.8674581005476263
230,2015-07-28 00:00:00-04:00,94.64550748240288,95.36403219299666,93.11864627926558,95.09458923339844,35236000,0.0,0.0,1.1893417444014398
231,2015-07-29 00:00:00-04:00,96.12247535104191,97.08050575621854,94.54571364484023,96.79109954833984,64648300,0.0,0.0,1.7840240213641723
232,2015-07-30 00:00:00-04:00,94.7153674114892,95.61351564965692,91.61174462049144,95.0147476196289,86211300,0.0,0.0,-1.8352430512722728
233,2015-07-31 00:00:00-04:00,94.7552821218817,96.13245701607104,93.75733283101934,93.81721496582033,46509000,0.0,0.0,-1.260365031545041
234,2015-08-03 00:00:00-04:00,93.3381955167694,94.88501995582398,92.60969680156865,93.94694519042967,29343100,0.0,0.0,0.1382797652399015
235,2015-08-04 00:00:00-04:00,93.5976606304781,94.53573535746104,93.13860489128923,93.86710357666016,20136000,0.0,0.0,-0.08498585409848491
236,2015-08-05 00:00:00-04:00,95.05467116867383,96.8908942327133,94.98481502197124,96.2422332763672,29813200,0.0,0.0,2.530311055957224
237,2015-08-06 00:00:00-04:00,96.98071517847607,98.53751368057527,94.2263729246667,94.92494201660156,42271300,0.0,0.0,-1.3687247426843574
238,2015-08-07 00:00:00-04:00,95.18440023184432,95.2043634812792,93.41803334429844,94.10662078857422,23199100,0.0,0.0,-0.8620718755711465
239,2015-08-10 00:00:00-04:00,95.48378558948616,95.7033356450886,93.43798655909832,93.95692443847656,21624200,0.0,0.0,-0.1590710078029245
240,2015-08-11 00:00:00-04:00,93.53779169523294,94.56567826104612,92.7094919448936,93.42801666259766,22491000,0.0,0.0,-0.5629258077995525
241,2015-08-12 00:00:00-04:00,92.50989908862478,94.2463363905174,91.00300109455294,93.9968490600586,27050500,0.0,0.0,0.6088456308723789
242,2015-08-13 00:00:00-04:00,93.85712694668646,94.5357327191025,93.15855792622236,93.23839569091795,17451800,0.0,0.0,-0.8068923338653944
243,2015-08-14 00:00:00-04:00,93.34817911568872,94.52575960281732,93.01885401698986,94.22637176513672,15929700,0.0,0.0,1.0596236313351826
244,2015-08-17 00:00:00-04:00,94.22636635267511,94.2662852363228,93.1984798434297,93.73737335205078,18313500,0.0,0.0,-0.5189613097963508
245,2015-08-18 00:00:00-04:00,93.8870695728292,95.65343643865548,93.84715068819912,94.9748306274414,22278800,0.0,0.0,1.3201322280955052
246,2015-08-19 00:00:00-04:00,94.43593430897948,95.90292091726056,93.9669045594002,95.11454010009766,23251300,0.0,0.0,0.14710157599995277
247,2015-08-20 00:00:00-04:00,93.34817499123108,94.5756483212396,90.27448943334608,90.37428283691406,44598200,0.0,0.0,-4.9837356709026785
248,2015-08-21 00:00:00-04:00,87.34051947004994,88.99711896424455,85.43444026436403,85.88351440429688,62778700,0.0,0.0,-4.969077808032019
249,2015-08-24 00:00:00-04:00,76.87203276508967,81.9216537475586,71.85234904318894,81.9216537475586,83710700,0.0,0.0,-4.613063035692521
250,2015-08-25 00:00:00-04:00,86.77168472180513,87.49020940397799,82.82978820800781,82.82978820800781,52021200,0.0,0.0,1.1085401953037088
251,2015-08-26 00:00:00-04:00,85.77373736503698,87.28064290607698,83.0892589856166,87.01119995117188,45124300,0.0,0.0,5.0481980379611935
252,2015-08-27 00:00:00-04:00,88.91727708686227,89.87530745789512,87.01119796919494,89.54598999023438,42431400,0.0,0.0,2.913176741022938
253,2015-08-28 00:00:00-04:00,89.69567672154412,91.29240162807471,89.6058649427698,90.8233642578125,33215900,0.0,0.0,1.426500804466424
254,2015-08-31 00:00:00-04:00,90.41420375633396,90.86328550312176,88.70771139153754,89.2466049194336,32850700,0.0,0.0,-1.7360723766002506
255,2015-09-01 00:00:00-04:00,86.67189135331324,89.20668337698265,86.32261063649334,87.05111694335938,36097400,0.0,0.0,-2.460024085012724
256,2015-09-02 00:00:00-04:00,88.62787847358017,89.7056655883789,87.45029794750361,89.7056655883789,27190500,0.0,0.0,3.0494136528388616
257,2015-09-03 00:00:00-04:00,89.57592960352895,89.63580412399543,87.55009378109251,87.96923065185547,27048200,0.0,0.0,-1.935702639442194
258,2015-09-04 00:00:00-04:00,87.02117854247068,88.20874068173377,86.52220387740205,88.07901000976562,27328700,0.0,0.0,0.12479290440154944
259,2015-09-08 00:00:00-04:00,89.50607293855062,90.0549404717194,88.64783595268798,89.34639739990234,27012500,0.0,0.0,1.4389210210198788
260,2015-09-09 00:00:00-04:00,90.5938309479476,91.79137460629778,89.98508130137967,90.25453186035156,32551100,0.0,0.0,1.0164197851028511
261,2015-09-10 00:00:00-04:00,89.88529497946747,91.87121199511628,89.44619484211331,91.7913818359375,26437400,0.0,0.0,1.702795354325115
262,2015-09-11 00:00:00-04:00,91.49199258845992,91.89117383321629,90.94311742520124,91.86123657226562,21185000,0.0,0.0,0.0761016284219096
263,2015-09-14 00:00:00-04:00,92.12069702148438,92.43006648040598,91.412153935404,92.12069702148438,20127900,0.0,0.0,0.28244824356857823
264,2015-09-15 00:00:00-04:00,92.1805760246499,93.05876863381036,91.60176362568684,92.70948791503906,18859400,0.0,0.0,0.6391515832944394
265,2015-09-16 00:00:00-04:00,92.70949425331226,93.40805573861338,92.44004367058956,93.25836181640624,16321200,0.0,0.0,0.5920363856072308
266,2015-09-17 00:00:00-04:00,93.17852575836628,95.3141365796752,92.70948838488978,94.1465301513672,27841800,0.0,0.0,0.9523739401614995
267,2015-09-18 00:00:00-04:00,93.00886956842558,94.99479411150185,92.85918326787858,94.20641326904295,62300000,0.0,0.0,0.06360629284953845
268,2015-09-21 00:00:00-04:00,94.42596417158676,96.2921244633964,94.326163151999,95.35405731201172,28790000,0.0,0.0,1.2182228397670025
269,2015-09-22 00:00:00-04:00,93.5776998771697,94.48583736920932,91.73149524688164,92.76936340332033,36888900,0.0,0.0,-2.710628138490123
270,2015-09-23 00:00:00-04:00,93.20845958779172,94.12657105192504,92.60969157265032,93.77729034423828,21701400,0.0,0.0,1.086486857235336
271,2015-09-24 00:00:00-04:00,92.86915493616024,94.57564724308936,92.05083685423372,94.21639251708984,29106000,0.0,0.0,0.46823934796975664
272,2015-09-25 00:00:00-04:00,95.59356110819324,95.65343562775642,91.87120699579236,92.57975006103516,28961600,0.0,0.0,-1.7371100849120524
273,2015-09-28 00:00:00-04:00,91.89117099075936,92.1007394246804,87.99916729883616,89.02705383300781,41199900,0.0,0.0,-3.837444177247351
274,2015-09-29 00:00:00-04:00,88.91728089161428,89.87531130364107,85.54421500674403,86.49226379394531,42281800,0.0,0.0,-2.8472132120839655
275,2015-09-30 00:00:00-04:00,88.25863224638684,89.83538624170852,87.82951377338038,89.71563720703125,36169100,0.0,0.0,3.726776559768563
276,2015-10-01 00:00:00-04:00,89.86534046104155,90.76348876953124,88.17880365226796,90.76348876953124,29283700,0.0,0.0,1.167969815654235
277,2015-10-02 00:00:00-04:00,88.71769013357262,92.01091810093332,88.18877824756838,91.88118743896484,37881700,0.0,0.0,1.2314408410100786
278,2015-10-05 00:00:00-04:00,92.74940952914754,94.07667629954534,92.46998494590588,93.81721496582033,27292500,0.0,0.0,2.1070989402934615
279,2015-10-06 00:00:00-04:00,93.88706928380596,93.97688106363564,92.15063206961182,92.60969543457033,22172800,0.0,0.0,-1.2870980359947048
280,2015-10-07 00:00:00-04:00,92.9190532926279,93.46792841390794,91.18262376655306,92.21051025390624,24129300,0.0,0.0,-0.4310403773502558
281,2015-10-08 00:00:00-04:00,91.70156020064722,93.0288345916314,90.28447402762222,92.2803726196289,27290500,0.0,0.0,0.07576399428905756
282,2015-10-09 00:00:00-04:00,92.7094908728954,93.5477646246912,92.05084068469962,93.04878997802734,20012900,0.0,0.0,0.8326985864760106
283,2015-10-12 00:00:00-04:00,93.12862145822866,94.40599524920547,92.47995293863153,94.0666961669922,18449600,0.0,0.0,1.093948872634698
284,2015-10-13 00:00:00-04:00,93.46793854243693,95.1744309947725,93.35816350628528,93.92699432373048,19480300,0.0,0.0,-0.14851360678567183
285,2015-10-14 00:00:00-04:00,93.8870720789627,95.0047704234451,93.41803468922502,93.87709045410156,19253400,0.0,0.0,-0.05313048712803914
286,2015-10-15 00:00:00-04:00,94.79519451786354,96.10251317674862,94.70538274243354,95.7632064819336,27557500,0.0,0.0,2.009133451738365
287,2015-10-16 00:00:00-04:00,95.98276182308572,97.38986634533724,95.15446209538692,97.33997344970705,25412900,0.0,0.0,1.646526913309776
288,2015-10-19 00:00:00-04:00,96.98071092681784,98.36785981108028,96.72124198326011,98.26806640625,23729900,0.0,0.0,0.9534551157674986
289,2015-10-20 00:00:00-04:00,98.52753437651602,99.38576374057747,96.3619786829726,96.80107879638672,30881800,0.0,0.0,-1.4928426532772154
290,2015-10-21 00:00:00-04:00,97.1703271068834,97.97866361200992,96.27217120466004,96.91085815429688,21917800,0.0,0.0,0.11340716371670556
291,2015-10-22 00:00:00-04:00,97.58945722723226,99.52548119188975,97.349951541153,99.4655990600586,26392100,0.0,0.0,2.636176125583556
292,2015-10-23 00:00:00-04:00,101.70102126380026,102.63908846946173,99.95460991245002,101.9804458618164,42809700,0.0,0.0,2.5283583726664283
293,2015-10-26 00:00:00-04:00,101.99040992922124,103.5971088249092,101.34174901010688,103.55718994140624,25961200,0.0,0.0,1.5461239321568732
294,2015-10-27 00:00:00-04:00,102.72889924946084,103.8865164317838,102.19000573547048,103.48733520507812,23795500,0.0,0.0,-0.06745522582027874
295,2015-10-28 00:00:00-04:00,103.68693264776626,104.26574506267436,102.70893899451642,103.98631286621094,24081500,0.0,0.0,0.48216302037733527
296,2015-10-29 00:00:00-04:00,103.74680548849476,104.90443029956288,103.30770537205532,104.6649169921875,20316700,0.0,0.0,0.652589852714236
297,2015-10-30 00:00:00-04:00,104.29567917719622,104.50524760791076,101.44154368770506,101.7608871459961,33487100,0.0,0.0,-2.7745971903920474
298,2015-11-02 00:00:00-05:00,101.51140121323712,103.2578124400491,100.9725076924567,103.09813690185548,24003900,0.0,0.0,1.3141097659072454
299,2015-11-03 00:00:00-05:00,103.00833112755302,103.43744964428107,102.19001298097268,102.36964416503906,21242300,0.0,0.0,-0.7066012623583195
300,2015-11-04 00:00:00-05:00,102.97839044387842,103.92643923098964,102.26984735631392,103.7268524169922,43469300,0.0,0.0,1.3257917061478386
301,2015-11-05 00:00:00-05:00,108.57688330083586,110.42308792213366,107.7286203328421,108.5369644165039,63232900,0.0,0.0,4.637287151233105
302,2015-11-06 00:00:00-05:00,107.8184381984943,108.5169996300348,105.69280903073668,106.88036346435548,35084300,0.0,0.0,-1.5263011648191327
303,2015-11-09 00:00:00-05:00,106.7805703268059,108.02800689604427,105.64290878476038,106.27161407470705,26383500,0.0,0.0,-0.5695614890488754
304,2015-11-10 00:00:00-05:00,105.74270736223852,107.92821877489524,105.02418264499528,107.68871307373048,25031700,0.0,0.0,1.3334689713353276
305,2015-11-11 00:00:00-05:00,108.04796529727592,109.64469023777824,106.8903480905354,108.78645324707033,25057100,0.0,0.0,1.019364185908933
306,2015-11-12 00:00:00-05:00,108.25754820064256,109.16567814464598,107.77852916541327,107.7984848022461,20924700,0.0,0.0,-0.9081723094514382
307,2015-11-13 00:00:00-05:00,107.48911543950094,108.0280089613645,103.61707499550734,103.73682403564452,30278400,0.0,0.0,-3.767827325265849
308,2015-11-16 00:00:00-05:00,103.10812019148388,103.95637556402669,100.26396624178209,103.82664489746094,49309200,0.0,0.0,0.08658532073968495
309,2015-11-17 00:00:00-05:00,104.40545716817928,105.98221125551169,103.92643816027211,104.9144058227539,26807200,0.0,0.0,1.0476703030972923
310,2015-11-18 00:00:00-05:00,105.58303469669175,107.65876336992598,105.17387184571255,107.54898834228516,23836500,0.0,0.0,2.5111732739374393
311,2015-11-19 00:00:00-05:00,107.13983404188724,107.50907801206677,105.73272191914116,106.0420913696289,25520600,0.0,0.0,-1.401126124831975
312,2015-11-20 00:00:00-05:00,106.62090314998574,107.64879735916968,106.40136069213736,107.09992218017578,22129600,0.0,0.0,0.997557476360611
313,2015-11-23 00:00:00-05:00,106.9701880578975,107.24961264410123,105.8624637241977,106.73067474365234,19897200,0.0,0.0,-0.3447690988068519
314,2015-11-24 00:00:00-05:00,105.78262415822502,106.271617175786,104.1759252010615,105.52315521240234,23577300,0.0,0.0,-1.13137065248603
315,2015-11-25 00:00:00-05:00,106.11195156130958,106.38139452394869,104.88447056456737,105.19384002685548,15150800,0.0,0.0,-0.3120786000797682
316,2015-11-27 00:00:00-05:00,105.5630744820368,105.7427056584533,104.64496296424088,105.23374938964844,5913100,0.0,0.0,0.03793887815366492
317,2015-11-30 00:00:00-05:00,105.62294716896024,105.88241611122302,103.5372368475464,104.02622985839844,20383200,0.0,0.0,-1.147464134133358
318,2015-12-01 00:00:00-05:00,104.61502482552206,106.93026685003704,104.28569973589846,106.90032958984376,22781900,0.0,0.0,2.762860612518181
319,2015-12-02 00:00:00-05:00,106.78057114653176,107.69868264123966,105.57305345188904,105.85247802734376,24429100,0.0,0.0,-0.980213593840551
320,2015-12-03 00:00:00-05:00,106.05207056035144,106.63088299147198,103.13806038220876,104.16594696044922,23236500,0.0,0.0,-1.5932844448467987
321,2015-12-04 00:00:00-05:00,104.59506409805672,107.5090818516905,103.89650263087508,105.9622573852539,21224700,0.0,0.0,1.7244699224850502
322,2015-12-07 00:00:00-05:00,106.26164360990404,106.61092433819624,104.44537620903571,105.39342498779295,15474900,0.0,0.0,-0.5368254805980688
323,2015-12-08 00:00:00-05:00,103.78672256063378,106.69075854842006,103.7368220523648,106.27161407470705,20401800,0.0,0.0,0.8332484564533393
324,2015-12-09 00:00:00-05:00,105.96225206567462,106.2217210034942,103.3376482693124,104.38549041748048,23517300,0.0,0.0,-1.7748141624165492
325,2015-12-10 00:00:00-05:00,104.83457528339017,106.18180529344528,104.1958883510122,105.2038116455078,17454300,0.0,0.0,0.7839415466215804
326,2015-12-11 00:00:00-05:00,103.93641932189064,104.12602450826527,101.70101506036464,101.91058349609376,26427700,0.0,0.0,-3.1303315896108574
327,2015-12-14 00:00:00-05:00,102.0802310405576,104.52520368975873,101.25193132484914,104.44537353515624,24648100,0.0,0.0,2.4872686938934407
328,2015-12-15 00:00:00-05:00,105.08406377766744,105.58303842501869,104.06615123337158,104.33560180664062,21764300,0.0,0.0,-0.1050996562127926
329,2015-12-16 00:00:00-05:00,105.15391306673722,106.87037934614683,103.97633267122752,106.5709991455078,22680500,0.0,0.0,2.1425067763637395
330,2015-12-17 00:00:00-05:00,107.26956662061576,107.52903556682622,105.91235498255172,106.0021743774414,21675700,0.0,0.0,-0.5337519331030549
331,2015-12-18 00:00:00-05:00,105.86246235981298,106.37141101508936,103.75678875181032,103.82664489746094,35994200,0.0,0.0,-2.052344202142564
332,2015-12-21 00:00:00-05:00,104.69486517092588,104.93437087211323,103.38754640491594,104.55514526367188,16138800,0.0,0.0,0.7016506860357596
333,2015-12-22 00:00:00-05:00,105.00422629740966,105.44332642469368,104.59506343084976,105.29363250732422,14597100,0.0,0.0,0.7063136317108087
334,2015-12-23 00:00:00-05:00,105.67284635900867,105.89239641404842,103.6470105827306,104.4154281616211,19599700,0.0,0.0,-0.8340526628160871
335,2015-12-24 00:00:00-05:00,104.52520950321704,105.10402193533196,104.28570379859153,104.80463409423828,6501800,0.0,0.0,0.3727475330702612
336,2015-12-28 00:00:00-05:00,104.80463104652792,105.76266906466836,104.3156380264606,105.7127685546875,13069700,0.0,0.0,0.8665022003059963
337,2015-12-29 00:00:00-05:00,106.20175773040886,107.51905044048188,106.03210818461314,107.0400390625,17179900,0.0,0.0,1.2555441749932728
338,2015-12-30 00:00:00-05:00,106.78057360232395,107.0300609238247,105.84249883708148,106.0021743774414,13115000,0.0,0.0,-0.9696041725588245
339,2015-12-31 00:00:00-05:00,105.78262189316864,105.95227144060333,104.40545465098069,104.44537353515624,18391100,0.0,0.0,-1.4686499134837327
340,2016-01-04 00:00:00-05:00,101.74092540896224,102.0303316119872,99.5454400523056,102.0103759765625,37912400,0.0,0.0,-2.331359902479657
341,2016-01-05 00:00:00-05:00,102.67900081139484,103.4973189164552,101.46150147157968,102.5193328857422,23258200,0.0,0.0,0.4989266085017041
342,2016-01-06 00:00:00-05:00,100.92260427136574,103.55718966555384,100.69308020902088,102.7588348388672,25096200,0.0,0.0,0.23361637886576414
343,2016-01-07 00:00:00-05:00,100.29390349657214,101.2219966394486,97.10046881879776,97.7191925048828,45172900,0.0,0.0,-4.904339701678106
344,2016-01-08 00:00:00-05:00,99.6751676117554,100.29389888312816,96.83101379304328,97.13040161132812,35402300,0.0,0.0,-0.6025335233150408
345,2016-01-11 00:00:00-05:00,97.70921693736636,98.39779675812886,95.19438050665072,97.3100357055664,29932400,0.0,0.0,0.18494116286793538
346,2016-01-12 00:00:00-05:00,98.79697764810888,99.75500803286494,97.34995425330776,99.16622161865234,28395400,0.0,0.0,1.907496898575034
347,2016-01-13 00:00:00-05:00,100.37373644140769,100.37373644140769,95.01474627872668,95.24427795410156,33410600,0.0,0.0,-3.9549189235350446
348,2016-01-14 00:00:00-05:00,95.6534374633854,98.66724856837976,92.26040837096572,98.16827392578124,48658600,0.0,0.0,3.069996470642322
349,2016-01-15 00:00:00-05:00,93.78727799732356,96.18235021185178,93.34817787157724,94.7752456665039,46132800,0.0,0.0,-3.456338920497448
350,2016-01-19 00:00:00-05:00,96.33203600629292,97.2202101939381,93.72738795954751,95.06464385986328,30998300,0.0,0.0,0.3053520899093387
351,2016-01-20 00:00:00-05:00,92.63963740908216,94.80518561100212,89.18673366784714,94.1565170288086,59051400,0.0,0.0,-0.9552729534161752
352,2016-01-21 00:00:00-05:00,94.7153656132858,95.79314500137475,92.4300609499216,93.96690368652344,30518900,0.0,0.0,-0.20138100714488516
353,2016-01-22 00:00:00-05:00,96.21228988199228,97.86888166122576,95.29417079475306,97.73915100097656,30495400,0.0,0.0,4.014442496729975
354,2016-01-25 00:00:00-05:00,98.51755809753296,99.27600171265148,96.7312279009211,96.81106567382812,32482000,0.0,0.0,-0.9495532932746298
355,2016-01-26 00:00:00-05:00,97.55952535032252,97.67927439309418,95.46383335058054,97.140380859375,26877100,0.0,0.0,0.340162752320472
356,2016-01-27 00:00:00-05:00,97.58946417179322,97.64933869413665,94.0367670561018,94.25630950927734,58699400,0.0,0.0,-2.9689726605795164
357,2016-01-28 00:00:00-05:00,106.98015896253531,110.11371906896927,104.59506081044864,108.88624572753906,107475300,0.0,0.0,15.521439672769866
358,2016-01-29 00:00:00-05:00,108.76649098405125,112.60859422775911,108.61679706780312,111.97988891601562,62739500,0.0,0.0,2.841169853736747
359,2016-02-01 00:00:00-05:00,112.0397568606384,115.48268627726075,111.78029554236998,114.85397338867188,46132700,0.0,0.0,2.566607719009073
360,2016-02-02 00:00:00-05:00,114.56458228515892,117.34885412233037,112.96785731973948,114.37496948242188,59778600,0.0,0.0,-0.4170547105314504
361,2016-02-03 00:00:00-05:00,115.03360366227746,115.10345980338435,109.5249272976738,112.45890045166016,56919300,0.0,0.0,-1.6752520585862962
362,2016-02-04 00:00:00-05:00,111.57073119385043,111.71044348225294,109.0259575152714,110.26341247558594,38890200,0.0,0.0,-1.9522580847373128
363,2016-02-05 00:00:00-05:00,109.285429233157,109.35528537913297,102.9684083797293,103.85658264160156,76894700,0.0,0.0,-5.810476648727835
364,2016-02-08 00:00:00-05:00,100.2040908531867,102.46943236859678,97.26013590911997,99.54544067382812,71229700,0.0,0.0,-4.151053171709629
365,2016-02-09 00:00:00-05:00,96.94078912290328,102.19000428738964,96.6214456688137,99.33586883544922,62709000,0.0,0.0,-0.21052881674972213
366,2016-02-10 00:00:00-05:00,101.3417523463146,103.03826307542252,100.03443361323852,100.79287719726562,45179400,0.0,0.0,1.4667495023675148
367,2016-02-11 00:00:00-05:00,99.39575117078346,104.89445407915296,98.67722643913636,101.70101928710938,43670600,0.0,0.0,0.9009982799343952
368,2016-02-12 00:00:00-05:00,103.52725981904196,104.02623447660362,100.8826926112154,101.80081176757812,36176800,0.0,0.0,0.09812338280212884
369,2016-02-16 00:00:00-05:00,103.58713793869023,103.71686860367628,100.03443333725863,101.40162658691406,45687200,0.0,0.0,-0.39212376967626694
370,2016-02-17 00:00:00-05:00,101.81078156382326,105.5031984451614,100.1941086130538,104.98426055908205,44073400,0.0,0.0,3.533112922106052
371,2016-02-18 00:00:00-05:00,105.5830361334908,105.7826229426,102.81871238346132,103.2578125,29593500,0.0,0.0,-1.644482753784271
372,2016-02-19 00:00:00-05:00,102.33969854021682,104.8046267899333,101.8506979262612,104.35555267333984,32404500,0.0,0.0,1.0631061677196074
373,2016-02-22 00:00:00-05:00,105.27366552786287,108.028007623129,105.12397161579705,106.94024658203124,35709700,0.0,0.0,2.4768149298026954
374,2016-02-23 00:00:00-05:00,106.63087750779482,107.24960879342322,104.9044295419869,105.24372863769533,25319300,0.0,0.0,-1.5864167126588335
375,2016-02-24 00:00:00-05:00,103.9962971645464,106.73067615479876,102.52931045383194,106.66082000732422,34412400,0.0,0.0,1.346485332638947
376,2016-02-25 00:00:00-05:00,106.89035062372405,107.84838104248048,105.3934266668392,107.84838104248048,29906300,0.0,0.0,1.113399498592571
377,2016-02-26 00:00:00-05:00,108.47708391418811,109.2255458757315,106.94024871991796,107.6986846923828,26686200,0.0,0.0,-0.13880259365109948
378,2016-02-29 00:00:00-05:00,107.37934282596808,108.68666158228406,106.53108744633484,106.70073699951172,32779000,0.0,0.0,-0.9266108455469935
379,2016-03-01 00:00:00-05:00,107.60887819018916,109.59479522705078,107.37934649400704,109.59479522705078,26817300,0.0,0.0,2.71231325005028
380,2016-03-02 00:00:00-05:00,109.45508248343572,110.32330113882404,108.54694494131984,109.72452545166016,25670200,0.0,0.0,0.1183726146306574
381,2016-03-03 00:00:00-05:00,110.02390984531642,110.07381035559844,108.31741746340629,109.35528564453124,21353100,0.0,0.0,-0.3365152919176606
382,2016-03-04 00:00:00-05:00,109.82431636479352,109.82431636479352,107.70866124549876,108.16771697998048,24938900,0.0,0.0,-1.0859728064823937
383,2016-03-07 00:00:00-05:00,107.84837351960655,107.84837351960655,104.50524510517734,105.51317596435548,31436400,0.0,0.0,-2.4540972942197703
384,2016-03-08 00:00:00-05:00,104.56512534886724,107.14981796814932,104.18590735975872,105.7127685546875,25617000,0.0,0.0,0.18916366463979095
385,2016-03-09 00:00:00-05:00,106.4811838089497,107.2895278930664,105.2736661087862,107.2895278930664,20493300,0.0,0.0,1.4915505098735737
386,2016-03-10 00:00:00-05:00,107.6887162461646,108.437178246384,105.55309766755605,107.09992218017578,24854300,0.0,0.0,-0.1767234105826243
387,2016-03-11 00:00:00-05:00,108.257545258373,109.19561243900506,107.6986884635028,109.18563842773438,20697600,0.0,0.0,1.9474488917459398
388,2016-03-14 00:00:00-04:00,109.0558926831584,110.1037424398257,108.54693643445584,109.66464233398438,17249400,0.0,0.0,0.4387059627507961
389,2016-03-15 00:00:00-04:00,108.88624810715896,110.60272211150726,108.61679753400604,110.44304656982422,17618500,0.0,0.0,0.7098041987582571
390,2016-03-16 00:00:00-04:00,110.26341444268006,112.26929463874193,109.87421483036566,111.949951171875,24744800,0.0,0.0,1.3644178142967922
391,2016-03-17 00:00:00-04:00,111.92001546209796,112.45890899747984,110.50292928410234,110.79232788085938,24241200,0.0,0.0,-1.0340543063197427
392,2016-03-18 00:00:00-04:00,111.33122584207337,112.18946288286465,110.04387028088642,111.22145080566406,36256900,0.0,0.0,0.38732187779837446
393,2016-03-21 00:00:00-04:00,111.4310231661368,112.13956625976968,110.80231023053727,111.6206283569336,18448000,0.0,0.0,0.3589033845341705
394,2016-03-22 00:00:00-04:00,111.1316316642224,112.6485112093219,110.9420188659292,112.01980590820312,19001100,0.0,0.0,0.35761987470011025
395,2016-03-23 00:00:00-04:00,111.780299836191,112.9578802790422,111.7703182116439,112.30921173095705,18562000,0.0,0.0,0.2583523693935774
396,2016-03-24 00:00:00-04:00,111.90004952023286,112.8580799110576,111.4509753917599,112.81816864013672,17839100,0.0,0.0,0.45317467849290693
397,2016-03-28 00:00:00-04:00,113.08761180037104,114.35500403250698,112.71836782681628,113.45685577392578,21351800,0.0,0.0,0.5661208132409223
398,2016-03-29 00:00:00-04:00,113.59657210437672,116.08146376142204,113.40695929854328,115.9018325805664,29825300,0.0,0.0,2.1549837512794268
399,2016-03-30 00:00:00-04:00,116.49061844355964,116.75007976474744,114.12547599755048,114.46477508544922,33235200,0.0,0.0,-1.2398919526300456
400,2016-03-31 00:00:00-04:00,114.46478062505504,114.77415008259496,113.53668747993302,113.8660125732422,21207500,0.0,0.0,-0.5230976182498348
401,2016-04-01 00:00:00-04:00,113.51673056706532,115.93176599666494,113.11754933243138,115.82199096679688,24760500,0.0,0.0,1.7177894872682176
402,2016-04-04 00:00:00-04:00,113.83607821930494,114.31509724123538,111.38112381456538,112.31919860839844,48487900,0.0,0.0,-3.024289540492009
403,2016-04-05 00:00:00-04:00,111.88010075730952,113.08761854118288,111.67053231023225,111.98987579345705,22962400,0.0,0.0,-0.2932026038483193
404,2016-04-06 00:00:00-04:00,112.23935926680856,113.57660767751656,112.18945875618556,113.47681427001952,20814600,0.0,0.0,1.3277436607795012
405,2016-04-07 00:00:00-04:00,113.556653453673,114.65439617728951,112.83812872876064,113.4069595336914,20714500,0.0,0.0,-0.061558598359912065
406,2016-04-08 00:00:00-04:00,114.0157009467608,114.09553871345422,109.67462326497298,110.4031219482422,48497800,0.0,0.0,-2.6487242033473413
407,2016-04-11 00:00:00-04:00,110.47297943321313,110.68255547676743,108.5469370673812,108.76648712158205,39762300,0.0,0.0,-1.482417161561267
408,2016-04-12 00:00:00-04:00,109.11577122522088,110.93204623408384,108.76649049803524,110.38317108154295,26248100,0.0,0.0,1.4863805963998278
409,2016-04-13 00:00:00-04:00,111.99985260478726,112.4189894809268,106.30155543650191,110.28337860107422,88227400,0.0,0.0,-0.09040552059789153
410,2016-04-14 00:00:00-04:00,110.39315134206656,111.81023748270744,110.03388899461552,110.6126937866211,28473300,0.0,0.0,0.29860817624938196
411,2016-04-15 00:00:00-04:00,110.56280435570092,110.7424355350552,108.97606100244676,109.4151611328125,20922800,0.0,0.0,-1.0826358285050963
412,2016-04-18 00:00:00-04:00,109.51495240469411,110.58275783510044,108.9760588771411,110.22349548339844,21167200,0.0,0.0,0.7387772793248981
413,2016-04-19 00:00:00-04:00,110.87216084902784,112.21939082224482,108.93614446920994,112.05972290039062,30210500,0.0,0.0,1.6659128881180818
414,2016-04-20 00:00:00-04:00,112.1994423794467,113.03771615385108,111.3312237298858,112.18946075439452,21027900,0.0,0.0,0.11577563342648478
415,2016-04-21 00:00:00-04:00,112.31919270750868,113.80613497900328,112.07967940225218,113.20736694335938,20875200,0.0,0.0,0.9073099933988082
416,2016-04-22 00:00:00-04:00,110.981935750505,111.5208292619306,108.78645043469572,110.33326721191406,38458200,0.0,0.0,-2.53879213786794
417,2016-04-25 00:00:00-04:00,109.64469010173129,110.44304495724306,108.84632763247076,109.87421417236328,21017900,0.0,0.0,-0.4160604060324702
418,2016-04-26 00:00:00-04:00,110.26341238480586,110.273394009326,107.92821475450184,108.5369644165039,22521500,0.0,0.0,-1.2170733287444335
419,2016-04-27 00:00:00-04:00,107.71864588674404,108.71659514976372,106.09198371522282,108.66669464111328,52213100,0.0,0.0,0.11952630636651307
420,2016-04-28 00:00:00-04:00,119.33477741572158,120.5422951378134,115.99164883125265,116.4906234741211,87110100,0.0,0.0,7.199932655398622
421,2016-04-29 00:00:00-04:00,116.5804388339968,117.5983437866464,115.60244515390292,117.33888244628906,37140600,0.0,0.0,0.7281778969587371
422,2016-05-02 00:00:00-04:00,117.58836294236622,118.4865187976591,116.33094474495618,118.32684326171876,28095200,0.0,0.0,0.8419722387265294
423,2016-05-03 00:00:00-04:00,117.27899787820309,117.91769243208697,116.78002323036335,117.1891860961914,24117500,0.0,0.0,-0.9614531531201731
424,2016-05-04 00:00:00-04:00,116.3708629814371,118.0573996551169,116.33094409767412,117.81788635253906,23448400,0.0,0.0,0.5364831664856906
425,2016-05-05 00:00:00-04:00,117.7979368414998,118.73601162432593,117.00955597712982,117.5684051513672,22056700,0.0,0.0,-0.21175155054585781
426,2016-05-06 00:00:00-04:00,116.91974094138388,119.39465088450623,116.86984043203717,119.24495697021484,26395600,0.0,0.0,1.426022422171247
427,2016-05-09 00:00:00-04:00,119.29485596442876,120.03333628813856,118.65616904439617,118.99546813964844,21138100,0.0,0.0,-0.2092238002389668
428,2016-05-10 00:00:00-04:00,119.37469889097356,120.25289154052734,118.75596757944194,120.25289154052734,23220000,0.0,0.0,1.056698562169811
429,2016-05-11 00:00:00-04:00,120.16307657908902,120.8317007700553,119.17510130900584,119.27489471435548,22038400,0.0,0.0,-0.8132834176733827
430,2016-05-12 00:00:00-04:00,119.7339602326794,120.59218962508876,118.65617316256218,120.03334045410156,22035500,0.0,0.0,0.6358804520955053
431,2016-05-13 00:00:00-04:00,120.1331313209068,120.39260026498508,119.43456987194462,119.56430053710938,18124300,0.0,0.0,-0.39075803040867774
432,2016-05-16 00:00:00-04:00,119.13517879646838,119.36471047415726,117.10934303593672,118.4266357421875,31247800,0.0,0.0,-0.9515087612366191
433,2016-05-17 00:00:00-04:00,118.57633884209818,118.7659516508078,116.95965818987456,117.1093521118164,21328600,0.0,0.0,-1.112320401669431
434,2016-05-18 00:00:00-04:00,116.56048179664715,118.02746087853112,116.49062564989076,117.4087371826172,21642300,0.0,0.0,0.2556457408413815
435,2016-05-19 00:00:00-04:00,116.80997077683728,117.24906329963136,115.64236428773388,116.5704574584961,20544100,0.0,0.0,-0.7139841073473541
436,2016-05-20 00:00:00-04:00,116.72015248301706,117.74803907260248,116.71017085788782,117.1093521118164,18944800,0.0,0.0,0.4622909312268719
437,2016-05-23 00:00:00-04:00,117.17920112630291,117.35883229894728,115.70224047455903,115.732177734375,20441000,0.0,0.0,-1.1759730137747448
438,2016-05-24 00:00:00-04:00,116.00162077588448,117.48857066704474,115.88187173652835,117.45862579345705,20183600,0.0,0.0,1.4917614900883835
439,2016-05-25 00:00:00-04:00,117.88774482931252,118.42663835015736,117.13928287487508,117.6482391357422,20019800,0.0,0.0,0.16142990010676872
440,2016-05-26 00:00:00-04:00,117.9975175428816,119.51440467114097,117.67817408647151,119.2249984741211,18481300,0.0,0.0,1.3402319915384542
441,2016-05-27 00:00:00-04:00,119.31481642107642,119.60422263305908,118.7659488717981,119.13518524169922,13493600,0.0,0.0,-0.07533087319885334
442,2016-05-31 00:00:00-04:00,119.21502140623066,119.85370834346196,117.8777730106992,118.56635284423828,23547600,0.0,0.0,-0.4774680093936112
443,2016-06-01 00:00:00-04:00,118.2569905179176,118.8358029317185,117.57838469815933,118.53641510009766,15029500,0.0,0.0,-0.025249780753533457
444,2016-06-02 00:00:00-04:00,118.446598134237,119.19506006677874,117.97756077164443,118.68610382080078,13228300,0.0,0.0,0.12628078939009857
445,2016-06-03 00:00:00-04:00,118.73600703884586,118.73600703884586,117.61830111978696,118.22705078125,14135100,0.0,0.0,-0.3867790960969453
446,2016-06-06 00:00:00-04:00,118.37674480004338,119.18508126996538,118.1172758587572,118.54639434814452,12744700,0.0,0.0,0.27011040602322733
447,2016-06-07 00:00:00-04:00,118.99546957638508,119.05535171031336,117.42868951711478,117.5185089111328,17103000,0.0,0.0,-0.8670743995747743
448,2016-06-08 00:00:00-04:00,117.51850389120509,118.3567775929056,117.02950328479804,118.14720916748048,14505600,0.0,0.0,0.5349797765244801
449,2016-06-09 00:00:00-04:00,117.88774551939916,118.43662066803245,117.46860864976036,118.31686401367188,13859200,0.0,0.0,0.14359615211130272
450,2016-06-10 00:00:00-04:00,117.29895559765112,117.86778636482045,116.02158177760415,116.38084411621094,18510800,0.0,0.0,-1.6363008888041763
451,2016-06-13 00:00:00-04:00,114.76417370139934,115.24319273298528,113.0776368862573,113.71632385253906,31718200,0.0,0.0,-2.289483534774195
452,2016-06-14 00:00:00-04:00,113.83607368570694,114.71426630823092,113.3470806719861,114.70429229736328,17618500,0.0,0.0,0.8688008997770336
453,2016-06-15 00:00:00-04:00,115.0635516487044,115.20326393469946,113.83607072032076,114.36498260498048,19819400,0.0,0.0,-0.295812550329988
454,2016-06-16 00:00:00-04:00,113.63648052179668,114.2651857899975,112.70838744183456,114.15541076660156,19236300,0.0,0.0,-0.18324825799412858
455,2016-06-17 00:00:00-04:00,114.18536149275464,114.1953431179902,112.32917511390028,112.7882308959961,24644300,0.0,0.0,-1.1976478919608624
456,2016-06-20 00:00:00-04:00,113.5366858265944,114.4847422074288,112.51878091471032,113.13751220703124,20785400,0.0,0.0,0.30967886299877456
457,2016-06-21 00:00:00-04:00,113.8859778096779,114.9737389011782,113.73628389067582,114.14543914794922,19166300,0.0,0.0,0.8908866045008734
458,2016-06-22 00:00:00-04:00,114.41488720038544,114.50469898155563,113.37701902895328,113.67640686035156,14846300,0.0,0.0,-0.4109076027030034
459,2016-06-23 00:00:00-04:00,114.1354662969343,114.85398341069966,113.30716653528576,114.84400939941406,16176900,0.0,0.0,1.0271282945254034
460,2016-06-24 00:00:00-04:00,110.78235325144698,113.44687603895063,110.77237162665796,111.85015869140624,40643100,0.0,0.0,-2.6068845242032235
461,2016-06-27 00:00:00-04:00,111.34120290773528,111.34120290773528,108.00805590598418,108.7465362548828,36130400,0.0,0.0,-2.774803784665436
462,2016-06-28 00:00:00-04:00,110.4031250150593,112.5187802087137,110.32329485989682,112.46887969970705,26813800,0.0,0.0,3.4229535698495406
463,2016-06-29 00:00:00-04:00,113.13750725402754,114.0156998378687,112.80818217993144,113.92588806152344,20968300,0.0,0.0,1.2954769049950743
464,2016-06-30 00:00:00-04:00,114.4348462918021,114.94380257504926,113.43689697533658,114.04564666748048,23192700,0.0,0.0,0.1051197475786747
465,2016-07-01 00:00:00-04:00,113.96579981613483,114.89389291106411,113.5766002228176,113.95582580566406,14980000,0.0,0.0,-0.07875869394498025
466,2016-07-05 00:00:00-04:00,113.7063437220742,113.96580505371094,112.7383316995291,113.96580505371094,14207000,0.0,0.0,0.0087571196788927
467,2016-07-06 00:00:00-04:00,113.12753115511744,116.55049749506648,112.73833154444894,116.46067810058594,24337600,0.0,0.0,2.189141774323611
468,2016-07-07 00:00:00-04:00,116.39082600624052,116.73013273289448,115.12343372472934,115.6124267578125,16630200,0.0,0.0,-0.72835858128939
469,2016-07-08 00:00:00-04:00,116.1912362645343,117.2590417014357,115.61242384841046,116.99957275390624,18142600,0.0,0.0,1.1998243052189883
470,2016-07-11 00:00:00-04:00,117.46861272435694,118.4565804124174,117.2590442822683,117.62828826904295,17711600,0.0,0.0,0.5373656504362945
471,2016-07-12 00:00:00-04:00,118.38671756200598,118.47653695424356,117.32889378647656,117.68815612792967,15217700,0.0,0.0,0.05089580046406805
472,2016-07-13 00:00:00-04:00,118.14721871959696,118.15720034459044,116.44072630566792,116.54051971435548,16207700,0.0,0.0,-0.9751503051221966
473,2016-07-14 00:00:00-04:00,117.25903742397192,117.39874971052616,116.46067497473484,117.04946899414062,14579700,0.0,0.0,0.4367144414943347
474,2016-07-15 00:00:00-04:00,117.49854632590409,118.03743985181134,116.340929117982,116.62035369873048,16646000,0.0,0.0,-0.3666102025901785
475,2016-07-18 00:00:00-04:00,117.07940696366732,119.36471168437664,116.65028847700576,119.12520599365234,20868400,0.0,0.0,2.1478688886442
476,2016-07-19 00:00:00-04:00,118.74598269450492,120.6021689643916,118.41666521855632,120.36266326904295,21541300,0.0,0.0,1.0387871022498274
477,2016-07-20 00:00:00-04:00,121.00134349809996,121.9493922160909,120.31275609663916,121.6699676513672,20046500,0.0,0.0,1.0861377995617039
478,2016-07-21 00:00:00-04:00,121.66997438943405,121.84960556438271,120.00340091914562,120.36266326904295,17801700,0.0,0.0,-1.0744676008053178
479,2016-07-22 00:00:00-04:00,119.65411889890386,120.76184319680718,119.0653248709311,120.75186157226562,18422400,0.0,0.0,0.32335467881157154
480,2016-07-25 00:00:00-04:00,121.1410637601465,121.6001195201094,117.53846621247683,121.3805694580078,18487400,0.0,0.0,0.52066102961561
481,2016-07-26 00:00:00-04:00,121.7498118770828,121.81966802197051,120.50237527998154,120.9714126586914,17612000,0.0,0.0,-0.3370859118089209
482,2016-07-27 00:00:00-04:00,122.1689475220306,124.7436584599435,121.26081764759152,123.0870590209961,52654200,0.0,0.0,1.7488812569906642
483,2016-07-28 00:00:00-04:00,127.25848880815366,128.0668329021288,123.3764667188893,124.74365997314452,78955800,0.0,0.0,1.3458774344960567
484,2016-07-29 00:00:00-04:00,124.3943798705359,125.58193434207452,123.45630510644338,123.6858367919922,35058800,0.0,0.0,-0.8479975506410886
485,2016-08-01 00:00:00-04:00,123.596020829026,124.3245271771926,122.6080531415115,124.0550765991211,25006900,0.0,0.0,0.29853038691072253
486,2016-08-02 00:00:00-04:00,123.80558218635046,124.5440701172325,121.81966529998894,122.83757019042967,23968400,0.0,0.0,-0.9814240916764305
487,2016-08-03 00:00:00-04:00,122.83757862512776,123.66587839127044,122.05917937068004,122.25877380371094,18525300,0.0,0.0,-0.47118840418404195
488,2016-08-04 00:00:00-04:00,122.68788669168764,124.53409133350829,122.25876819753483,124.10497283935548,21066000,0.0,0.0,1.5100748831398114
489,2016-08-05 00:00:00-04:00,124.72370676967031,125.58193616237186,124.36444441284225,124.8933563232422,20184000,0.0,0.0,0.6352553534717975
490,2016-08-08 00:00:00-04:00,124.99314642717944,125.1927332362543,124.29458498166876,125.0031280517578,15233900,0.0,0.0,0.08789236813484536
491,2016-08-09 00:00:00-04:00,125.08296004373284,125.8314220093763,124.27462355723756,124.80353546142578,19621000,0.0,0.0,-0.15967007661550348
492,2016-08-10 00:00:00-04:00,124.81352180477973,125.22268468273283,124.28460988059577,124.62390899658205,10670100,0.0,0.0,-0.14392738489308332
493,2016-08-11 00:00:00-04:00,124.94324771058322,125.12287888682722,124.49417357684764,124.64386749267578,11729500,0.0,0.0,0.016014981598977407
494,2016-08-12 00:00:00-04:00,124.44427781348662,124.74366565656202,123.92534751440492,124.62390899658205,12159000,0.0,0.0,-0.01601241721331803
495,2016-08-15 00:00:00-04:00,124.6538507247119,124.66382473581324,123.44632537154394,123.64591979980467,19295100,0.0,0.0,-0.784752464155325
496,2016-08-16 00:00:00-04:00,123.24673646933412,123.66587334095844,122.5282117672645,123.04714965820312,14222400,0.0,0.0,-0.48426194942058354
497,2016-08-17 00:00:00-04:00,123.40640902713578,124.12492609809372,122.5980649499666,124.11495208740234,13794200,0.0,0.0,0.8677994022334712
498,2016-08-18 00:00:00-04:00,123.75569245318934,124.00517977340814,123.38644847831593,123.65589904785156,12400800,0.0,0.0,-0.3698611906384319
499,2016-08-19 00:00:00-04:00,123.34652899211214,123.905385764027,123.02718552833882,123.30661010742188,11688300,0.0,0.0,-0.2824684815841416
500,2016-08-22 00:00:00-04:00,123.07709049893032,124.57401446720606,122.85754043205004,123.8954086303711,14386400,0.0,0.0,0.4775076716781568
501,2016-08-23 00:00:00-04:00,124.25466437456764,124.83346915836026,123.99519543536836,124.11495208740234,13309500,0.0,0.0,0.17720064000614766
502,2016-08-24 00:00:00-04:00,124.21475143431348,124.43430150000704,122.83757651814436,123.2267837524414,12243700,0.0,0.0,-0.7156014001725497
503,2016-08-25 00:00:00-04:00,122.86751534401468,124.11495191608934,122.84755209516229,123.63593292236328,10730800,0.0,0.0,0.33202941557237686
504,2016-08-26 00:00:00-04:00,123.79561308171904,124.93327466884072,123.65590078952856,124.70374298095705,17504800,0.0,0.0,0.8636729091244799
505,2016-08-29 00:00:00-04:00,124.09499096813902,126.47011511820654,124.09499096813902,126.28050231933594,15925900,0.0,0.0,1.2644041796080474
506,2016-08-30 00:00:00-04:00,126.3403756424184,126.3403756424184,124.89335225119204,125.5819320678711,17804300,0.0,0.0,-0.5531893195184767
507,2016-08-31 00:00:00-04:00,125.34242838128212,125.96115967749044,124.8434537399444,125.86136627197266,14200600,0.0,0.0,0.22251147079863642
508,2016-09-01 00:00:00-04:00,126.1208309534854,126.37031828078092,125.3424317105232,125.91126251220705,13536100,0.0,0.0,0.03964380946459567
509,2016-09-02 00:00:00-04:00,126.5898636731905,126.5998452977635,125.74160831445384,126.25056457519533,12118800,0.0,0.0,0.26947713510170335
510,2016-09-06 00:00:00-04:00,126.41023631120557,129.67353479384326,126.21064949621962,129.46395874023438,26278400,0.0,0.0,2.5452513229159868
511,2016-09-07 00:00:00-04:00,129.77331152930438,131.70933547727756,129.68349975295433,130.78125,27990800,0.0,0.0,1.0174965083593168
512,2016-09-08 00:00:00-04:00,130.65151431671416,130.81118985172168,129.54379003728235,130.0028533935547,15676600,0.0,0.0,-0.595189758811232
513,2016-09-09 00:00:00-04:00,129.44401138434333,129.6835094725602,126.83935546875,126.83935546875,27100700,0.0,0.0,-2.4334065308765918
514,2016-09-12 00:00:00-04:00,125.70169666424712,128.49595021935514,125.4921282186452,128.4261016845703,21252800,0.0,0.0,1.2509888669461455
515,2016-09-13 00:00:00-04:00,127.76744530361852,128.08679638292577,126.40025966064104,126.94912719726562,18016200,0.0,0.0,-1.1500578682457463
516,2016-09-14 00:00:00-04:00,126.62978769236346,128.5358745344151,126.62978769236346,127.50798034667967,15691100,0.0,0.0,0.4402181895631685
517,2016-09-15 00:00:00-04:00,127.71756324450912,128.83526927567453,127.40819376361767,128.08680725097656,15077200,0.0,0.0,0.4539534723419836
518,2016-09-16 00:00:00-04:00,127.93710209035282,128.91508817792575,127.93710209035282,128.80532836914062,24119200,0.0,0.0,0.5609641879480876
519,2016-09-19 00:00:00-04:00,129.64359527838374,129.6735325387361,127.99696982151534,128.38616943359375,14958800,0.0,0.0,-0.32542049374356674
520,2016-09-20 00:00:00-04:00,128.38616419609156,128.90510206685863,127.76744053738656,128.37619018554688,11083800,0.0,0.0,-0.007772837285280332
521,2016-09-21 00:00:00-04:00,128.86518652448703,129.7433714757097,128.12669862624622,129.67352294921875,14068300,0.0,0.0,1.0105711672832696
522,2016-09-22 00:00:00-04:00,130.2323692542443,130.46189330417354,129.29429457953847,129.813232421875,15538300,0.0,0.0,0.10773939774193497
523,2016-09-23 00:00:00-04:00,127.2984048338721,128.3362805889366,127.0389435088546,127.69758605957033,28326300,0.0,0.0,-1.6297617144522825
524,2016-09-26 00:00:00-04:00,127.10880181154292,127.8971826519084,126.53997102972843,127.04891967773438,15064900,0.0,0.0,-0.5079707470220685
525,2016-09-27 00:00:00-04:00,127.34831458111834,128.74543755179778,127.16868339720968,128.4261016845703,15637100,0.0,0.0,1.0839777389128669
526,2016-09-28 00:00:00-04:00,128.94503305731706,129.2044943879934,128.1366813501186,128.96498107910156,12047600,0.0,0.0,0.4196027033934291
527,2016-09-29 00:00:00-04:00,128.91507731638862,129.02485234342328,127.28843038714407,127.82731628417967,14532200,0.0,0.0,-0.8821501661944176
528,2016-09-30 00:00:00-04:00,127.7674446994646,128.3262938581122,127.1886322915803,128.0069580078125,18402900,0.0,0.0,0.14053469074908342
529,2016-10-03 00:00:00-04:00,128.1167208383357,128.8252562300494,127.53790848556484,128.50592041015625,13156900,0.0,0.0,0.38979318789318373
530,2016-10-04 00:00:00-04:00,128.90510239228695,129.0148774185437,127.28842948513918,127.92711639404295,14307500,0.0,0.0,-0.4504103890823896
531,2016-10-05 00:00:00-04:00,127.98699291280504,128.5358680526674,127.56785604986396,128.20654296875,12386800,0.0,0.0,0.21842638416578186
532,2016-10-06 00:00:00-04:00,128.16660562971876,128.79531848469858,127.81733255389354,128.47598266601562,11682700,0.0,0.0,0.2101606447116433
533,2016-10-07 00:00:00-04:00,128.77536440643493,128.984940448849,128.06682896695762,128.72547912597656,12804400,0.0,0.0,0.19419696567686273
534,2016-10-10 00:00:00-04:00,129.41405127897215,130.43196377647712,128.93503990323333,129.97291564941406,15138700,0.0,0.0,0.9690672988031501
535,2016-10-11 00:00:00-04:00,129.96292978182134,130.37209263905194,127.96703123240076,128.61570739746094,17537900,0.0,0.0,-1.0442239024736732
536,2016-10-12 00:00:00-04:00,128.74542811659398,129.3941042699051,128.19656820744245,128.7853546142578,11073000,0.0,0.0,0.13190240930107677
537,2016-10-13 00:00:00-04:00,127.94708381052452,127.98699508160117,126.49007116251808,127.55787658691406,17139300,0.0,0.0,-0.9531192665659383
538,2016-10-14 00:00:00-04:00,128.2265093630882,128.68555750769005,127.3183718573573,127.61775207519533,13345300,0.0,0.0,0.046939859680450446
539,2016-10-17 00:00:00-04:00,127.93709256713213,128.20654313204363,127.05889995598244,127.27845001220705,11351700,0.0,0.0,-0.26587371856257036
540,2016-10-18 00:00:00-04:00,128.41609524239112,129.12464587170638,127.747471108317,128.30633544921875,13504000,0.0,0.0,0.8075879592445823
541,2016-10-19 00:00:00-04:00,128.47598464381807,130.20243248474955,128.336272365838,129.84317016601562,16752300,0.0,0.0,1.1977855274380556
542,2016-10-20 00:00:00-04:00,129.80326219201086,130.3920485764742,129.234423828125,129.7333984375,13167500,0.0,0.0,-0.08454178096181098
543,2016-10-21 00:00:00-04:00,129.5138515247312,131.85903833653356,129.43401375799994,131.79916381835938,19088800,0.0,0.0,1.5923157843233282
544,2016-10-24 00:00:00-04:00,132.44781897550115,133.1364063595538,131.87898062258935,133.0066680908203,17470200,0.0,0.0,0.9161699038736426
545,2016-10-25 00:00:00-04:00,133.22623263835422,133.22623263835422,131.94885874211892,132.01870727539062,13336800,0.0,0.0,-0.7427904402169339
546,2016-10-26 00:00:00-04:00,131.3700464283555,131.98877012713942,130.6714849575514,130.77127075195312,13084700,0.0,0.0,-0.9448937572425598
547,2016-10-27 00:00:00-04:00,131.46985627308823,131.52973079924703,129.00492009622553,129.42405700683594,16741400,0.0,0.0,-1.0302062045971727
548,2016-10-28 00:00:00-04:00,130.232393902946,132.69733008620554,129.6635554479635,131.02076721191406,24545500,0.0,0.0,1.2337043375125978
549,2016-10-31 00:00:00-04:00,131.73927175778763,131.84904678167703,130.61159948782935,130.72137451171875,15669000,0.0,0.0,-0.22850782098617906
550,2016-11-01 00:00:00-04:00,131.1405228776102,131.66943479530715,128.38617302809615,129.23443603515625,22077800,0.0,0.0,-1.1374868739841837
551,2016-11-02 00:00:00-04:00,129.9629326158836,129.9629326158836,126.02103594031772,126.90921020507812,39640900,0.0,0.0,-1.799230840799726
552,2016-11-03 00:00:00-04:00,121.7498124440511,123.0271863072315,119.25493923823038,119.75391387939452,63766300,0.0,0.0,-5.638122177358962
553,2016-11-04 00:00:00-04:00,119.34475550547582,121.67996087305896,119.0054563913286,120.50238037109376,30545500,0.0,0.0,0.6250037827181476
554,2016-11-07 00:00:00-05:00,122.57811909949304,122.95733710724832,121.10115072817136,121.8995132446289,23008900,0.0,0.0,1.159423464692222
555,2016-11-08 00:00:00-05:00,121.77974446660444,124.35445533157343,121.29075147114467,123.96525573730467,19460800,0.0,0.0,1.6946273514072407
556,2016-11-09 00:00:00-05:00,121.25084350394962,123.55610401811882,120.26287579984128,122.92739868164062,31916000,0.0,0.0,-0.837216080821368
557,2016-11-10 00:00:00-05:00,123.67585513081764,123.925342451939,115.0336106725752,120.55227661132812,67846700,0.0,0.0,-1.9321340041235424
558,2016-11-11 00:00:00-05:00,119.2848733054358,120.45247210720544,117.90770607363687,118.77591705322266,32840100,0.0,0.0,-1.473518052116607
559,2016-11-14 00:00:00-05:00,118.88569957105916,118.88569957105916,113.31714816032044,114.84400939941406,51377000,0.0,0.0,-3.3103576477096275
560,2016-11-15 00:00:00-05:00,116.49062598287036,118.24701128169382,115.5924700836146,116.95965576171876,34681400,0.0,0.0,1.842191310951824
561,2016-11-16 00:00:00-05:00,114.24523885400272,117.63826037231036,113.97578828015249,116.1014175415039,32397900,0.0,0.0,-0.7337899676819637
562,2016-11-17 00:00:00-05:00,116.57045301040444,117.54844665527344,115.77209815431124,117.54844665527344,18597800,0.0,0.0,1.2463492215779803
563,2016-11-18 00:00:00-05:00,118.14720720649854,118.8856874953226,116.60038287445325,116.78001403808594,22879300,0.0,0.0,-0.6537156713274372
564,2016-11-21 00:00:00-05:00,117.95760035090632,121.69991010333035,117.55842673498005,121.52027893066406,35415400,0.0,0.0,4.05914054012031
565,2016-11-22 00:00:00-05:00,122.14899463362076,122.72780704919096,120.65207069843852,121.2209014892578,26089200,0.0,0.0,-0.24636006766992624
566,2016-11-23 00:00:00-05:00,120.98139319355973,121.06122334860603,119.6940377232974,120.5921859741211,15672100,0.0,0.0,-0.5186527301914379
567,2016-11-25 00:00:00-05:00,120.7618458608301,120.89157652773744,119.82377109069571,120.13313293457033,8658600,0.0,0.0,-0.38066565909110617
568,2016-11-28 00:00:00-05:00,119.87367209880313,121.44045218795804,119.57428426469752,120.16307830810548,18101300,0.0,0.0,0.024926823103377238
569,2016-11-29 00:00:00-05:00,120.3227435203084,121.84960468953528,120.15309397122736,120.62213134765624,18891000,0.0,0.0,0.3820250329920061
570,2016-11-30 00:00:00-05:00,120.07325198616904,121.54023858391795,117.70810955166073,118.1771469116211,30188900,0.0,0.0,-2.0269783071468206
571,2016-12-01 00:00:00-05:00,118.13723267664912,118.20708882149292,113.76621758410414,114.86396026611328,43277000,0.0,0.0,-2.803576437655564
572,2016-12-02 00:00:00-05:00,114.8739391398491,116.24113235762184,114.06560268119254,115.16334533691406,25070400,0.0,0.0,0.26064317311293994
573,2016-12-05 00:00:00-05:00,115.71221778853626,117.32889838848662,114.83402514928792,117.1891860961914,20201500,0.0,0.0,1.759102041843863
574,2016-12-06 00:00:00-05:00,117.44865308907674,117.55842811887334,116.091441460454,117.06942749023438,19131200,0.0,0.0,-0.10219254006826883
575,2016-12-07 00:00:00-05:00,116.76006585276969,117.70811462402344,116.3309473574788,117.70811462402344,21913700,0.0,0.0,0.545562703672009
576,2016-12-08 00:00:00-05:00,117.73805981590822,119.25493937675978,117.39875310037309,118.66615295410156,22442800,0.0,0.0,0.8139101820959782
577,2016-12-09 00:00:00-05:00,118.97551455666743,119.6940392575354,118.70606398696756,119.4345703125,17464700,0.0,0.0,0.6475455210009695
578,2016-12-12 00:00:00-05:00,118.97551151924311,118.99546715431384,117.40873149186352,117.52848052978516,17805500,0.0,0.0,-1.5959280279801424
579,2016-12-13 00:00:00-05:00,117.61830545158092,121.27079594112892,117.36881812585024,120.0632781982422,29768000,0.0,0.0,2.156751841792648
580,2016-12-14 00:00:00-05:00,119.75391727618998,121.44045404756268,118.60627404621005,119.96348571777344,25913100,0.0,0.0,-0.08311657149989715
581,2016-12-15 00:00:00-05:00,119.8337532538168,122.24878872208812,119.38467150250672,120.32274627685548,20139600,0.0,0.0,0.2994749251678419
582,2016-12-16 00:00:00-05:00,120.65207020117408,121.2508382500294,119.02540799218102,119.62418365478516,25324300,0.0,0.0,-0.5805740341589094
583,2016-12-19 00:00:00-05:00,119.60421779995274,120.11317405657982,118.26696944043093,118.99546813964844,15918100,0.0,0.0,-0.5255755951079966
584,2016-12-20 00:00:00-05:00,119.25493463410808,119.52437757988476,118.55637320894743,118.84577178955078,13684400,0.0,0.0,-0.12580004300833947
585,2016-12-21 00:00:00-05:00,118.67612652418772,118.95555110432645,118.2370340184335,118.79588317871094,10767600,0.0,0.0,-0.04197760685015206
586,2016-12-22 00:00:00-05:00,118.61625340408048,118.74598407103385,116.69021096681712,117.15924835205078,16258600,0.0,0.0,-1.377686484470242
587,2016-12-23 00:00:00-05:00,116.7600675383924,117.31891670730472,116.06150607725202,117.02951049804688,10890000,0.0,0.0,-0.11073633181228892
588,2016-12-27 00:00:00-05:00,116.72014794261658,118.43662193811444,116.62035453645368,117.76799774169922,12051500,0.0,0.0,0.6310265167388529
589,2016-12-28 00:00:00-05:00,117.94762133704364,118.0074958541431,116.41077861692128,116.6802215576172,12087400,0.0,0.0,-0.923660251461389
590,2016-12-29 00:00:00-05:00,116.7600653419782,117.2889772402848,115.82199058573704,116.11139678955078,9934900,0.0,0.0,-0.4875074459689266
591,2016-12-30 00:00:00-05:00,116.36088852418308,116.59042021652076,114.53463945172132,114.81407165527344,18684100,0.0,0.0,-1.1173107637562185
592,2017-01-03 00:00:00-05:00,115.7920539674055,117.59833973135014,115.27312369083673,116.62035369873048,20663900,0.0,0.0,1.5732235756609647
593,2017-01-04 00:00:00-05:00,117.30894030345311,119.4146138824746,117.04947136014394,118.44660186767578,19630900,0.0,0.0,1.5659772166898955
594,2017-01-05 00:00:00-05:00,118.61625298241889,120.70196333976826,118.07735945324156,120.42253875732422,19492200,0.0,0.0,1.6682090144349404
595,2017-01-06 00:00:00-05:00,120.73191186828905,123.6259588001274,119.78385544773072,123.15692901611328,28545300,0.0,0.0,2.270663188972799
596,2017-01-09 00:00:00-05:00,123.29663747772018,125.17277939668622,122.78768120940404,124.64386749267578,22880400,0.0,0.0,1.2073526747065522
597,2017-01-10 00:00:00-05:00,124.56403097921978,125.24263680590532,124.02513744505048,124.0949935913086,17324600,0.0,0.0,-0.44035371527559874
598,2017-01-11 00:00:00-05:00,124.09499128532497,125.86136577234788,123.80558508084806,125.8314208984375,18356500,0.0,0.0,1.3992726514395981
599,2017-01-12 00:00:00-05:00,125.35240543312824,126.47011132990056,124.5440689800487,126.36033630371094,18653900,0.0,0.0,0.42033651173687403
600,2017-01-13 00:00:00-05:00,127.22854218272364,129.0048981655334,127.10879315076328,128.07679748535156,24884300,0.0,0.0,1.3583860504415401
601,2017-01-17 00:00:00-05:00,127.77742239745756,128.07681023465716,127.13874306467982,127.60778045654295,15294500,0.0,0.0,-0.36619984104634407
602,2017-01-18 00:00:00-05:00,128.1466696926402,128.16661771428525,126.57988202615051,127.6576690673828,13145900,0.0,0.0,0.03909527354943876
603,2017-01-19 00:00:00-05:00,127.96703510780355,128.08679937909406,127.188635868156,127.28843688964844,12195500,0.0,0.0,-0.2892361895934892
604,2017-01-20 00:00:00-05:00,127.8373114157748,128.21652179506074,126.52001103062966,126.77947998046876,19097200,0.0,0.0,-0.39984536036129503
605,2017-01-23 00:00:00-05:00,127.0489154807076,128.9849394453389,126.68965314471936,128.66558837890625,16593600,0.0,0.0,1.4877079466866894
606,2017-01-24 00:00:00-05:00,129.11467978992962,129.6336024399584,128.11673053257044,129.1046905517578,15162700,0.0,0.0,0.34127397883454424
607,2017-01-25 00:00:00-05:00,129.73339710117816,131.46983420581572,129.5038730469289,131.21035766601562,18731300,0.0,0.0,1.6309764620160427
608,2017-01-26 00:00:00-05:00,131.36007009441255,132.8669680424658,131.17045729265467,132.50770568847656,20020100,0.0,0.0,0.9887542763683532
609,2017-01-27 00:00:00-05:00,132.40791021345115,132.67736079710184,130.81120041690647,131.908935546875,19539500,0.0,0.0,-0.451875714314498
610,2017-01-30 00:00:00-05:00,131.31017093564844,131.31017093564844,129.33423558212235,130.71139526367188,18956100,0.0,0.0,-0.9078537994702929
611,2017-01-31 00:00:00-05:00,129.90306335554573,130.39206401252076,129.2544023775672,130.05276489257812,19790500,0.0,0.0,-0.5038813714482671
612,2017-02-01 00:00:00-05:00,131.97880101395418,133.2162636849448,130.41201323147013,132.956787109375,50139800,0.0,0.0,2.2329569226733126
613,2017-02-02 00:00:00-05:00,132.946810052997,135.212159280328,130.1325856524142,130.57168579101562,54366400,0.0,0.0,-1.7938921135310704
614,2017-02-03 00:00:00-05:00,130.97087182769408,132.57757081241675,130.49184519911367,130.71139526367188,24804900,0.0,0.0,0.10699829125271343
615,2017-02-06 00:00:00-05:00,130.7113974789869,131.7891845703125,130.03279925157716,131.7891845703125,17058500,0.0,0.0,0.8245565005763345
616,2017-02-07 00:00:00-05:00,131.96881469217098,132.72725064251495,131.3900022981596,131.5696258544922,14596400,0.0,0.0,-0.166598432592302
617,2017-02-08 00:00:00-05:00,132.32807972796098,134.16430273619727,132.16840418963676,133.92478942871094,22390600,0.0,0.0,1.7900511299039579
618,2017-02-09 00:00:00-05:00,134.21420227455025,134.22417628531184,133.0366142222987,133.8649139404297,16470600,0.0,0.0,-0.04470829376448382
619,2017-02-10 00:00:00-05:00,133.82499840418063,134.66327210635302,133.4058463255976,133.91481018066406,15061900,0.0,0.0,0.037273575850194085
620,2017-02-13 00:00:00-05:00,134.42376163290325,134.42376163290325,133.42581237768124,133.7751007080078,13526200,0.0,0.0,-0.10432712593011484
621,2017-02-14 00:00:00-05:00,133.8250030643211,133.95472611459329,132.27817865186674,133.5755157470703,14364900,0.0,0.0,-0.1491944015599267
622,2017-02-15 00:00:00-05:00,133.1763253290325,133.4258126433347,132.38795211593617,133.16635131835938,13226500,0.0,0.0,-0.30631693721902
623,2017-02-16 00:00:00-05:00,132.7971264682147,133.59547376113295,132.74722595553268,133.56553649902344,12831100,0.0,0.0,0.29976429984908126
624,2017-02-17 00:00:00-05:00,133.22622729093814,133.81501370451593,132.89690220516647,133.25616455078125,12276500,0.0,0.0,-0.23162557973511744
625,2017-02-21 00:00:00-05:00,133.2262354518311,133.63539833141382,132.62745976329543,133.44578552246094,14759100,0.0,0.0,0.14229808603520855
626,2017-02-22 00:00:00-05:00,133.3260296136585,136.50947501894746,133.18631732385742,135.84085083007812,27360100,0.0,0.0,1.7947852742146386
627,2017-02-23 00:00:00-05:00,135.6113246104115,135.84084867698294,134.05452619801835,135.08241271972656,18422500,0.0,0.0,-0.5583284451746273
628,2017-02-24 00:00:00-05:00,133.88488801722528,135.34188553610986,133.88488801722528,135.16226196289062,12625700,0.0,0.0,0.05911150205004656
629,2017-02-27 00:00:00-05:00,134.98261347926834,136.89867426031878,134.74311539882297,136.13026428222656,14306700,0.0,0.0,0.7161779518026323
630,2017-02-28 00:00:00-05:00,136.5094757889368,136.529439038306,134.47366595070963,135.2620391845703,16112100,0.0,0.0,-0.6377899155886713
631,2017-03-01 00:00:00-05:00,136.1901348553024,137.19805811212606,136.02048531073785,137.13818359375,16257000,0.0,0.0,1.3870443034054825
632,2017-03-02 00:00:00-05:00,136.80886305335687,137.53737699109055,136.03046383365307,136.4795379638672,12294800,0.0,0.0,-0.4802788053792084
633,2017-03-03 00:00:00-05:00,136.3498012769216,137.0483626571187,135.80092618266102,136.88868713378906,11160600,0.0,0.0,0.2997879213440857
634,2017-03-06 00:00:00-05:00,136.5992977008683,137.5473464393159,136.23004612505412,137.13818359375,12748200,0.0,0.0,0.18226229295126295
635,2017-03-07 00:00:00-05:00,136.7489820608128,138.0862303772701,136.70907079162615,137.0184326171875,13527100,0.0,0.0,-0.08732139614540113
636,2017-03-08 00:00:00-05:00,136.8687378941774,137.70702686370367,136.76895210250592,137.4375762939453,10184500,0.0,0.0,0.3059031319741168
637,2017-03-09 00:00:00-05:00,137.43757456750717,138.28583753729578,137.11822349217584,137.95651245117188,15535300,0.0,0.0,0.37757953190085125
638,2017-03-10 00:00:00-05:00,138.62513535964678,139.20394775773997,137.93654793385494,138.50537109375,16314100,0.0,0.0,0.39784902707828973
639,2017-03-13 00:00:00-04:00,138.42554648411033,139.3935432425334,138.3856199869091,139.313720703125,10955500,0.0,0.0,0.5836232941665909
640,2017-03-14 00:00:00-04:00,139.1740140486753,139.1740140486753,138.23593928395456,139.0343017578125,12944000,0.0,0.0,-0.2005681449768537
641,2017-03-15 00:00:00-04:00,139.00436079186537,139.81271257117962,138.206013479331,139.43348693847656,19344800,0.0,0.0,0.287112730899608
642,2017-03-16 00:00:00-04:00,139.91248745931358,139.96238796932982,139.44345007465682,139.7029266357422,13612900,0.0,0.0,0.19323887193936073
643,2017-03-17 00:00:00-04:00,140.05219729265897,140.05219729265897,139.4135103671554,139.55322265625,20592800,0.0,0.0,-0.10715879981707532
644,2017-03-20 00:00:00-04:00,139.42349108170208,139.9025024396706,138.96442774417224,139.65301513671875,12099500,0.0,0.0,0.07150854603663603
645,2017-03-21 00:00:00-04:00,140.8605376930022,142.01816253633314,138.11617711626823,138.2259521484375,29894800,0.0,0.0,-1.021863356751851
646,2017-03-22 00:00:00-04:00,137.64714193485736,139.50332827290634,137.31783206056474,139.30374145507812,17055400,0.0,0.0,0.7797300650772332
647,2017-03-23 00:00:00-04:00,139.19396545581137,140.10210298225456,138.80476583412113,139.24386596679688,13022800,0.0,0.0,-0.0429819670712539
648,2017-03-24 00:00:00-04:00,139.79273898274565,140.73081375585372,139.47338789934807,140.0522003173828,16664700,0.0,0.0,0.5805170267095816
649,2017-03-27 00:00:00-04:00,138.76485716922198,140.36156695827464,138.48543257545032,140.03225708007812,12800500,0.0,0.0,-0.014239860037534857
650,2017-03-28 00:00:00-04:00,140.0721611605002,141.6588968566897,139.7228728224722,141.4692840576172,14679400,0.0,0.0,1.0262113940770812
651,2017-03-29 00:00:00-04:00,141.69881746986297,142.5670284321899,141.13995310673053,142.35745239257812,16527600,0.0,0.0,0.627817084731408
652,2017-03-30 00:00:00-04:00,142.10797645948676,142.65685162860132,141.5591165178703,142.1179656982422,12404000,0.0,0.0,-0.16822912345713092
653,2017-03-31 00:00:00-04:00,142.01815883927597,142.33750991636327,141.59902197122196,141.75869750976562,11478300,0.0,0.0,-0.252795757884261
654,2017-04-03 00:00:00-04:00,141.63893188107306,142.17783301160514,140.5312228152515,141.98822021484375,13564000,0.0,0.0,0.16191084505576825
655,2017-04-04 00:00:00-04:00,141.56908459187113,141.79860866114828,140.98029817492227,141.43934631347656,12948600,0.0,0.0,-0.38656298426494873
656,2017-04-05 00:00:00-04:00,141.96826018387992,143.1458482616446,141.0002481566276,141.55911254882812,17158100,0.0,0.0,0.08467674552603555
657,2017-04-06 00:00:00-04:00,141.8185678912595,141.9283429173676,140.62103184212384,140.8804931640625,15103400,0.0,0.0,-0.4793894031594359
658,2017-04-07 00:00:00-04:00,140.91043937267708,141.25972772179497,139.95241656352178,140.49130249023438,11818300,0.0,0.0,-0.2762558996545317
659,2017-04-10 00:00:00-04:00,140.71085166744797,141.13996255836955,140.34161529828307,140.75076293945312,9039400,0.0,0.0,0.18468079135132154
660,2017-04-11 00:00:00-04:00,140.51127220445713,140.74079629236658,138.52534750646154,139.63307189941406,16638100,0.0,0.0,-0.7940923492683716
661,2017-04-12 00:00:00-04:00,139.43347449700832,140.1120726976119,139.1540499170542,139.29376220703125,11612500,0.0,0.0,-0.243000950825778
662,2017-04-13 00:00:00-04:00,139.3336652923658,140.29170324413712,139.04426671852147,139.10414123535156,10965600,0.0,0.0,-0.13613026791383653
663,2017-04-17 00:00:00-04:00,139.4733901144586,141.25972790715142,139.46341610325567,141.12998962402344,11519700,0.0,0.0,1.4563537581848918
664,2017-04-18 00:00:00-04:00,140.9802907773268,141.61897766995216,140.32164063657348,140.67092895507812,14807500,0.0,0.0,-0.3252750674525462
665,2017-04-19 00:00:00-04:00,141.0601446642238,142.74666625012372,140.98030689008382,141.97825622558594,15563900,0.0,0.0,0.9293514162583616
666,2017-04-20 00:00:00-04:00,142.65683353382838,143.9541705251347,142.39737222656558,143.50509643554688,15968200,0.0,0.0,1.0754042559411259
667,2017-04-21 00:00:00-04:00,143.60489551911766,143.87434608882623,141.97824854494533,143.38534545898438,12382000,0.0,0.0,-0.0834471942369519
668,2017-04-24 00:00:00-04:00,144.66274321237677,145.37127871728802,144.04400426608277,145.17169189453125,14407200,0.0,0.0,1.245836127694
669,2017-04-25 00:00:00-04:00,145.49102898613307,146.84824071076412,145.49102898613307,146.18960571289062,17767500,0.0,0.0,0.7011792761214775
670,2017-04-26 00:00:00-04:00,146.7883570947887,147.2873317387121,145.7904078069419,146.2594451904297,12395000,0.0,0.0,0.04777321697975179
671,2017-04-27 00:00:00-04:00,146.36922341464296,147.44701049633215,145.84031149874428,147.39710998535156,11275100,0.0,0.0,0.777840223201065
672,2017-04-28 00:00:00-04:00,149.19341731269824,151.21925313225614,148.76430643163312,149.94187927246094,30652200,0.0,0.0,1.726471629845583
673,2017-05-01 00:00:00-04:00,151.42882942524605,152.25712915601866,151.10947834603357,152.14735412597656,25218300,0.0,0.0,1.4708864956321177
674,2017-05-02 00:00:00-04:00,153.02553922491526,153.12534024409973,151.34899174059916,152.46669006347656,21870400,0.0,0.0,0.20988596176019225
675,2017-05-03 00:00:00-04:00,153.28500486215347,153.28500486215347,151.02962990026137,151.4886932373047,29782500,0.0,0.0,-0.6414495033405077
676,2017-05-04 00:00:00-04:00,149.86203601044963,151.2092735796462,148.41501265344027,150.5406494140625,36225500,0.0,0.0,-0.625818206614992
677,2017-05-05 00:00:00-04:00,151.13942546493317,151.31906426558223,149.48282589532974,149.93191528320312,17148500,0.0,0.0,-0.40436528819870476
678,2017-05-08 00:00:00-04:00,150.4009557400261,150.77019213286758,149.4329436362265,150.75022888183594,15827500,0.0,0.0,0.5457901321990866
679,2017-05-09 00:00:00-04:00,151.17934048645247,152.2770755476239,149.90196663827277,150.17140197753906,17453900,0.0,0.0,-0.38396419600170706
680,2017-05-10 00:00:00-04:00,149.9219217419831,150.21133557152976,148.55473604946408,149.98179626464844,12080700,0.0,0.0,-0.12625953436792292
681,2017-05-11 00:00:00-04:00,150.00175036774883,150.3410494604944,149.10360212754065,149.7322998046875,11841900,0.0,0.0,-0.16635116139074313
682,2017-05-12 00:00:00-04:00,150.09156178635266,150.1514515327205,149.32315182418282,150.02171325683594,9598200,0.0,0.0,0.19328725500507016
683,2017-05-15 00:00:00-04:00,149.8620405350156,151.16935164655925,149.46286691671895,149.8820037841797,15064700,0.0,0.0,-0.09312616795481565
684,2017-05-16 00:00:00-04:00,149.80216443947367,149.9019654567469,148.7243774084114,149.47283935546875,14550800,0.0,0.0,-0.2729910318653772
685,2017-05-17 00:00:00-04:00,147.69649748390637,148.3651216925135,144.1238371363878,144.55296325683594,28300100,0.0,0.0,-3.291485008144268
686,2017-05-18 00:00:00-04:00,144.4232346553459,147.84619369972165,144.21365858666013,147.35720825195312,23031600,0.0,0.0,1.9399429329820972
687,2017-05-19 00:00:00-04:00,148.14557781083104,149.08365263527358,147.6565923754291,147.75637817382812,16187900,0.0,0.0,0.2708859149886278
688,2017-05-22 00:00:00-04:00,147.77632910155037,148.28527774519063,147.38712949700252,147.93600463867188,12586700,0.0,0.0,0.12156934750555681
689,2017-05-23 00:00:00-04:00,148.21543155305343,148.5048301445914,146.9480317018408,147.766357421875,12817800,0.0,0.0,-0.11467608389941208
690,2017-05-24 00:00:00-04:00,148.20543865983527,149.92191259989744,148.1156268813139,149.7322998046875,17862400,0.0,0.0,1.3304397679640312
691,2017-05-25 00:00:00-04:00,149.99177703629417,152.27707414483757,149.64248870379973,151.64837646484375,19891400,0.0,0.0,1.2796682229923695
692,2017-05-26 00:00:00-04:00,151.91780946975217,151.9377727183733,150.840022456667,151.81802368164062,14996200,0.0,0.0,0.11186879856652787
693,2017-05-30 00:00:00-04:00,151.65835727148684,152.58644281699307,151.32903217316263,152.06752014160156,13226000,0.0,0.0,0.16433915678162325
694,2017-05-31 00:00:00-04:00,152.38686150116993,153.03553771006807,150.78016245120463,151.1494140625,18023900,0.0,0.0,-0.6037489650956629
695,2017-06-01 00:00:00-04:00,151.4388036003613,151.9776895127447,149.99178018641751,151.21925354003906,14530600,0.0,0.0,0.04620558933174923
696,2017-06-02 00:00:00-04:00,151.53861281883297,153.31496141937228,150.9897376383296,153.2949981689453,16854400,0.0,0.0,1.3726721831467392
697,2017-06-05 00:00:00-04:00,153.3249154164123,154.39272837613973,153.09539136270786,153.31494140625,12520400,0.0,0.0,0.013009711695044501
698,2017-06-06 00:00:00-04:00,153.09540346962868,154.2031277851016,152.16730271626065,152.4966278076172,13457100,0.0,0.0,-0.5337468032319603
699,2017-06-07 00:00:00-04:00,152.95570129501203,153.4347127198035,152.02760048026124,152.80599975585938,12066700,0.0,0.0,0.20287133734686602
700,2017-06-08 00:00:00-04:00,153.76401783073186,154.41267873351717,152.786031857649,154.39273071289062,17799400,0.0,0.0,1.0383957171618885
701,2017-06-09 00:00:00-04:00,154.45260865125363,155.27091911247186,146.3093391712202,149.293212890625,35577700,0.0,0.0,-3.3029520228829323
702,2017-06-12 00:00:00-04:00,147.86613903751305,148.8940255502356,144.2635416239185,148.13558959960938,33170200,0.0,0.0,-0.7754024905765267
703,2017-06-13 00:00:00-04:00,149.84207504975262,150.8699615676499,148.59463847681928,150.37098693847656,20483400,0.0,0.0,1.509021123761789
704,2017-06-14 00:00:00-04:00,150.94980256304223,152.08746413278166,148.74434318234012,149.94187927246094,20808800,0.0,0.0,-0.28536599696002973
705,2017-06-15 00:00:00-04:00,147.36716111670134,149.73229592140817,146.06982407088233,149.4927978515625,18994200,0.0,0.0,-0.29950366307094356
706,2017-06-16 00:00:00-04:00,149.28323537184025,150.52069801259236,148.2952752890002,150.33108520507812,22882400,0.0,0.0,0.5607543410539373
707,2017-06-19 00:00:00-04:00,151.39889369083053,153.25507998184173,151.39889369083053,152.55650329589844,19026500,0.0,0.0,1.4803445925933856
708,2017-06-20 00:00:00-04:00,152.56648756407068,153.52451032515745,151.89786338794838,151.93777465820312,14743900,0.0,0.0,-0.4055734264538202
709,2017-06-21 00:00:00-04:00,152.047551198265,153.76402515874207,151.5685398129567,153.59437561035156,15039800,0.0,0.0,1.090315397783792
710,2017-06-22 00:00:00-04:00,152.69620385775374,154.23305417577376,152.5964180727827,153.0854034423828,13005500,0.0,0.0,-0.3313742224910321
711,2017-06-23 00:00:00-04:00,152.40681205173289,154.88172195033826,152.33694829440464,154.7519989013672,18027000,0.0,0.0,1.0886703901927808
712,2017-06-26 00:00:00-04:00,155.92957312148198,156.17906043847634,152.88582480865117,153.2750244140625,18049700,0.0,0.0,-0.9544138349037112
713,2017-06-27 00:00:00-04:00,152.52656968734985,152.99560708371453,150.08159691050076,150.27120971679688,19360800,0.0,0.0,-1.9597548320403613
714,2017-06-28 00:00:00-04:00,150.6105011302108,153.1552747994954,149.55267734652713,152.92575073242188,16719100,0.0,0.0,1.7665000638697137
715,2017-06-29 00:00:00-04:00,151.96771773719942,152.18726780075116,148.61460748999772,150.73025512695312,23973500,0.0,0.0,-1.4356611590616075
716,2017-06-30 00:00:00-04:00,151.58849115877035,151.6084544082827,149.7522681185734,150.67037963867188,17666000,0.0,0.0,-0.03972360308872602
717,2017-07-03 00:00:00-04:00,151.40885654682037,151.83796740128736,147.4968974402405,148.12559509277344,13862700,0.0,0.0,-1.6889746690764151
718,2017-07-05 00:00:00-04:00,148.6944441117657,150.5406563880451,147.82623310283856,150.0316925048828,14334300,0.0,0.0,1.2868116485307945
719,2017-07-06 00:00:00-04:00,148.72437710152485,149.7323003729166,147.6964905812202,148.5148162841797,14951800,0.0,0.0,-1.0110371984597522
720,2017-07-07 00:00:00-04:00,148.94392896380893,151.67831545315082,148.88405444384117,151.1294403076172,13615900,0.0,0.0,1.7605139263913383
721,2017-07-10 00:00:00-04:00,151.37892546013288,153.6642225620273,151.19928667530212,153.18521118164062,13378700,0.0,0.0,1.360271612095576
722,2017-07-11 00:00:00-04:00,153.05547115629946,155.10127015837222,152.59642303002772,154.9515838623047,13667700,0.0,0.0,1.153096090045902
723,2017-07-12 00:00:00-04:00,156.16909614350092,158.83361902747006,155.87968231038352,158.5741424560547,22739400,0.0,0.0,2.337864837166892
724,2017-07-13 00:00:00-04:00,158.4144727287242,159.45233327025755,158.09512165286938,158.9333953857422,13929200,0.0,0.0,0.22655202426022925
725,2017-07-14 00:00:00-04:00,159.8016127849727,159.99122557235768,159.0032503669027,159.64193725585938,16371200,0.0,0.0,0.4458105663680767
726,2017-07-17 00:00:00-04:00,159.92137319552373,160.45028509928102,158.4843237862595,159.40243530273438,12858800,0.0,0.0,-0.15002445926295405
727,2017-07-18 00:00:00-04:00,159.33258166569686,163.3942272141725,159.0930683626613,162.52601623535156,23722900,0.0,0.0,1.9595565944051874
728,2017-07-19 00:00:00-04:00,163.25451536585223,165.3601889080969,162.83537850503777,163.8033905029297,26273600,0.0,0.0,0.7859506417288831
729,2017-07-20 00:00:00-04:00,164.46204700913816,164.66163382281778,162.47612242840617,164.19259643554688,18523100,0.0,0.0,0.23760554126639466
730,2017-07-21 00:00:00-04:00,163.82335336122745,164.71152758910915,163.41419051206356,164.09278869628906,14744000,0.0,0.0,-0.06078699126790266
731,2017-07-24 00:00:00-04:00,164.30236481941105,165.82922596215406,163.97303973779037,165.65957641601562,17367000,0.0,0.0,0.9548181441577208
732,2017-07-25 00:00:00-04:00,164.6716047293402,165.20051662799366,163.52396915169535,164.94105529785156,15383200,0.0,0.0,-0.43373352371713914
733,2017-07-26 00:00:00-04:00,165.6695593749564,165.6695593749564,163.7634877668622,165.2703857421875,35236900,0.0,0.0,0.19966553732861936
734,2017-07-27 00:00:00-04:00,174.34174324248931,175.13013173306808,167.15651118052747,170.09048461914062,68910700,0.0,0.0,2.9164927856295986
735,2017-07-28 00:00:00-04:00,168.72328590584652,173.0743299890605,168.7033226572776,172.09634399414062,24557600,0.0,0.0,1.1792895878281806
736,2017-07-31 00:00:00-04:00,171.64726872634324,172.36579339502538,168.20434690494795,168.9029083251953,25478900,0.0,0.0,-1.8556092446996075
737,2017-08-01 00:00:00-04:00,169.47174644553093,170.1204073574683,168.7033212706613,169.51165771484375,14385000,0.0,0.0,0.3604137996702672
738,2017-08-02 00:00:00-04:00,169.95076912592413,170.20025645135047,166.56772160224284,168.95281982421875,17433800,0.0,0.0,-0.32967519647828514
739,2017-08-03 00:00:00-04:00,168.95281337256557,169.3519869870057,167.90496360028868,168.2442626953125,10793800,0.0,0.0,-0.4193816531996575
740,2017-08-04 00:00:00-04:00,168.6234948063057,169.71125589107436,168.34407021989722,169.27215576171875,10777700,0.0,0.0,0.6109528193943614
741,2017-08-07 00:00:00-04:00,169.6014834398958,171.70715710862612,169.31208483796047,171.6273193359375,12787800,0.0,0.0,1.3913473031761159
742,2017-08-08 00:00:00-04:00,171.5275213615683,172.69512015267605,170.27009556537763,170.87884521484375,14393500,0.0,0.0,-0.4361043008710652
743,2017-08-09 00:00:00-04:00,169.6314128943899,171.09839954159543,169.21227602768798,170.82894897460938,10815000,0.0,0.0,-0.02919977611719471
744,2017-08-10 00:00:00-04:00,169.71125037221125,170.24016226696315,166.5078417438081,167.05670166015625,20832700,0.0,0.0,-2.20820144190772
745,2017-08-11 00:00:00-04:00,167.60558276244683,168.4738090126674,166.50784766322818,167.73532104492188,13791200,0.0,0.0,0.406220988455841
746,2017-08-14 00:00:00-04:00,169.74119112243545,170.7291664016729,168.94282864474337,170.39984130859375,12954200,0.0,0.0,1.5885266424942701
747,2017-08-15 00:00:00-04:00,171.1383231263417,171.14829713698717,169.661347265968,170.64932250976562,8729200,0.0,0.0,0.1464092919664539
748,2017-08-16 00:00:00-04:00,170.8988037109375,171.02854198217392,168.89293126314877,169.6513671875,15779900,0.0,0.0,-0.5847988773635571
749,2017-08-17 00:00:00-04:00,168.99272795472513,169.51166584566462,166.50784398526974,166.56771850585938,17216000,0.0,0.0,-1.8176385682955098
750,2017-08-18 00:00:00-04:00,166.4978577561143,168.32410680459367,165.8691600510625,167.0666961669922,15093600,0.0,0.0,0.2995644447848056
751,2017-08-21 00:00:00-04:00,166.81720466627405,167.6554784036931,165.47995629074876,167.43592834472656,11907500,0.0,0.0,0.22100884629052686
752,2017-08-22 00:00:00-04:00,167.93490263586773,169.52163832716784,166.80721508327835,169.2921142578125,11391000,0.0,0.0,1.1085947511004335
753,2017-08-23 00:00:00-04:00,168.49375198175068,169.01268986858966,167.85506505467868,168.36402893066406,9856500,0.0,0.0,-0.5482153325435335
754,2017-08-24 00:00:00-04:00,168.53367287943854,168.94282049580374,166.06873703324018,167.39601135253906,14030400,0.0,0.0,-0.5749551042899093
755,2017-08-25 00:00:00-04:00,167.51577816693785,168.03471609160536,165.83921534397297,165.97894287109375,12614500,0.0,0.0,-0.8465365870999997
756,2017-08-28 00:00:00-04:00,166.5677238488909,167.35609710777254,165.98891141879506,166.8970489501953,8553700,0.0,0.0,0.5531461179473895
757,2017-08-29 00:00:00-04:00,164.91112220877892,168.08459368096518,164.6616348831983,167.70538330078125,11121000,0.0,0.0,0.48433112249166577
758,2017-08-30 00:00:00-04:00,167.8251371330174,169.83100980602217,167.2862511944857,169.57154846191406,11138300,0.0,0.0,1.1127640177094555
759,2017-08-31 00:00:00-04:00,170.0505523982451,171.79696365033533,169.71125329529556,171.61734008789062,17226500,0.0,0.0,1.2064474521420454
760,2017-09-01 00:00:00-04:00,172.0464466930204,172.56538457300553,170.9586856519435,171.667236328125,11677600,0.0,0.0,0.029074125148897956
761,2017-09-05 00:00:00-04:00,170.91877871802694,172.03647704712438,169.20230472548576,170.36990356445312,13210900,0.0,0.0,-0.7557253156870058
762,2017-09-06 00:00:00-04:00,170.55950304767015,172.12627538826334,169.22225476155947,171.73707580566406,13906300,0.0,0.0,0.802472862053194
763,2017-09-07 00:00:00-04:00,171.58741269114074,172.95459841999875,169.92083911350036,172.8548126220703,18049500,0.0,0.0,0.6508418820820427
764,2017-09-08 00:00:00-04:00,172.7350371183674,173.13422596662966,170.44973996861887,170.59942626953125,10998500,0.0,0.0,-1.3047865537132775
765,2017-09-11 00:00:00-04:00,172.04645049022128,173.53340040544998,171.84686367889802,173.1541748046875,12372000,0.0,0.0,1.4975129700143253
766,2017-09-12 00:00:00-04:00,173.4036634133305,173.64317672519545,171.39779081926622,172.60531616210938,11186300,0.0,0.0,-0.31697684632624457
767,2017-09-13 00:00:00-04:00,172.65520289513614,172.81487843772086,171.70715410572336,172.69512939453125,9119300,0.0,0.0,0.052033873822021626
768,2017-09-14 00:00:00-04:00,171.90674269766282,171.92670594756677,170.150357393564,170.6094207763672,15615700,0.0,0.0,-1.207740267763513
769,2017-09-15 00:00:00-04:00,170.5295888823282,171.98658639808158,169.91084993396166,171.28802490234375,15660500,0.0,0.0,0.39775302142668334
770,2017-09-18 00:00:00-04:00,171.6373123499703,171.717150124415,168.9927374642975,169.66136169433594,12954000,0.0,0.0,-0.949665459062432
771,2017-09-19 00:00:00-04:00,170.27010122142053,172.20612526034498,170.01063989061012,172.1662139892578,13168600,0.0,0.0,1.4763834675773913
772,2017-09-20 00:00:00-04:00,172.14625013725998,172.6951252846464,170.34993839467603,171.81692504882812,12264100,0.0,0.0,-0.20287891121976154
773,2017-09-21 00:00:00-04:00,171.3379066219769,171.91671900567258,169.66134398860038,170.75909423828125,11161400,0.0,0.0,-0.6156732290758082
774,2017-09-22 00:00:00-04:00,169.8609519818501,171.37782390876495,168.8729767224471,170.1902618408203,12097100,0.0,0.0,-0.33311982591520684
775,2017-09-25 00:00:00-04:00,168.8929427956027,168.95281731641663,161.22868435396876,162.53599548339844,41251600,0.0,0.0,-4.497476103880105
776,2017-09-26 00:00:00-04:00,164.1626590936144,165.16060838901632,162.4461850873233,163.87326049804688,23363300,0.0,0.0,0.8227500687901568
777,2017-09-27 00:00:00-04:00,165.55977218335298,167.99477075591534,165.23046233562656,167.33612060546875,19242500,0.0,0.0,2.1131330986504437
778,2017-09-28 00:00:00-04:00,167.595598963006,168.723286484817,166.81719976861345,168.38397216796875,12178700,0.0,0.0,0.6261956825033277
779,2017-09-29 00:00:00-04:00,168.48378241006816,171.3079807607893,168.4638191603375,170.51959228515625,15340400,0.0,0.0,1.268303680980476
780,2017-10-02 00:00:00-04:00,171.03852784651113,171.51753924101058,168.4039423355176,169.12246704101562,13392300,0.0,0.0,-0.8193341453715419
781,2017-10-03 00:00:00-04:00,168.95281527809925,170.37987543194012,168.85301425961495,169.61146545410156,8190300,0.0,0.0,0.28913864706534564
782,2017-10-04 00:00:00-04:00,169.48172761430015,170.32000135274723,167.9448771996497,168.07461547851562,12127900,0.0,0.0,-0.9061002871895041
783,2017-10-05 00:00:00-04:00,168.8330514194048,170.9586882527899,168.2542542387858,170.8888397216797,14580600,0.0,0.0,1.674389814994881
784,2017-10-06 00:00:00-04:00,169.90086522288615,172.01651282745854,169.4018905819966,171.87680053710938,13124500,0.0,0.0,0.5781306825177968
785,2017-10-09 00:00:00-04:00,172.34584230910582,174.52137971711548,171.6472808395607,172.14625549316406,14570400,0.0,0.0,0.15677215029175073
786,2017-10-10 00:00:00-04:00,172.6452255435638,172.84481235418403,170.44974017174633,171.2381134033203,11341100,0.0,0.0,-0.52754100705944
787,2017-10-11 00:00:00-04:00,171.59736901816208,172.42566871584754,171.04849388987694,172.38575744628906,11283700,0.0,0.0,0.6702036247419274
788,2017-10-12 00:00:00-04:00,172.2560262539462,173.49348884609162,171.93667517436123,172.19615173339844,10351000,0.0,0.0,-0.109989198469429
789,2017-10-13 00:00:00-04:00,173.09429895099186,174.29183503720634,172.8448116318848,173.3837127685547,13658300,0.0,0.0,0.6896559668736923
790,2017-10-16 00:00:00-04:00,174.13218737152195,174.64113605756162,173.7030612331955,174.16212463378906,11498800,0.0,0.0,0.4489532798697571
791,2017-10-17 00:00:00-04:00,174.35171749445067,175.76880358042436,174.0024291713071,175.74884033203125,15990100,0.0,0.0,0.9110566959254607
792,2017-10-18 00:00:00-04:00,176.28773001369046,176.3775570196448,175.38958177412485,175.66900634765625,12752400,0.0,0.0,-0.045425041908764285
793,2017-10-19 00:00:00-04:00,174.57126273325923,175.66901304792898,172.27599153849158,174.2020263671875,14048400,0.0,0.0,-0.8350818456646425
794,2017-10-20 00:00:00-04:00,175.14010796086222,175.51933358024365,174.27189691385573,174.6211700439453,12602200,0.0,0.0,0.24060780778423219
795,2017-10-23 00:00:00-04:00,174.8407108274006,174.98042311751416,170.89881421651907,170.9187774658203,13852700,0.0,0.0,-2.120242681453377
796,2017-10-24 00:00:00-04:00,171.9466522181452,172.88472691352484,171.14828980330103,171.4476776123047,12267900,0.0,0.0,0.3094453133390518
797,2017-10-25 00:00:00-04:00,171.54747446477867,171.89676280240084,168.54365262571855,170.25015258789062,15868200,0.0,0.0,-0.6984784169092317
798,2017-10-26 00:00:00-04:00,171.02855229120857,171.93667456211222,170.0405770231954,170.28009033203125,11833100,0.0,0.0,0.01758456229585814
799,2017-10-27 00:00:00-04:00,173.7928663785364,177.84455337133622,173.54337905084543,177.51522827148438,30285300,0.0,0.0,4.248962944138235
800,2017-10-30 00:00:00-04:00,178.8923794905644,180.31945485564768,177.24576929681174,179.50112915039062,24353200,0.0,0.0,1.1187214180121474
801,2017-10-31 00:00:00-04:00,180.19969871319347,180.4292227710479,178.57303660503698,179.69073486328125,20174200,0.0,0.0,0.10562925915176269
802,2017-11-01 00:00:00-04:00,181.98602782564652,182.52491372643027,180.1997053487459,182.2854156494141,40918300,0.0,0.0,1.4439702681983135
803,2017-11-02 00:00:00-04:00,180.2595853149409,181.56689644981512,176.97632361999163,178.55308532714844,35529900,0.0,0.0,-2.047519988896951
804,2017-11-03 00:00:00-04:00,178.9223216920372,179.49116009713393,176.34762592132935,178.55308532714844,17822100,0.0,0.0,0.0
805,2017-11-06 00:00:00-05:00,178.19382288370508,180.07994643373934,177.94433556106827,179.80052185058594,13312700,0.0,0.0,0.6986362185519956
806,2017-11-07 00:00:00-05:00,180.12984315234647,180.379330469732,178.5930079773505,179.88035583496094,12928200,0.0,0.0,0.04440141972521516
807,2017-11-08 00:00:00-05:00,179.4212965344312,179.98016092912982,178.74269832497234,179.1917724609375,10494100,0.0,0.0,-0.3828007626664909
808,2017-11-09 00:00:00-05:00,177.94433672571157,179.03209780492793,176.72683736507568,178.93231201171875,12610300,0.0,0.0,-0.14479484501740414
809,2017-11-10 00:00:00-05:00,177.98424963480653,178.73271155046595,177.59505004776352,178.09402465820312,11070200,0.0,0.0,-0.4684941160659206
810,2017-11-13 00:00:00-05:00,177.13599676029207,178.67283194757823,176.93640995028704,178.4033966064453,9523400,0.0,0.0,0.1737127053172749
811,2017-11-14 00:00:00-05:00,177.76470850423144,178.60298223721642,176.81664451484642,177.704833984375,9585900,0.0,0.0,-0.3915635214117197
812,2017-11-15 00:00:00-05:00,176.29773505206035,178.20382195679673,176.03825847659976,177.5850830078125,10253700,0.0,0.0,-0.06738757403359497
813,2017-11-16 00:00:00-05:00,178.39341046306416,179.4612235177381,178.13394912830586,179.22171020507812,15607600,0.0,0.0,0.9216017300246016
814,2017-11-17 00:00:00-05:00,178.93230713799196,179.610905332323,178.5331182935348,178.63291931152344,13018000,0.0,0.0,-0.328526545629404
815,2017-11-20 00:00:00-05:00,178.50318191333233,179.1318948292649,177.73477193552307,178.3734588623047,10052400,0.0,0.0,-0.14524783573977018
816,2017-11-21 00:00:00-05:00,178.78259620879436,181.51698254640863,178.62293590690547,181.48704528808597,14504000,0.0,0.0,1.74554356104335
817,2017-11-22 00:00:00-05:00,180.9282105886581,181.3573214771622,180.06997358415217,180.49908447265625,10376300,0.0,0.0,-0.5443698826334775
818,2017-11-24 00:00:00-05:00,180.03005754711728,182.77441827330807,179.9202825089697,182.4051818847656,9426300,0.0,0.0,1.0560150028894544
819,2017-11-27 00:00:00-05:00,182.1856104670522,183.3532092483034,181.6167873196464,182.65464782714844,12344500,0.0,0.0,0.13676472335113488
820,2017-11-28 00:00:00-05:00,183.13367480389053,183.87216278489885,181.7165885923596,182.04591369628903,14379700,0.0,0.0,-0.3332705398416458
821,2017-11-29 00:00:00-05:00,181.51699027988812,181.59682804798237,173.64317122812642,174.77085876464844,41933500,0.0,0.0,-3.9962747770201146
822,2017-11-30 00:00:00-05:00,176.48734052047132,177.91440071613036,174.84071503221327,176.816650390625,25307600,0.0,0.0,1.1705564877560581
823,2017-12-01 00:00:00-05:00,175.66900652047215,177.1160298978613,171.9865713251355,174.7409210205078,20182500,0.0,0.0,-1.173944515706793
824,2017-12-04 00:00:00-05:00,175.9284699865326,176.20790979123694,170.43974900532848,171.1183624267578,24459400,0.0,0.0,-2.0731026096199034
825,2017-12-05 00:00:00-05:00,170.10044659127112,175.02034431132543,168.66339723508895,172.47557067871094,20184900,0.0,0.0,0.7931400421939072
826,2017-12-06 00:00:00-05:00,172.1462471663858,176.4074947657399,171.54747152002557,175.69894409179688,20255800,0.0,0.0,1.8688869388294282
827,2017-12-07 00:00:00-05:00,175.43948785172162,180.02007142841092,175.43948785172162,179.7705841064453,20404500,0.0,0.0,2.317395836210112
828,2017-12-08 00:00:00-05:00,181.1577297461625,181.90619169858508,178.37345798324935,178.63291931152344,19883800,0.0,0.0,-0.6328425757621381
829,2017-12-11 00:00:00-05:00,178.93231286779144,179.8504243981967,178.4333382168648,178.67283630371094,13168600,0.0,0.0,0.022345820883051815
830,2017-12-12 00:00:00-05:00,178.2337431033305,178.81254027125814,176.23784459255413,176.59710693359375,16854100,0.0,0.0,-1.161748709573751
831,2017-12-13 00:00:00-05:00,176.9364074261668,178.79259366497925,176.886506917503,177.93435668945312,14615700,0.0,0.0,0.7572319723007759
832,2017-12-14 00:00:00-05:00,177.92436890373273,179.99013120479827,177.31561923905855,178.024169921875,13591000,0.0,0.0,0.05047548663050794
833,2017-12-15 00:00:00-05:00,178.65289146078058,180.11987817881123,177.9942412552366,179.8105010986328,28463100,0.0,0.0,1.0034205903286741
834,2017-12-18 00:00:00-05:00,180.6388010710592,180.92821490148208,179.38139040878568,180.4492034912109,17265400,0.0,0.0,0.3552086161128898
835,2017-12-19 00:00:00-05:00,179.5809610599217,179.71069933274126,177.85451315411606,179.14186096191406,14920600,0.0,0.0,-0.7244933776393903
836,2017-12-20 00:00:00-05:00,179.44125300194045,179.44125300194045,176.9962803740962,177.5251922607422,11860500,0.0,0.0,-0.9024516617674228
837,2017-12-21 00:00:00-05:00,177.5750906987575,178.31356339282527,176.68691648177276,177.08609008789062,11600700,0.0,0.0,-0.2473464003951764
838,2017-12-22 00:00:00-05:00,176.77673436648217,177.1659339755175,175.8685968695672,176.83660888671875,8509500,0.0,0.0,-0.1408813086606897
839,2017-12-26 00:00:00-05:00,176.26779156379592,176.6370279358342,174.3118042153678,175.6291046142578,8897300,0.0,0.0,-0.6828361390001869
840,2017-12-27 00:00:00-05:00,176.18795471408717,178.0740783114649,175.8985408851652,177.25575256347656,9496100,0.0,0.0,0.9261835917181438
841,2017-12-28 00:00:00-05:00,177.58508252575936,178.5730578571421,177.31563193947343,177.55514526367188,12220800,0.0,0.0,0.16890436325225355
842,2017-12-29 00:00:00-05:00,177.6349643991867,178.48322734265352,176.09812927246094,176.09812927246094,10261500,0.0,0.0,-0.8205991378325006
843,2018-01-02 00:00:00-05:00,177.31562254732793,181.2076339150313,177.18589949431956,181.04795837402344,18151900,0.0,0.0,2.8108357096196412
844,2018-01-03 00:00:00-05:00,181.50701851366264,184.40106531225297,180.95814336841343,184.29129028320312,16886600,0.0,0.0,1.7914214213227142
845,2018-01-04 00:00:00-05:00,184.5208190309292,185.82814540185285,183.7224717748661,183.95199584960935,13880900,0.0,0.0,-0.18410768792838095
846,2018-01-05 00:00:00-05:00,185.20940156541707,186.51671267413423,184.5507513919039,186.46682739257807,13574500,0.0,0.0,1.3671129423486805
847,2018-01-08 00:00:00-05:00,186.81610332450197,188.51261406548213,185.9478923183381,187.89389038085935,17994700,0.0,0.0,0.7653173533525237
848,2018-01-09 00:00:00-05:00,188.31302568004276,188.41282669882423,186.71631597202156,187.48472595214844,12393100,0.0,0.0,-0.2177635621262275
849,2018-01-10 00:00:00-05:00,186.5566399512835,187.5046887172697,185.24932883710804,187.4547882080078,10529900,0.0,0.0,-0.015968097661600567
850,2018-01-11 00:00:00-05:00,188.01363113956805,188.01363113956805,186.9957338763214,187.3849334716797,9588600,0.0,0.0,-0.03726484503058236
851,2018-01-12 00:00:00-05:00,177.69484041261563,181.10782500867683,177.03619025526248,179.0021514892578,77551300,0.0,0.0,-4.473562429547629
852,2018-01-16 00:00:00-05:00,181.12779276513223,181.37728008299055,177.6748815858744,178.024169921875,36183800,0.0,0.0,-0.5463518506600207
853,2018-01-17 00:00:00-05:00,178.89237826048043,178.9522680069755,175.43948235996058,177.2357940673828,27992400,0.0,0.0,-0.4428476508769319
854,2018-01-18 00:00:00-05:00,177.7647010289845,180.60884719504705,176.71685129306803,179.4312744140625,23304900,0.0,0.0,1.2387341723111511
855,2018-01-19 00:00:00-05:00,180.47912801158125,181.9959999082715,179.80051460306436,180.918212890625,26826500,0.0,0.0,0.8286952658716373
856,2018-01-22 00:00:00-05:00,180.4292326202718,185.0098161545452,180.0400330107093,184.98985290527344,21059500,0.0,0.0,2.2505418053791804
857,2018-01-23 00:00:00-05:00,185.66847979452277,189.1613025229376,185.1695051190349,188.9617156982422,25678800,0.0,0.0,2.1470706260859673
858,2018-01-24 00:00:00-05:00,189.5005970479255,190.2690222932244,186.13751268956915,186.16744995117188,24334500,0.0,0.0,-1.4787470238323497
859,2018-01-25 00:00:00-05:00,187.5645573824564,188.23318154870148,186.2173350394242,187.09552001953125,17377700,0.0,0.0,0.49851360621999685
860,2018-01-26 00:00:00-05:00,187.36498089840535,189.61036682128903,186.42690612088987,189.61036682128903,17759200,0.0,0.0,1.3441512664200905
861,2018-01-29 00:00:00-05:00,188.36292605624124,188.45273783658257,185.2493291844287,185.59860229492188,20453200,0.0,0.0,-2.115793874365701
862,2018-01-30 00:00:00-05:00,187.2352264374673,187.79407556025,181.4670812055373,186.7362518310547,20858600,0.0,0.0,0.6129623402686191
863,2018-01-31 00:00:00-05:00,187.983689707951,189.440702269322,184.8401557557933,186.50672912597656,43275100,0.0,0.0,-0.12291277286949898
864,2018-02-01 00:00:00-05:00,187.83400756669064,194.9194532766156,187.50468248949724,192.6940155029297,54211300,0.0,0.0,3.3174601291591443
865,2018-02-02 00:00:00-05:00,191.6461709988777,193.8117343137118,189.5903979402768,189.8897857666016,26677500,0.0,0.0,-1.4552759871701682
866,2018-02-05 00:00:00-05:00,186.5466455533397,190.2191067029769,180.23961422651303,180.8882751464844,33128200,0.0,0.0,-4.740386948027409
867,2018-02-06 00:00:00-05:00,178.20380905988773,185.38904078285412,177.37550933566766,184.9299774169922,37758500,0.0,0.0,2.2343638730784487
868,2018-02-07 00:00:00-05:00,183.77236111569545,184.7004619012344,179.58097701882136,179.8105010986328,27601900,0.0,0.0,-2.7683323114324754
869,2018-02-08 00:00:00-05:00,180.63880437169604,181.4671041503714,171.12834838916245,171.2281494140625,38478300,0.0,0.0,-4.772998035227416
870,2018-02-09 00:00:00-05:00,174.40160277418815,176.53721352734524,166.83714574786623,175.74884033203125,39887600,0.0,0.0,2.6401563840048548
871,2018-02-12 00:00:00-05:00,176.69690927679,177.18590993964207,171.48761245742187,176.04824829101562,32092100,0.0,0.0,0.1703612714705427
872,2018-02-13 00:00:00-05:00,175.25985795936225,175.6091463188462,172.74503659007237,172.794921875,21809400,0.0,0.0,-1.8479743181753938
873,2018-02-14 00:00:00-05:00,173.09429614966575,179.44125405413175,172.85479807279734,179.15185546875,28929700,0.0,0.0,3.6788891275107094
874,2018-02-15 00:00:00-05:00,180.12984354823982,180.12984354823982,176.47734555908886,179.59095764160156,20922100,0.0,0.0,0.24510054428554806
875,2018-02-16 00:00:00-05:00,178.62295437966776,179.5111286659196,175.93846827080034,176.9962921142578,20645300,0.0,0.0,-1.4447640134097162
876,2018-02-20 00:00:00-05:00,175.40954976919647,177.5850718973418,174.7508995876947,175.6490478515625,21204900,0.0,0.0,-0.7611708960691743
877,2018-02-21 00:00:00-05:00,176.34761472908093,180.89826077104803,176.0382376773929,177.54515075683594,23200800,0.0,0.0,1.0794837367269938
878,2018-02-22 00:00:00-05:00,178.3335414903596,179.8404547180466,177.0461935600657,178.62295532226562,18464200,0.0,0.0,0.6070594216937231
879,2018-02-23 00:00:00-05:00,179.53106098448927,183.01390929069865,179.14186139259172,182.9141082763672,19007300,0.0,0.0,2.402352455964918
880,2018-02-26 00:00:00-05:00,184.2014776252899,185.2792646615062,182.84426601236908,184.55075073242188,17599700,0.0,0.0,0.8947600988666649
881,2018-02-27 00:00:00-05:00,184.07173384122171,184.3212211506372,181.0878753662109,181.0878753662109,15849800,0.0,0.0,-1.8763810780871637
882,2018-02-28 00:00:00-05:00,181.92616448300208,182.50497691717928,177.77469164804043,177.95433044433594,18783000,0.0,0.0,-1.730400180320224
883,2018-03-01 00:00:00-05:00,178.64288938804663,179.7506136623364,174.05233198411838,175.57919311523438,23201600,0.0,0.0,-1.3346892560417323
884,2018-03-02 00:00:00-05:00,172.93462430622438,176.746797871088,172.63525170374615,176.25779724121094,20025900,0.0,0.0,0.386494614729882
885,2018-03-05 00:00:00-05:00,175.83866061271576,180.77850651788688,175.5292987713966,180.03004455566406,16189300,0.0,0.0,2.140187483048339
886,2018-03-06 00:00:00-05:00,181.4072298573113,182.0060055524768,178.7427069460722,179.4113311767578,15086800,0.0,0.0,-0.3436722911630219
887,2018-03-07 00:00:00-05:00,178.37345811856474,183.4430422407859,177.70483393452636,183.3332672119141,19097300,0.0,0.0,2.1860024165877956
888,2018-03-08 00:00:00-05:00,183.18356376878788,184.0218374927697,181.07789022063292,181.966064453125,17225900,0.0,0.0,-0.7457472283024069
889,2018-03-09 00:00:00-05:00,183.5328582830591,185.1295680166901,182.83429682287695,184.8501434326172,18526300,0.0,0.0,1.5849543090135532
890,2018-03-12 00:00:00-04:00,184.8501408954877,185.71836712390245,183.8422176044517,184.381103515625,15301200,0.0,0.0,-0.25374062918331886
891,2018-03-13 00:00:00-04:00,185.2293655756997,185.6085911730682,180.73859383737903,181.50701904296875,18067500,0.0,0.0,-1.558773875335162
892,2018-03-14 00:00:00-04:00,182.22555062406323,183.87216089932664,181.4770886393984,183.81228637695312,16821700,0.0,0.0,1.2700706265462047
893,2018-03-15 00:00:00-04:00,182.8642322494468,183.6226682232524,181.81638245593413,183.4829559326172,15614300,0.0,0.0,-0.17916671993326583
894,2018-03-16 00:00:00-04:00,184.1116583016957,184.9499319974604,183.0338713096426,184.71041870117188,24403400,0.0,0.0,0.6689791770116527
895,2018-03-19 00:00:00-04:00,176.6470023779335,176.806677922582,169.71125769942972,172.2061309814453,88140100,0.0,0.0,-6.769671038403224
896,2018-03-20 00:00:00-04:00,167.12657753782884,169.85097497803196,161.6178929057985,167.80517578125,129851800,0.0,0.0,-2.555632122453
897,2018-03-21 00:00:00-04:00,164.46204937712508,173.04440430890284,162.96512541172802,169.04263305664062,106598800,0.0,0.0,0.7374368934863984
898,2018-03-22 00:00:00-04:00,165.78932727669772,169.92083689905593,163.38426573373724,164.55186462402344,73743000,0.0,0.0,-2.6565892588247153
899,2018-03-23 00:00:00-04:00,165.1007372764782,166.25836213764504,158.6939044950177,159.06314086914062,53609700,0.0,0.0,-3.3355585288709633
900,2018-03-26 00:00:00-04:00,160.4902016447423,160.76962620949217,148.71439774636758,159.73175048828125,126116600,0.0,0.0,0.42034227130638424
901,2018-03-27 00:00:00-04:00,155.9894457150937,162.51604237447836,150.44085029004933,151.9078369140625,79117000,0.0,0.0,-4.898158037022671
902,2018-03-28 00:00:00-04:00,151.33899643807348,155.5603326949671,150.49074871898503,152.71617126464844,60029200,0.0,0.0,0.5321215593657724
903,2018-03-29 00:00:00-04:00,154.83182668168027,161.08897301102385,153.82390337788556,159.46231079101562,59434300,0.0,0.0,4.417436261335106
904,2018-04-02 00:00:00-04:00,157.48637021977964,158.8735190815123,153.79396100478948,155.0713348388672,36796000,0.0,0.0,-2.753613647241737
905,2018-04-03 00:00:00-04:00,156.22895605759763,157.0672297618624,150.5007219567946,155.78985595703125,42543900,0.0,0.0,0.4633487671404035
906,2018-04-04 00:00:00-04:00,151.71822510160672,155.24098477868364,150.20133795948806,154.7819366455078,49885600,0.0,0.0,-0.6469736462182962
907,2018-04-05 00:00:00-04:00,161.22867791676472,161.23866715483334,156.32874345915704,159.0132293701172,41449600,0.0,0.0,2.7337122252838686
908,2018-04-06 00:00:00-04:00,157.40653641441796,161.0889717114164,156.48842489977974,156.87762451171875,41644800,0.0,0.0,-1.3430359642766732
909,2018-04-09 00:00:00-04:00,157.4963650738582,160.20079913638614,155.72000131914717,157.6061248779297,34915200,0.0,0.0,0.464374934588907
910,2018-04-10 00:00:00-04:00,157.60613288638575,165.63962816625803,156.68802131547156,164.70155334472656,57889300,0.0,0.0,4.502000459875832
911,2018-04-11 00:00:00-04:00,165.02090479689974,168.3041514517705,162.91523106348765,165.97894287109375,56144600,0.0,0.0,0.7755783114525627
912,2018-04-12 00:00:00-04:00,166.63757381154207,167.10661121189165,162.76554079019618,163.53395080566406,38263000,0.0,0.0,-1.4730736460519367
913,2018-04-13 00:00:00-04:00,164.24250697129796,165.36020537812698,163.4341704286806,164.18263244628906,19990600,0.0,0.0,0.39666481328752834
914,2018-04-16 00:00:00-04:00,165.3801480850843,165.44002260265543,163.05492454525847,164.49197387695312,18119400,0.0,0.0,0.18841300450294085
915,2018-04-17 00:00:00-04:00,165.4899193397316,168.65341650847864,165.3202698013126,168.31411743164062,22743000,0.0,0.0,2.323604893662856
916,2018-04-18 00:00:00-04:00,166.53778249933848,167.77522987416725,165.430058177598,166.0188446044922,20969600,0.0,0.0,-1.3636840819847729
917,2018-04-19 00:00:00-04:00,165.8591667783718,167.9848036110076,164.86121750145318,167.75527954101562,22235000,0.0,0.0,1.0459264071257524
918,2018-04-20 00:00:00-04:00,167.4458932041532,168.08458009692308,165.46995800894285,165.93899536132812,19119400,0.0,0.0,-1.0826986695482321
919,2018-04-23 00:00:00-04:00,166.92698386620168,168.10455673235364,164.75144647140698,165.49990844726562,23088100,0.0,0.0,-0.2646074318495173
920,2018-04-24 00:00:00-04:00,165.09075307230003,165.75939253461328,157.86560954967655,159.36253356933594,35079900,0.0,0.0,-3.7083856634792522
921,2018-04-25 00:00:00-04:00,159.81160772973402,160.7297193011586,155.8697108567974,159.36253356933594,41083600,0.0,0.0,0.0
922,2018-04-26 00:00:00-04:00,172.86478165232535,175.9085301101566,170.44974613607022,173.8028564453125,77556900,0.0,0.0,9.061303527590958
923,2018-04-27 00:00:00-04:00,176.4474066318869,176.73682044535408,172.24604876497804,173.2340087890625,29804700,0.0,0.0,-0.32729476827039194
924,2018-04-30 00:00:00-04:00,173.43360036053306,175.3596504079936,171.35787923811114,171.64727783203125,20750500,0.0,0.0,-0.9159465673759914
925,2018-05-01 00:00:00-04:00,171.64727746114673,173.663139285727,169.88090295845768,173.5034637451172,26025900,0.0,0.0,1.0813954852825214
926,2018-05-02 00:00:00-04:00,173.89266358371023,177.7148111873406,173.84276307376774,175.7089385986328,30424500,0.0,0.0,1.2711416855375024
927,2018-05-03 00:00:00-04:00,174.7708559838663,175.75881598988104,171.76701901366755,173.6631317138672,24026100,0.0,0.0,-1.16431577191346
928,2018-05-04 00:00:00-04:00,172.72507330584028,176.61706963433656,172.70511005537406,176.24783325195312,17677800,0.0,0.0,1.4883421210810432
929,2018-05-07 00:00:00-04:00,176.98630259335198,179.13188735366455,176.8066638130834,177.6050262451172,18697200,0.0,0.0,0.7700480443489477
930,2018-05-08 00:00:00-04:00,177.88446112944547,178.67283436927502,176.74679954674977,178.55308532714844,15577200,0.0,0.0,0.5338019436019747
931,2018-05-09 00:00:00-04:00,179.30154187744336,182.63468875422845,178.413367644348,182.2854156494141,23282800,0.0,0.0,2.0903197026403753
932,2018-05-10 00:00:00-04:00,182.77441187826668,185.74831181584867,182.125750911226,185.1495361328125,21071400,0.0,0.0,1.5712285446395358
933,2018-05-11 00:00:00-04:00,184.4709260664497,187.93381120304176,183.8022866647182,186.6065368652344,21207800,0.0,0.0,0.7869318837378847
934,2018-05-14 00:00:00-04:00,187.32507628071724,187.47476258989417,185.8181630400102,186.25726318359372,15646700,0.0,0.0,-0.18717119320044162
935,2018-05-15 00:00:00-04:00,184.5008657558949,184.91001338335423,182.82430306540024,183.9420166015625,15429400,0.0,0.0,-1.2430369385107332
936,2018-05-16 00:00:00-04:00,183.32326965663484,183.94200853106764,182.2854091623392,182.8242950439453,16975500,0.0,0.0,-0.6076488549314418
937,2018-05-17 00:00:00-04:00,182.3053763481357,183.68255129673503,181.84632818360143,183.38316345214844,14840700,0.0,0.0,0.3056860731057709
938,2018-05-18 00:00:00-04:00,183.1137105579272,183.81227197672132,182.23551035858776,182.30535888671875,13130500,0.0,0.0,-0.5877336529375166
939,2018-05-21 00:00:00-04:00,183.39313913546096,184.9200002797458,182.75445222038428,184.11166381835935,13532900,0.0,0.0,0.9908128552397644
940,2018-05-22 00:00:00-04:00,184.55075277440736,185.0397534027996,183.0538288565714,183.42308044433597,12731400,0.0,0.0,-0.37400312383397694
941,2018-05-23 00:00:00-04:00,182.125752673064,186.52671287170855,181.80640157835583,186.5167236328125,16628100,0.0,0.0,1.686616090506332
942,2018-05-24 00:00:00-04:00,185.4988207716818,186.41693230045573,184.6505577756146,185.5487060546875,12354700,0.0,0.0,-0.518997738792959
943,2018-05-25 00:00:00-04:00,185.6385217384867,185.9478835662372,184.07173412375425,184.540771484375,10965100,0.0,0.0,-0.5432183235033916
944,2018-05-29 00:00:00-04:00,183.96196224651823,186.426898127709,183.3332645697652,185.35910034179688,16398900,0.0,0.0,0.443440682966445
945,2018-05-30 00:00:00-04:00,186.15745342333565,187.6144660834444,184.87010554233012,187.2851409912109,13736900,0.0,0.0,1.0390861014444308
946,2018-05-31 00:00:00-04:00,187.48473326686957,192.32479354415395,187.0955336424331,191.38671875,30782600,0.0,0.0,2.190017711539416
947,2018-06-01 00:00:00-04:00,192.67408205862156,194.15104278497304,191.6761327410195,193.5921936035156,17307200,0.0,0.0,1.1523656750688671
948,2018-06-04 00:00:00-04:00,191.4465870686441,193.58219792820424,191.0773507062077,192.88363647460935,18939800,0.0,0.0,-0.36600501069655733
949,2018-06-05 00:00:00-04:00,193.90153834348945,194.60009975866217,192.224975719578,192.54432678222656,15544300,0.0,0.0,-0.17591419292193322
950,2018-06-06 00:00:00-04:00,190.63825472865292,192.13517868782316,188.7221938882149,190.94761657714844,22558900,0.0,0.0,-0.8292688918765445
951,2018-06-07 00:00:00-04:00,190.358834991653,190.5783850627921,186.387000915815,187.79409790039065,21503200,0.0,0.0,-1.651509839864207
952,2018-06-08 00:00:00-04:00,187.14543152378752,189.09142961862216,186.0476811997793,188.71221923828125,12677100,0.0,0.0,0.4888978664162158
953,2018-06-11 00:00:00-04:00,188.42280422253165,192.2050405833998,188.41283021146657,191.14720153808597,12928900,0.0,0.0,1.290315120893215
954,2018-06-12 00:00:00-04:00,191.77590806209312,192.88363235323092,191.16715840250396,192.00543212890625,11562700,0.0,0.0,0.4489893568487835
955,2018-06-13 00:00:00-04:00,192.3447517289001,194.1011369982447,191.51645199050247,192.0154266357422,15853800,0.0,0.0,0.00520532503955895
956,2018-06-14 00:00:00-04:00,192.70401915024652,196.8754399849504,192.51440634366944,196.40640258789065,19120900,0.0,0.0,2.286782905458029
957,2018-06-15 00:00:00-04:00,195.38848976657775,196.66587889961752,194.2408541448405,195.4483795166016,21860900,0.0,0.0,-0.4877758864609061
958,2018-06-18 00:00:00-04:00,194.40052380333145,199.17072016840905,193.73189960954412,197.9033203125,16826000,0.0,0.0,1.2560558455230852
959,2018-06-19 00:00:00-04:00,195.83757012700224,197.5540440887282,193.392582234749,197.0850067138672,19994000,0.0,0.0,-0.41349159647279254
960,2018-06-20 00:00:00-04:00,198.6917075759058,203.13257882276108,198.40229375754475,201.58575439453125,28230900,0.0,0.0,2.28365808018991
961,2018-06-21 00:00:00-04:00,202.34420267857664,202.97291563552048,199.67967976831247,201.0867919921875,19045700,0.0,0.0,-0.24751868198346072
962,2018-06-22 00:00:00-04:00,200.74748153355367,201.8252685870876,198.9012692679868,201.3262939453125,17420200,0.0,0.0,0.11910377143731221
963,2018-06-25 00:00:00-04:00,199.5898506014224,199.5898506014224,192.71398085730328,195.9473419189453,25275100,0.0,0.0,-2.671758328710061
964,2018-06-26 00:00:00-04:00,197.1947808068634,198.69170470399803,195.82757995944897,198.59190368652344,17897600,0.0,0.0,1.3496288041876303
965,2018-06-27 00:00:00-04:00,198.7715319788333,200.33831967101352,195.39847373832367,195.4383850097656,18734400,0.0,0.0,-1.587939195011523
966,2018-06-28 00:00:00-04:00,194.77972593297963,196.93529995238632,192.86366521378383,195.82757568359372,18172400,0.0,0.0,0.19913727480334042
967,2018-06-29 00:00:00-04:00,196.9153565887722,197.194781165212,193.56224644399745,193.9215087890625,15811600,0.0,0.0,-0.9733393715760097
968,2018-07-02 00:00:00-04:00,192.97345325927463,197.045088272585,191.82581764343263,196.9552764892578,13961600,0.0,0.0,1.5644307426956328
969,2018-07-03 00:00:00-04:00,194.15103759189597,194.99928535267017,192.12520174955,192.3347625732422,13489500,0.0,0.0,-2.3459711252100557
970,2018-07-05 00:00:00-04:00,194.3406465171316,198.2426165938575,193.63209583462023,198.04302978515625,19684200,0.0,0.0,2.9678811752713363
971,2018-07-06 00:00:00-04:00,198.0430210756712,203.22238000080276,197.29455915533416,202.81321716308597,19740100,0.0,0.0,2.408662088791802
972,2018-07-09 00:00:00-04:00,204.5097422287483,205.37796847227725,201.70550713915551,204.3201446533203,18149400,0.0,0.0,0.7430124679806305
973,2018-07-10 00:00:00-04:00,204.08062711720956,204.4897899753202,201.8452152551513,203.12258911132807,13190100,0.0,0.0,-0.5861172152281879
974,2018-07-11 00:00:00-04:00,201.80529794831816,204.08062101329844,201.33626058402425,202.1246337890625,12927400,0.0,0.0,-0.4913069130477732
975,2018-07-12 00:00:00-04:00,203.01280297749088,206.65532677527983,202.7733049097436,206.4956512451172,15454700,0.0,0.0,2.162535745453109
976,2018-07-13 00:00:00-04:00,207.38383708533468,208.0025607650761,206.02662545775848,206.8948516845703,11486800,0.0,0.0,0.19332147531729849
977,2018-07-16 00:00:00-04:00,207.0744737602648,208.29197308924785,206.4158235867171,206.80502319335935,11078200,0.0,0.0,-0.043417460840411426
978,2018-07-17 00:00:00-04:00,204.47979860900443,210.0284093216836,204.41992408941573,209.5593719482422,15349900,0.0,0.0,1.3318577626171058
979,2018-07-18 00:00:00-04:00,209.38972743621653,210.5573262787701,208.0125525425647,208.9306640625,15334900,0.0,0.0,-0.3000142059489841
980,2018-07-19 00:00:00-04:00,208.34186718596297,209.55936647747384,207.3339287075418,207.6632537841797,11350400,0.0,0.0,-0.6066176470588269
981,2018-07-20 00:00:00-04:00,208.42171463999105,211.06627415902224,208.0724262986106,209.5094757080078,16163900,0.0,0.0,0.8890460349556539
982,2018-07-23 00:00:00-04:00,210.14816818550128,211.1860287710538,208.3718196263357,210.4774932861328,16732000,0.0,0.0,0.4620399983598533
983,2018-07-24 00:00:00-04:00,214.6688822486759,215.7566433701776,212.1640348975349,214.2297821044922,28468700,0.0,0.0,1.7827506208743849
984,2018-07-25 00:00:00-04:00,215.27762182086235,218.1716686676888,213.83059839744917,217.0539703369141,58954200,0.0,0.0,1.3182986066075486
985,2018-07-26 00:00:00-04:00,174.5313434551349,179.76060299899615,173.39368192098345,175.89852905273438,169803700,0.0,0.0,-18.96092534971725
986,2018-07-27 00:00:00-04:00,179.50112449222544,179.56099901008125,172.6452181027922,174.53134155273438,60073700,0.0,0.0,-0.7772592001551781
987,2018-07-30 00:00:00-04:00,174.94050834281302,174.94050834281302,166.21842632755107,170.70919799804688,65280800,0.0,0.0,-2.189946814528232
988,2018-07-31 00:00:00-04:00,170.32000268809227,173.88268894567076,169.6513784942675,172.22608947753906,40356500,0.0,0.0,0.8885821603529243
989,2018-08-01 00:00:00-04:00,173.57331204602235,174.72096286169364,170.54952692692373,171.29798889160156,34042100,0.0,0.0,-0.5388850137357015
990,2018-08-02 00:00:00-04:00,170.3299672274749,176.42743763045263,169.92081961616788,176.00830078125,32400000,0.0,0.0,2.749776526932357
991,2018-08-03 00:00:00-04:00,177.32560875225775,178.4832335635142,175.7887583444696,177.41542053222656,24763400,0.0,0.0,0.7994621530523105
992,2018-08-06 00:00:00-04:00,178.60298372675817,185.40898989298964,178.01419730659617,185.3092041015625,49716200,0.0,0.0,4.449322130880984
993,2018-08-07 00:00:00-04:00,186.11754576474584,187.91385756293468,183.34324790934787,183.4330596923828,33398600,0.0,0.0,-1.0124399477488555
994,2018-08-08 00:00:00-04:00,184.37113629531947,186.4668359517865,183.38316098969963,184.8002471923828,22205200,0.0,0.0,0.745333203454579
995,2018-08-09 00:00:00-04:00,185.4688729727503,186.18739764618203,182.10577366786936,182.7145233154297,19732100,0.0,0.0,-1.1286369518661021
996,2018-08-10 00:00:00-04:00,181.666668206845,181.72655795077893,179.05204613910232,179.89031982421875,21500400,0.0,0.0,-1.5456918475688752
997,2018-08-13 00:00:00-04:00,179.73067138351308,182.2355185939194,178.5331200657515,179.68077087402344,17423300,0.0,0.0,-0.11648706300598777
998,2018-08-14 00:00:00-04:00,180.33941282307632,181.61678662472835,178.25368735057702,180.73858642578125,19102000,0.0,0.0,0.5887193975249838
999,2018-08-15 00:00:00-04:00,178.97222191540172,180.49908311006072,174.42157559190838,179.16183471679688,33020200,0.0,0.0,-0.872393516053005
1000,2018-08-16 00:00:00-04:00,180.05000692881725,180.12984469836553,173.6531484015501,174.34173583984375,31351800,0.0,0.0,-2.6903603016637523
1001,2018-08-17 00:00:00-04:00,174.14214970873536,175.85862369197255,171.68718777492015,173.44358825683594,24893200,0.0,0.0,-0.5151649882807696
1002,2018-08-20 00:00:00-04:00,173.68309072616336,174.21201786828107,170.55951974930483,172.14625549316406,21518000,0.0,0.0,-0.7479854266799313
1003,2018-08-21 00:00:00-04:00,172.4556192766226,173.81283095874903,171.03853307179176,172.26600646972656,19578500,0.0,0.0,0.06956350936559996
1004,2018-08-22 00:00:00-04:00,171.85686006167708,173.88269597444523,171.77702228832928,173.28392028808594,16894100,0.0,0.0,0.5908965089628682
1005,2018-08-23 00:00:00-04:00,172.73503821573104,175.19000015877307,172.4755768833354,172.54542541503906,18053600,0.0,0.0,-0.42617622674920863
1006,2018-08-24 00:00:00-04:00,173.34379080768508,174.46150438124127,172.5653915698948,174.29183959960938,14631600,0.0,0.0,1.0121474854343449
1007,2018-08-27 00:00:00-04:00,175.62909794597846,178.30359468703102,175.42949590948413,177.09608459472656,17921900,0.0,0.0,1.6089364835205178
1008,2018-08-28 00:00:00-04:00,177.73476724280977,177.87447952849513,175.46941818509254,175.89852905273438,15910700,0.0,0.0,-0.6762179664969503
1009,2018-08-29 00:00:00-04:00,175.93846498032798,176.42745039268777,174.39164051679674,175.53927612304688,18494100,0.0,0.0,-0.20423873446934193
1010,2018-08-30 00:00:00-04:00,175.53927381509806,179.42129593956673,175.33968700283057,177.2757110595703,24216500,0.0,0.0,0.9892002376187703
1011,2018-08-31 00:00:00-04:00,176.78671510661383,177.25575250298405,174.62116691980796,175.36962890625,18065200,0.0,0.0,-1.0752077325921983
1012,2018-09-04 00:00:00-04:00,173.14420344326567,173.53340306092585,168.4538447816566,170.8090057373047,29809000,0.0,0.0,-2.600577532945203
1013,2018-09-05 00:00:00-04:00,169.14243389847903,170.77907015646974,166.32820953733147,166.837158203125,31226700,0.0,0.0,-2.325315059961286
1014,2018-09-06 00:00:00-04:00,166.6375724588219,166.6375724588219,159.6718904994815,162.1967010498047,41514800,0.0,0.0,-2.781429031337568
1015,2018-09-07 00:00:00-04:00,159.98124544977046,164.29239361648436,159.83155914988347,162.7056427001953,24300600,0.0,0.0,0.313780519022
1016,2018-09-10 00:00:00-04:00,163.17468329659835,164.6716072349981,161.8274608885372,163.8433074951172,20197700,0.0,0.0,0.6992165582223597
1017,2018-09-11 00:00:00-04:00,163.6038024283812,166.84713748983012,163.38425237525257,165.59970092773438,20457100,0.0,0.0,1.071995835209516
1018,2018-09-12 00:00:00-04:00,162.9152068856322,164.1526693754217,161.46818359125905,161.6677703857422,24078100,0.0,0.0,-2.37435848009655
1019,2018-09-13 00:00:00-04:00,161.66778544909548,162.98508582491667,160.53012386429435,161.0290985107422,25453800,0.0,0.0,-0.3950520709700589
1020,2018-09-14 00:00:00-04:00,161.38836117294235,162.5060595103169,160.01118627332175,161.9871368408203,21770400,0.0,0.0,0.5949473349465606
1021,2018-09-17 00:00:00-04:00,161.58795032407258,161.7276626182656,159.442365400216,160.25070190429688,21005300,0.0,0.0,-1.071958533491324
1022,2018-09-18 00:00:00-04:00,159.06313022877896,161.42826507670122,158.54419235547005,159.9712677001953,22465200,0.0,0.0,-0.17437315455157698
1023,2018-09-19 00:00:00-04:00,159.75171671458523,163.10482678158917,159.15294107753215,162.72560119628906,19629000,0.0,0.0,1.7217676247060165
1024,2018-09-20 00:00:00-04:00,164.16266294262277,166.1086610687834,164.1327256812586,165.67955017089844,18936000,0.0,0.0,1.815294552850455
1025,2018-09-21 00:00:00-04:00,166.29826954817997,166.9070192259065,162.4761219293393,162.5958709716797,45994800,0.0,0.0,-1.8612310306479807
1026,2018-09-24 00:00:00-04:00,160.69977788405828,165.36019938413568,160.55009157696193,165.07080078125,19222800,0.0,0.0,1.5221357066326657
1027,2018-09-25 00:00:00-04:00,161.6578129842897,165.25042133657797,160.819523997341,164.5718231201172,27622800,0.0,0.0,-0.30228099625811966
1028,2018-09-26 00:00:00-04:00,163.96307589787872,168.95282248498702,163.87326411391032,166.60763549804688,25252200,0.0,0.0,1.237035805603126
1029,2018-09-27 00:00:00-04:00,167.20641123546775,171.4177585745967,166.8671121220304,168.49375915527344,27266900,0.0,0.0,1.1320751606541224
1030,2018-09-28 00:00:00-04:00,167.98480045554888,168.44384858690998,162.22662897219186,164.12274169921875,34265600,0.0,0.0,-2.5941717236106276
1031,2018-10-01 00:00:00-04:00,162.69567425373862,165.53983586884394,160.92929971717325,162.1068878173828,26407700,0.0,0.0,-1.2282599358048207
1032,2018-10-02 00:00:00-04:00,161.24865132823595,161.94721279969795,158.34461518169604,159.00326538085938,36031000,0.0,0.0,-1.914553094141036
1033,2018-10-03 00:00:00-04:00,159.67188388326852,163.3243818816977,159.20284650616162,162.09689331054688,23109500,0.0,0.0,1.945637985658566
1034,2018-10-04 00:00:00-04:00,161.12889439637618,161.12889439637618,157.02732232417893,158.5242462158203,25739600,0.0,0.0,-2.2040194736379415
1035,2018-10-05 00:00:00-04:00,158.88351960925968,160.57004118670878,155.8796823788509,157.0073699951172,25744000,0.0,0.0,-0.9568733218500824
1036,2018-10-08 00:00:00-04:00,155.22102082141976,158.01528178809866,154.07338526621993,156.92752075195312,24046000,0.0,0.0,-0.050857003188164995
1037,2018-10-09 00:00:00-04:00,157.3666263098439,160.26067316597516,157.09717573727374,157.57618713378906,18844400,0.0,0.0,0.41335412598613175
1038,2018-10-10 00:00:00-04:00,156.49841126491216,157.3666222538747,150.99970106148973,151.06956481933594,30610000,0.0,0.0,-4.129191366287288
1039,2018-10-11 00:00:00-04:00,149.8221396195932,154.49253523196185,148.8541275394444,153.03553771972656,35338900,0.0,0.0,1.3013692749705985
1040,2018-10-12 00:00:00-04:00,156.40858700691192,156.56826254694042,150.9897297043618,153.4247283935547,25293500,0.0,0.0,0.25431391925507807
1041,2018-10-15 00:00:00-04:00,153.0055981166338,155.25098410226337,152.2371728711855,153.20518493652344,15433500,0.0,0.0,-0.14309522286921617
1042,2018-10-16 00:00:00-04:00,155.08131791215823,159.13300493396977,154.6921182872734,158.4543914794922,19180100,0.0,0.0,3.42625906893661
1043,2018-10-17 00:00:00-04:00,159.23279090884623,160.16089169384796,157.62609189609975,159.09307861328125,17592000,0.0,0.0,0.40307316687511197
1044,2018-10-18 00:00:00-04:00,158.1849446625774,158.33464620032356,152.96567386946282,154.60231018066406,21675100,0.0,0.0,-2.822730235507742
1045,2018-10-19 00:00:00-04:00,155.5403707899896,157.02732065511404,153.23511045776436,153.7340850830078,19761300,0.0,0.0,-0.5615861086691876
1046,2018-10-22 00:00:00-04:00,154.44262220029307,157.0173331218035,154.14324960389428,154.46258544921875,15424700,0.0,0.0,0.47387042750968167
1047,2018-10-23 00:00:00-04:00,150.90989726096598,154.4526203894693,150.54066088567765,154.07339477539062,19095000,0.0,0.0,-0.25196436580176007
1048,2018-10-24 00:00:00-04:00,153.9636167449189,154.33285311302157,145.30142413241794,145.74050903320312,27744600,0.0,0.0,-5.408387187376018
1049,2018-10-25 00:00:00-04:00,147.42704397075408,151.8978677423122,146.69854525461758,150.64044189453125,22105700,0.0,0.0,3.362093966758284
1050,2018-10-26 00:00:00-04:00,145.5209582140401,148.6944293294572,143.50509658627738,145.07186889648438,31303300,0.0,0.0,-3.696598953118868
1051,2018-10-29 00:00:00-04:00,148.19547326517045,148.52479836639284,138.74489203470688,141.79861450195312,31336800,0.0,0.0,-2.2562984949665688
1052,2018-10-30 00:00:00-04:00,139.65301564336028,146.33927234122694,139.45342884577403,145.92013549804688,50528300,0.0,0.0,2.906601739777215
1053,2018-10-31 00:00:00-04:00,154.68213786712096,156.07926076330887,148.65453093678497,151.4787139892578,60101300,0.0,0.0,3.8093293103372616
1054,2018-11-01 00:00:00-04:00,151.20928817149405,152.43676159527195,149.04373993226855,151.43881225585938,25640800,0.0,0.0,-0.026341478843860955
1055,2018-11-02 00:00:00-04:00,151.4887104865719,153.81393423967998,148.65453805992877,150.04168701171875,24708700,0.0,0.0,-0.9225674867154643
1056,2018-11-05 00:00:00-05:00,149.7921929296873,149.88200471023433,147.13764419187063,148.37509155273438,15971200,0.0,0.0,-1.1107549456266796
1057,2018-11-06 00:00:00-05:00,149.00379444768953,150.6603937946575,147.6964834160148,149.63250732421875,16667100,0.0,0.0,0.8474574528147594
1058,2018-11-07 00:00:00-05:00,151.2591800387327,152.6962142142543,149.5227428055016,151.21925354003906,21877400,0.0,0.0,1.0604288093510439
1059,2018-11-08 00:00:00-05:00,150.18139470661606,150.63046884332877,146.43908485484727,147.56675720214844,24145800,0.0,0.0,-2.4153646128953654
1060,2018-11-09 00:00:00-05:00,146.44905750455865,147.45698080003328,143.7745607312211,144.66273498535156,17326900,0.0,0.0,-1.9679379501568395
1061,2018-11-12 00:00:00-05:00,144.18371942620854,144.74256863201768,140.20191122106905,141.25973510742188,18542100,0.0,0.0,-2.3523679946147014
1062,2018-11-13 00:00:00-05:00,141.7087937034527,144.58289242037813,141.32956811510917,141.86846923828125,15141700,0.0,0.0,0.4309325161883315
1063,2018-11-14 00:00:00-05:00,143.40530224560365,145.28145168310186,141.25971747803686,143.9242401123047,22068400,0.0,0.0,1.4490682003275746
1064,2018-11-15 00:00:00-05:00,142.0381207872963,144.54296796182663,140.54119688903174,143.5550079345703,30320300,0.0,0.0,-0.25654620614724566
1065,2018-11-16 00:00:00-05:00,140.78071643116198,141.47927790246518,137.48748066359192,139.24386596679688,37250600,0.0,0.0,-3.003128925838916
1066,2018-11-19 00:00:00-05:00,137.32779771557887,137.46751000230708,130.940928568721,131.2802276611328,44362700,0.0,0.0,-5.719202243036703
1067,2018-11-20 00:00:00-05:00,126.76949669006817,133.88487997809176,126.5898655138856,132.15841674804688,41939500,0.0,0.0,0.6689423857344945
1068,2018-11-21 00:00:00-05:00,134.12438121466684,136.9086683178307,133.85494586468172,134.5435333251953,25469700,0.0,0.0,1.8047405801596028
1069,2018-11-23 00:00:00-05:00,133.37591491241844,134.2241778897093,130.99081674712127,131.45985412597656,11886100,0.0,0.0,-2.291956456774047
1070,2018-11-26 00:00:00-05:00,132.72725312716776,136.71905021369912,132.50770306920873,136.10032653808594,24263600,0.0,0.0,3.529954025099147
1071,2018-11-27 00:00:00-05:00,135.4716064453125,136.32984338253735,133.43579673916102,134.72314453125,20750300,0.0,0.0,-1.0118873641721593
1072,2018-11-28 00:00:00-05:00,136.00052657347197,136.5094752240483,131.57961857509002,136.4795379638672,29847500,0.0,0.0,1.3037057876939429
1073,2018-11-29 00:00:00-05:00,135.64126482390424,139.7029257180825,135.38180349202094,138.39559936523438,24238700,0.0,0.0,1.403918440780827
1074,2018-11-30 00:00:00-05:00,137.97646826741655,140.68091763973223,137.07831996542885,140.3216552734375,25732600,0.0,0.0,1.3917031444909966
1075,2018-12-03 00:00:00-05:00,142.70674594445407,143.3853441404457,140.471334092516,140.8006591796875,24819200,0.0,0.0,0.3413613567460949
1076,2018-12-04 00:00:00-05:00,140.44140160595092,143.095950415196,136.87873050090977,137.6471405029297,30307400,0.0,0.0,-2.2397044837221602
1077,2018-12-06 00:00:00-05:00,133.545590373485,139.41352224280317,133.39588883331183,139.3436737060547,28218100,0.0,0.0,1.2325233905523092
1078,2018-12-07 00:00:00-05:00,138.96443254170546,140.5811054478476,136.37974764849133,137.13818359375,21195500,0.0,0.0,-1.5827701779681513
1079,2018-12-10 00:00:00-05:00,139.31372665154146,142.75664864854815,138.72492499891027,141.55911254882812,26422200,0.0,0.0,3.2237038870037926
1080,2018-12-11 00:00:00-05:00,143.58494699991175,143.58494699991175,140.81064922510785,141.78863525390625,20300300,0.0,0.0,0.16213912403482134
1081,2018-12-12 00:00:00-05:00,142.78658813312262,146.8881603784885,142.21774972108383,144.20367431640625,23696900,0.0,0.0,1.70326702007908
1082,2018-12-13 00:00:00-05:00,145.2714803406217,145.5509049137855,142.89635624123204,144.71261596679688,18148600,0.0,0.0,0.3529325121591098
1083,2018-12-14 00:00:00-05:00,143.0460474372418,145.7105702116947,142.21774770003398,143.7645721435547,21785800,0.0,0.0,-0.6551217507253848
1084,2018-12-17 00:00:00-05:00,142.78658439847365,144.6228074137859,138.13613711246754,139.9025115966797,24334000,0.0,0.0,-2.6863784931788204
1085,2018-12-18 00:00:00-05:00,140.79069116214362,145.63073620252308,139.54325451861828,143.3654022216797,24709100,0.0,0.0,2.475216910317557
1086,2018-12-19 00:00:00-05:00,140.92042326593926,144.61283252334758,132.22827841494126,132.96676635742188,57404900,0.0,0.0,-7.253239416982105
1087,2018-12-20 00:00:00-05:00,130.4319592348639,135.29198226213515,129.73339783050665,133.1264190673828,40297900,0.0,0.0,0.12006963419097794
1088,2018-12-21 00:00:00-05:00,133.116458379072,134.6233563612415,123.16690250076212,124.69376373291016,56901500,0.0,0.0,-6.3343214619214
1089,2018-12-24 00:00:00-05:00,122.84754978348434,129.4739397343019,122.76771201707425,123.80558013916016,22066000,0.0,0.0,-0.7122919119294968
1090,2018-12-26 00:00:00-05:00,125.74161289662278,133.9647206822377,125.6318378635655,133.9048309326172,39723400,0.0,0.0,8.157347013038718
1091,2018-12-27 00:00:00-05:00,132.16840430742744,134.71317800205955,129.40408055427824,134.244140625,31202500,0.0,0.0,0.2533961545820196
1092,2018-12-28 00:00:00-05:00,135.0624448449818,135.64125722444453,131.92888487857786,132.9268341064453,22627600,0.0,0.0,-0.9812767338832851
1093,2018-12-31 00:00:00-05:00,134.17427717008138,134.36388996900206,129.68350542616085,130.8211669921875,24625300,0.0,0.0,-1.5840797897673786
1094,2019-01-02 00:00:00-05:00,128.7254808806991,137.2279976353116,128.2963547794291,135.40174865722656,28146200,0.0,0.0,3.501407127267564
1095,2019-01-03 00:00:00-05:00,134.4137804748865,136.8886902325361,130.85109451398876,131.46983337402344,22717900,0.0,0.0,-2.903888112373554
1096,2019-01-04 00:00:00-05:00,133.73517643174006,137.71699950811282,133.47571510297166,137.66709899902344,29002100,0.0,0.0,4.713830896376936
1097,2019-01-07 00:00:00-05:00,137.27789088471656,138.58520191335535,135.63128077929292,137.7668914794922,20089300,0.0,0.0,0.07248825695778116
1098,2019-01-08 00:00:00-05:00,139.6031310547772,142.84646637472574,139.25384269855263,142.2377166748047,26263800,0.0,0.0,3.245210186061298
1099,2019-01-09 00:00:00-05:00,142.6568455092954,144.4032567367938,140.98029804009576,143.93421936035156,22205900,0.0,0.0,1.1927235090714694
1100,2019-01-10 00:00:00-05:00,142.78658330717158,144.26354396233037,140.55117146159546,143.90428161621094,16125000,0.0,0.0,-0.020799601563592507
1101,2019-01-11 00:00:00-05:00,142.8564203261456,145.061894734116,142.27762319667443,143.50509643554688,12908000,0.0,0.0,-0.2773963194011686
1102,2019-01-14 00:00:00-05:00,141.708795260928,146.26943069929885,140.9802965630746,145.0918426513672,20520300,0.0,0.0,1.1057072224142095
1103,2019-01-15 00:00:00-05:00,145.71057310434904,150.37099454941267,145.69062508197044,148.64454650878906,24069000,0.0,0.0,2.4485896605217494
1104,2019-01-16 00:00:00-05:00,148.6944393739242,149.34310030032836,146.698540858838,147.2374267578125,18025700,0.0,0.0,-0.9466339559879966
1105,2019-01-17 00:00:00-05:00,146.64864251835493,148.69444157206064,146.19956839132135,147.99588012695312,15787900,0.0,0.0,0.5151226735225389
1106,2019-01-18 00:00:00-05:00,149.44290122028622,152.1173979195708,148.24536515750958,149.7322998046875,31029600,0.0,0.0,1.1732891998377681
1107,2019-01-22 00:00:00-05:00,148.89402670153785,151.21925030705864,146.06982846549744,147.2673797607422,22378700,0.0,0.0,-1.64621798179857
1108,2019-01-23 00:00:00-05:00,147.97592336975734,148.49486127781705,142.76662672163346,144.00408935546875,20098400,0.0,0.0,-2.2158949324522115
1109,2019-01-24 00:00:00-05:00,144.34338274874395,146.13969449200425,142.22773515529158,145.53094482421875,20955500,0.0,0.0,1.0602861874158487
1110,2019-01-25 00:00:00-05:00,147.17756076279835,149.52274774484906,146.2394859699781,148.7044219970703,22237200,0.0,0.0,2.180620195027716
1111,2019-01-28 00:00:00-05:00,147.7463997125505,148.65453724737307,145.91017662032553,147.16758728027344,15508500,0.0,0.0,-1.0334828622831083
1112,2019-01-29 00:00:00-05:00,147.78629828655488,147.79628752448463,143.1358512053517,143.89430236816406,17632100,0.0,0.0,-2.2241887446829978
1113,2019-01-30 00:00:00-05:00,145.92014262524032,150.6404383810685,145.4012047441723,150.1115264892578,44613200,0.0,0.0,4.320688184850097
1114,2019-01-31 00:00:00-05:00,165.26039878259817,171.32791670827615,164.66162315286178,166.34815979003906,77233600,0.0,0.0,10.81638011451651
1115,2019-02-01 00:00:00-05:00,165.49990127148197,168.7532255977545,165.32027771426303,165.37017822265625,30806500,0.0,0.0,-0.5879124654082135
1116,2019-02-04 00:00:00-05:00,165.36018548912315,168.95280883253375,163.28444924931893,168.9029083251953,20036000,0.0,0.0,2.1362558476429427
1117,2019-02-05 00:00:00-05:00,168.80311789994258,171.62731624450134,168.34406974962437,170.8090057373047,22557000,0.0,0.0,1.1285166318388606
1118,2019-02-06 00:00:00-05:00,170.8489010093969,172.11630076462464,168.92286635115389,170.14036560058594,13281200,0.0,0.0,-0.39145484972090694
1119,2019-02-07 00:00:00-05:00,167.85507826500626,168.89295412036583,164.9111307167724,166.038818359375,17517600,0.0,0.0,-2.4106843938724976
1120,2019-02-08 00:00:00-05:00,164.13272650738324,167.0267734554709,163.87326516508858,166.9868621826172,12561400,0.0,0.0,0.5709772164183002
1121,2019-02-11 00:00:00-05:00,167.55567044290814,167.95485927335244,164.74146151888598,165.4499969482422,12811200,0.0,0.0,-0.9203509870700399
1122,2019-02-12 00:00:00-05:00,166.5178284634362,167.99478923164608,164.16266739804814,164.70155334472656,16292300,0.0,0.0,-0.4523684601515976
1123,2019-02-13 00:00:00-05:00,165.04086218848025,165.879135956454,163.39423668621242,163.73355102539062,14205100,0.0,0.0,-0.5877311413753805
1124,2019-02-14 00:00:00-05:00,162.85534880347222,164.53189631930348,161.91727402449615,163.61378479003906,12755200,0.0,0.0,-0.0731470334586426
1125,2019-02-15 00:00:00-05:00,164.17263594219173,164.36224874799498,160.5301270420176,162.16676330566406,15504400,0.0,0.0,-0.8844129400416456
1126,2019-02-19 00:00:00-05:00,160.17086130597903,163.81337012941498,160.00121175370234,161.95718383789062,14345400,0.0,0.0,-0.1292370048592506
1127,2019-02-20 00:00:00-05:00,161.91727694158143,163.38426365811182,160.91932762298927,162.2266387939453,11770700,0.0,0.0,0.1663741920360895
1128,2019-02-21 00:00:00-05:00,161.59791547411749,161.9072925341142,159.26271787315602,159.7117919921875,15607800,0.0,0.0,-1.550205823441908
1129,2019-02-22 00:00:00-05:00,160.25070275041458,162.07695182325736,159.98125217179893,161.55801391601562,15858500,0.0,0.0,1.1559709529265216
1130,2019-02-25 00:00:00-05:00,162.73560042767218,165.7294483417914,162.5659356456739,164.28240966796875,18737100,0.0,0.0,1.68632659310195
1131,2019-02-26 00:00:00-05:00,164.0029873431521,165.89910018474853,163.46410141127623,163.79342651367188,13784100,0.0,0.0,-0.29764790721366063
1132,2019-02-27 00:00:00-05:00,162.5659317758033,163.5938183169823,160.08104781183553,162.4761199951172,12697500,0.0,0.0,-0.8042487092390971
1133,2019-02-28 00:00:00-05:00,162.03702327359468,163.1647108575194,160.53012530965384,161.11891174316406,11114200,0.0,0.0,-0.8353278327879243
1134,2019-03-01 00:00:00-05:00,162.26655566203587,162.79546755129394,161.35841818142396,161.94720458984375,11097800,0.0,0.0,0.514087910424843
1135,2019-03-04 00:00:00-05:00,163.56387874192657,167.15650219350226,163.4940302115473,167.02676391601562,18894700,0.0,0.0,3.136552643212731
1136,2019-03-05 00:00:00-05:00,167.0267609881763,171.52752184826926,166.20845052202117,170.90878295898438,28187900,0.0,0.0,2.3241898196151967
1137,2019-03-06 00:00:00-05:00,172.5454190804757,173.21405847757822,170.91877215912106,172.15621948242188,21531700,0.0,0.0,0.7298843873558392
1138,2019-03-07 00:00:00-05:00,171.14830761241504,171.38782093004016,167.2662853841255,168.78317260742188,18306500,0.0,0.0,-1.959294230055053
1139,2019-03-08 00:00:00-05:00,165.85916071171098,169.27214528663552,165.62963665011435,169.252197265625,13184800,0.0,0.0,0.27788591182251743
1140,2019-03-11 00:00:00-04:00,171.24811042574734,173.94257056033987,171.22814717552862,171.71714782714844,18884000,0.0,0.0,1.456377288653421
1141,2019-03-12 00:00:00-04:00,171.7370934033529,173.44359342653354,170.86888237493534,171.56744384765625,12155300,0.0,0.0,-0.08718056489203097
1142,2019-03-13 00:00:00-04:00,171.96663074864296,173.67311552487374,171.76702870657104,173.01446533203125,11973300,0.0,0.0,0.8434126265003394
1143,2019-03-14 00:00:00-04:00,169.41186679763229,170.79901570825757,167.81515706250482,169.82102966308594,18037400,0.0,0.0,-1.8457622389069006
1144,2019-03-15 00:00:00-04:00,166.81720599352053,167.23634286556484,162.17673268571312,165.63961791992188,37135400,0.0,0.0,-2.462246137277413
1145,2019-03-18 00:00:00-04:00,163.23457918924896,163.56388906789385,158.9533680368856,160.14093017578125,37524200,0.0,0.0,-3.3196694203912913
1146,2019-03-19 00:00:00-04:00,161.14883571706525,163.48404846382317,160.49020080502768,161.23866271972656,25611500,0.0,0.0,0.6854790606875882
1147,2019-03-20 00:00:00-04:00,161.16881575418296,165.7793367562091,160.90935441195796,165.10073852539062,20211500,0.0,0.0,2.3952541781975256
1148,2019-03-21 00:00:00-04:00,164.55184837703317,166.04877222613985,163.41418686081198,165.73941040039062,16223000,0.0,0.0,0.38683768510325844
1149,2019-03-22 00:00:00-04:00,165.3102865399734,167.07666096942455,163.75348815232027,164.0029754638672,16389200,0.0,0.0,-1.0476898236385535
1150,2019-03-25 00:00:00-04:00,162.6657432234466,166.19847720439634,161.6677938785175,165.94898986816406,12631200,0.0,0.0,1.186572620888593
1151,2019-03-26 00:00:00-04:00,167.00681075774233,169.10249501712207,166.00886152161002,167.33612060546875,15437900,0.0,0.0,0.8358777829299724
1152,2019-03-27 00:00:00-04:00,167.50579677724085,168.59355786406527,164.4520591157232,165.52984619140625,10620300,0.0,0.0,-1.0794288809414798
1153,2019-03-28 00:00:00-04:00,164.2325242000929,166.3781091118003,162.99506158174893,165.21051025390625,10443000,0.0,0.0,-0.19291743745761813
1154,2019-03-29 00:00:00-04:00,166.0487719751709,166.8471344056538,164.4720103625287,166.34815979003906,13455500,0.0,0.0,0.688606030200134
1155,2019-04-01 00:00:00-04:00,167.48583863441215,168.5536365040151,166.9369634549441,168.3540496826172,10381500,0.0,0.0,1.2058383423717567
1156,2019-04-02 00:00:00-04:00,169.79108661642914,174.54131961574276,169.2023002071807,173.84275817871094,23946500,0.0,0.0,3.260217681986921
1157,2019-04-03 00:00:00-04:00,174.14215056435276,177.5950617971317,172.59532612415555,173.18411254882812,27391100,0.0,0.0,-0.378874355643688
1158,2019-04-04 00:00:00-04:00,175.65904235839844,177.6349777346689,175.17004171307224,175.65904235839844,17847700,0.0,0.0,1.4290743955352792
1159,2019-04-05 00:00:00-04:00,176.51727448392936,176.63702352538462,174.7409259740208,175.35964965820312,9594100,0.0,0.0,-0.17043967459668963
1160,2019-04-08 00:00:00-04:00,174.85069834990438,175.1400969381934,173.87269710120918,174.57125854492188,7297400,0.0,0.0,-0.4495852465592365
1161,2019-04-09 00:00:00-04:00,175.25984827575022,178.82253452664318,175.18999974421183,177.21583557128906,19751000,0.0,0.0,1.5148982990728976
1162,2019-04-10 00:00:00-04:00,177.81459991472434,178.42334960007634,176.177963663081,177.45535278320312,11701500,0.0,0.0,0.13515564855812734
1163,2019-04-11 00:00:00-04:00,177.87447949119723,178.03413979802056,176.63701694145982,177.14596557617188,8071000,0.0,0.0,-0.17434650585560485
1164,2019-04-12 00:00:00-04:00,177.63497672161478,179.26163896551657,177.58507621074395,178.73272705078125,12329800,0.0,0.0,0.8957367273075612
1165,2019-04-15 00:00:00-04:00,178.13395008910658,180.12984868954476,176.50728785695014,179.28158569335938,10834800,0.0,0.0,0.3070834601109018
1166,2019-04-16 00:00:00-04:00,178.63292737065305,179.8005262418095,177.93436589570877,178.50318908691406,11215200,0.0,0.0,-0.43417543605213105
1167,2019-04-17 00:00:00-04:00,179.23170159528092,180.36936319595205,177.99423897292894,178.4133758544922,9973700,0.0,0.0,-0.05031463744782361
1168,2019-04-18 00:00:00-04:00,178.4333360878306,178.513173858326,176.97632342441057,177.91439819335938,11655600,0.0,0.0,-0.2796750292644923
1169,2019-04-22 00:00:00-04:00,177.88447127253792,181.2974562152357,177.88447127253792,181.06793212890625,13389900,0.0,0.0,1.7725006899776519
1170,2019-04-23 00:00:00-04:00,182.3652613717437,183.84222207858696,181.1078355025749,183.4031219482422,19954800,0.0,0.0,1.2896760855884093
1171,2019-04-24 00:00:00-04:00,184.11166844752807,184.76032938958048,181.277480914836,182.20558166503903,37289900,0.0,0.0,-0.6529552335216571
1172,2019-04-25 00:00:00-04:00,196.57603507375396,198.0729589188457,191.72600120655667,192.86366271972656,54148800,0.0,0.0,5.849481095634612
1173,2019-04-26 00:00:00-04:00,192.1052285475528,192.50440215223728,188.70221798725404,191.0973052978516,22075000,0.0,0.0,-0.915858071430431
1174,2019-04-29 00:00:00-04:00,190.55842169329208,195.0092824092856,190.25903384851705,194.3805694580078,19641300,0.0,0.0,1.7181111764181134
1175,2019-04-30 00:00:00-04:00,193.79177592116795,196.98521061783455,191.885689114213,193.00338745117188,23494700,0.0,0.0,-0.7084977735562492
1176,2019-05-01 00:00:00-04:00,194.3805511795321,195.7776740204402,192.61417676620775,192.63414001464844,15996600,0.0,0.0,-0.19131655739299536
1177,2019-05-02 00:00:00-04:00,192.6042150017523,193.6021643022795,189.36087977503885,192.1351776123047,13209500,0.0,0.0,-0.2590207542161549
1178,2019-05-03 00:00:00-04:00,193.98139173879696,195.75774029228904,193.3127675284374,195.06915283203125,14575400,0.0,0.0,1.5270369831217545
1179,2019-05-06 00:00:00-04:00,190.8478211896052,193.88158022759168,190.15923376660075,193.4824066162109,13994900,0.0,0.0,-0.8134275423785975
1180,2019-05-07 00:00:00-04:00,192.1451372492896,192.50439957970332,187.46476817104733,189.38082885742188,16253000,0.0,0.0,-2.1198711709870643
1181,2019-05-08 00:00:00-04:00,189.0016045996265,190.32887890661144,188.163330898635,189.1512908935547,12505700,0.0,0.0,-0.12120443513319312
1182,2019-05-09 00:00:00-04:00,186.81609917132403,189.38083608894812,185.8780244267844,188.26312255859372,12967000,0.0,0.0,-0.469554466567601
1183,2019-05-10 00:00:00-04:00,187.86395408752296,189.61036534730076,184.2114560267597,187.95376586914065,12578500,0.0,0.0,-0.16432144822031702
1184,2019-05-13 00:00:00-04:00,183.12369668007435,185.04973152124344,180.4691478855893,181.16770935058597,16833300,0.0,0.0,-3.6104924459344767
1185,2019-05-14 00:00:00-04:00,182.14571279692817,183.1137248483366,177.73477866259702,180.359375,17628100,0.0,0.0,-0.4461801462763537
1186,2019-05-15 00:00:00-04:00,180.05000639640676,186.89593903307912,179.6508327773432,185.8880157470703,16746900,0.0,0.0,3.0653470312093978
1187,2019-05-16 00:00:00-04:00,184.6705128721544,188.19327252770816,184.6705128721544,186.6065368652344,12953100,0.0,0.0,0.3865343956017897
1188,2019-05-17 00:00:00-04:00,184.46095003699384,187.1953366761913,183.90210085000425,184.9200134277344,10485400,0.0,0.0,-0.9037858297097023
1189,2019-05-20 00:00:00-04:00,181.5070174086893,183.8521890477536,180.99805353733055,182.3452911376953,10352000,0.0,0.0,-1.3923437719440157
1190,2019-05-21 00:00:00-04:00,184.19150694131037,185.3191792792721,183.5128935088444,184.4409942626953,7502800,0.0,0.0,1.149304767852466
1191,2019-05-22 00:00:00-04:00,184.35115505264267,186.35704272941493,183.23345679961307,184.93995666503903,9213800,0.0,0.0,0.270526844825536
1192,2019-05-23 00:00:00-04:00,182.04590892848063,183.52286962431725,179.30154836177527,180.49908447265625,12768800,0.0,0.0,-2.4012508018621648
1193,2019-05-24 00:00:00-04:00,181.9560900066849,183.25342708735795,180.45916611994616,180.68869018554688,8807700,0.0,0.0,0.10504524909062951
1194,2019-05-28 00:00:00-04:00,181.16769843462345,184.3312109274564,181.0778866575706,183.93202209472656,14843300,0.0,0.0,1.7949833527760584
1195,2019-05-29 00:00:00-04:00,183.12368680948515,184.1815105748189,180.9781020196099,181.81637573242188,12797700,0.0,0.0,-1.1502327534979817
1196,2019-05-30 00:00:00-04:00,182.70456835336265,183.10374200133208,180.51905684610816,182.63470458984372,8581500,0.0,0.0,0.4500853424920237
1197,2019-05-31 00:00:00-04:00,179.91029894497214,180.1697602815909,176.79670199555548,177.10606384277344,15226500,0.0,0.0,-3.0271578227623053
1198,2019-06-03 00:00:00-04:00,174.64112563110407,174.69102614106967,160.6798095916098,163.81336975097656,56059600,0.0,0.0,-7.505499136154659
1199,2019-06-04 00:00:00-04:00,163.3742882151921,167.93490864289507,160.51016334123187,167.15650939941406,46044300,0.0,0.0,2.040822219529237
1200,2019-06-05 00:00:00-04:00,167.136531618228,168.37399413674962,164.2923854689397,167.8251190185547,19758300,0.0,0.0,0.3999901777937964
1201,2019-06-06 00:00:00-04:00,167.95486498622924,169.35198787156435,166.88705195940375,167.98480224609375,12446400,0.0,0.0,0.09514858590471409
1202,2019-06-07 00:00:00-04:00,169.8210353134805,173.51344478147257,168.49376087997962,172.99452209472656,16917300,0.0,0.0,2.982245882751755
1203,2019-06-10 00:00:00-04:00,174.39163831574118,177.49526121475213,173.44358953634827,174.4615020751953,14767900,0.0,0.0,0.8479921576161065
1204,2019-06-11 00:00:00-04:00,178.11398209780532,179.6109060082841,176.42744538893294,177.73477172851562,15266600,0.0,0.0,1.8762131555588146
1205,2019-06-12 00:00:00-04:00,178.01420789612155,178.90238219839483,172.52548653370272,174.68104553222656,17699800,0.0,0.0,-1.7181366181703184
1206,2019-06-13 00:00:00-04:00,175.1700397605087,177.66491301548947,174.25192822997553,177.10606384277344,12253600,0.0,0.0,1.3882549781850662
1207,2019-06-14 00:00:00-04:00,180.13981942112093,181.46709379354843,179.63087076917407,180.9581451416016,16773700,0.0,0.0,2.175013782841373
1208,2019-06-17 00:00:00-04:00,184.630593567472,189.1113913834703,184.0318331270309,188.6223907470703,29459900,0.0,0.0,4.235369233847619
1209,2019-06-18 00:00:00-04:00,193.60216992657612,194.13108185302104,186.8959492140124,188.08351135253903,37571400,0.0,0.0,-0.2856921664479817
1210,2019-06-19 00:00:00-04:00,186.61650864606403,187.7142589055691,184.1715360435268,187.09552001953125,21417100,0.0,0.0,-0.5252939643156318
1211,2019-06-20 00:00:00-04:00,190.55841306271947,190.7679891128196,187.25520336338613,189.14132690429688,14635700,0.0,0.0,1.093455837185231
1212,2019-06-21 00:00:00-04:00,188.36291829251323,191.6062533094704,188.36291829251323,190.74801635742188,22751200,0.0,0.0,0.8494650425805439
1213,2019-06-24 00:00:00-04:00,192.02539356467292,193.58219196400503,191.17714583554823,192.2050323486328,15509000,0.0,0.0,0.7638433253642773
1214,2019-06-25 00:00:00-04:00,192.48446725904324,192.74392859703417,187.74420804951055,188.45274353027344,16750300,0.0,0.0,-1.9522323492307203
1215,2019-06-26 00:00:00-04:00,189.1512959968348,190.3687953119548,186.92587341124545,187.2751617431641,12808600,0.0,0.0,-0.6248684763351164
1216,2019-06-27 00:00:00-04:00,189.49061476055897,198.4721583090624,187.8839158055601,189.11138916015625,11159000,0.0,0.0,0.9804970397037538
1217,2019-06-28 00:00:00-04:00,190.15922969132976,192.80378907192087,189.55048004914693,192.6042022705078,16378900,0.0,0.0,1.8469607387810782
1218,2019-07-01 00:00:00-04:00,194.8096767789889,194.8795253071099,191.5363892803277,192.6042022705078,14181800,0.0,0.0,0.0
1219,2019-07-02 00:00:00-04:00,192.60421432103865,194.60011291503903,192.31481572500763,194.60011291503903,9050000,0.0,0.0,1.036275751516591
1220,2019-07-03 00:00:00-04:00,193.7618341769599,196.9951800704862,193.7618341769599,196.79559326171875,10246100,0.0,0.0,1.1282009623695632
1221,2019-07-05 00:00:00-04:00,195.77767285134516,196.66586228543625,193.77180037869869,195.99722290039065,11164100,0.0,0.0,-0.4056850806950507
1222,2019-07-08 00:00:00-04:00,194.7897278382076,196.27666256132497,193.2429033655201,195.35855102539065,9723900,0.0,0.0,-0.3258576144849701
1223,2019-07-09 00:00:00-04:00,194.5701727169949,199.0509704747805,194.49033494714044,198.80148315429688,14698600,0.0,0.0,1.7623657172082252
1224,2019-07-10 00:00:00-04:00,199.58985746997635,202.54379406063097,199.2605323778512,202.3142547607422,20571700,0.0,0.0,1.7669745470253462
1225,2019-07-11 00:00:00-04:00,202.84315752114424,203.3820586394195,199.7994245139296,200.81732177734372,13678500,0.0,0.0,-0.7399048500901451
1226,2019-07-12 00:00:00-04:00,199.2705154058181,204.8790010092069,198.7515927167132,204.4498748779297,15366300,0.0,0.0,1.8088843474436844
1227,2019-07-15 00:00:00-04:00,203.8311356404628,204.90892266478423,201.40612625636248,203.4918365478516,16030300,0.0,0.0,-0.4685932582008667
1228,2019-07-16 00:00:00-04:00,203.4718823220608,205.0486440445552,202.68350907456252,203.42198181152344,12132700,0.0,0.0,-0.03432802883556185
1229,2019-07-17 00:00:00-04:00,203.76127838515728,203.94091717535824,201.17659338294223,201.38616943359372,12083700,0.0,0.0,-1.0007828848191846
1230,2019-07-18 00:00:00-04:00,199.73954269479563,202.05479233815905,198.9711327114789,200.3682556152344,11937900,0.0,0.0,-0.5054536869250947
1231,2019-07-19 00:00:00-04:00,201.7653748216947,201.9150763477452,197.66381796636588,197.9532165527344,12098300,0.0,0.0,-1.20530023834593
1232,2019-07-22 00:00:00-04:00,199.5000441719924,202.15459291076104,198.40229387325425,201.9051055908203,13589000,0.0,0.0,1.9963752582081051
1233,2019-07-23 00:00:00-04:00,202.42403398716505,203.8211721549125,200.5478996427584,201.9450225830078,14583700,0.0,0.0,0.019770174741595703
1234,2019-07-24 00:00:00-04:00,197.22471346094875,204.38998170537525,196.81555061735415,204.24029541015625,32532500,0.0,0.0,1.1365830154120182
1235,2019-07-25 00:00:00-04:00,206.2761071471144,208.2320943792766,197.8534130318292,200.29840087890625,39889900,0.0,0.0,-1.9300278249861913
1236,2019-07-26 00:00:00-04:00,199.7794626549222,202.46394857195423,195.84754017625792,199.34036254882807,24434000,0.0,0.0,-0.47830553108478835
1237,2019-07-29 00:00:00-04:00,198.59189974335575,199.220612640468,194.8994905825717,195.5381774902344,16530800,0.0,0.0,-1.9073834370409215
1238,2019-07-30 00:00:00-04:00,194.98931502288104,198.30251404044887,193.10319143655417,196.63592529296875,11903600,0.0,0.0,0.561398196927132
1239,2019-07-31 00:00:00-04:00,196.54610350033505,198.3523892225948,192.284855901014,193.8316802978516,14593500,0.0,0.0,-1.4261102038903073
1240,2019-08-01 00:00:00-04:00,193.77181198855115,198.0629969849605,190.48856552155868,192.3347625732422,17777000,0.0,0.0,-0.7722771232799297
1241,2019-08-02 00:00:00-04:00,190.7081216725701,192.22499367938357,187.6843364427733,188.63238525390625,15297000,0.0,0.0,-1.9249652375898818
1242,2019-08-05 00:00:00-04:00,184.31125157818187,185.2892375909402,178.97221693713402,181.35731506347656,23086700,0.0,0.0,-3.8567450550111904
1243,2019-08-06 00:00:00-04:00,183.3132966048724,185.40898085262924,182.7145209755151,184.1316070556641,18035700,0.0,0.0,1.5297381256534903
1244,2019-08-07 00:00:00-04:00,183.22350019310412,185.9878088298656,180.8483759523145,184.7703094482422,15833200,0.0,0.0,0.3468727627978785
1245,2019-08-08 00:00:00-04:00,186.23728588496152,189.94965834750204,183.67256420703544,189.77003479003903,14828900,0.0,0.0,2.7059138217211176
1246,2019-08-09 00:00:00-04:00,189.61036762592744,190.5883536794565,186.73626875964035,187.46478271484372,11058800,0.0,0.0,-1.214760843431284
1247,2019-08-12 00:00:00-04:00,186.46682880143152,187.20530152201303,184.081730634626,184.98985290527344,10930900,0.0,0.0,-1.3202105343353754
1248,2019-08-13 00:00:00-04:00,185.13955353469024,190.98753688811968,184.9898520071253,188.06353759765625,13577000,0.0,0.0,1.6615423192734458
1249,2019-08-14 00:00:00-04:00,185.4189840579832,185.6085968624796,178.94228758162205,179.3414764404297,18903700,0.0,0.0,-4.637826805048495
1250,2019-08-15 00:00:00-04:00,180.57892465329377,182.82431060146888,179.6608131151175,182.21556091308597,12925900,0.0,0.0,1.6025765649425372
1251,2019-08-16 00:00:00-04:00,183.37318847561872,184.7204261554185,181.98603952291668,183.3232879638672,12654600,0.0,0.0,0.6079212144288748
1252,2019-08-19 00:00:00-04:00,185.62853247496423,187.11548232305705,184.47092293055655,185.7882080078125,9691200,0.0,0.0,1.3445755153765004
1253,2019-08-20 00:00:00-04:00,185.0696959468442,185.61857111122103,182.01597350367217,183.4330596923828,10083400,0.0,0.0,-1.2676522049938965
1254,2019-08-21 00:00:00-04:00,184.62062269990696,185.51877098961,182.76443637068903,183.1735992431641,8398200,0.0,0.0,-0.1414469396377238
1255,2019-08-22 00:00:00-04:00,183.05383595359348,183.73244940762112,179.54106532067934,181.66668701171875,10821400,0.0,0.0,-0.8226688986139874
1256,2019-08-23 00:00:00-04:00,180.46915790262605,182.7544704554956,176.29773690332507,177.385498046875,17323400,0.0,0.0,-2.356617514892856
1257,2019-08-26 00:00:00-04:00,179.03208958218354,180.12983984955085,177.87448002363826,179.99012756347656,8773600,0.0,0.0,1.4683441122753216
1258,2019-08-27 00:00:00-04:00,181.55690508877328,183.66257867736925,180.6387935790415,180.9282073974609,14399600,0.0,0.0,0.521184048638168
1259,2019-08-28 00:00:00-04:00,180.1597794761574,181.57686560424457,178.55308055144286,181.3872528076172,9386100,0.0,0.0,0.25371688403890147
1260,2019-08-29 00:00:00-04:00,183.39314139561608,185.69840177020157,183.0937535694692,185.189453125,10128700,0.0,0.0,2.096178346896016
1261,2019-08-30 00:00:00-04:00,186.39696994295977,186.41693319275632,183.083786169134,185.28924560546875,10774500,0.0,0.0,0.053886697533145345
1262,2019-09-03 00:00:00-04:00,183.62267496721145,185.2892485051032,181.7365513606156,182.01597595214844,9779400,0.0,0.0,-1.7665729290570864
1263,2019-09-04 00:00:00-04:00,184.27132642430325,187.36497524910905,183.51289046178516,186.7562255859375,11308000,0.0,0.0,2.604304160111348
1264,2019-09-05 00:00:00-04:00,188.14337944695552,190.9675777802882,187.5545930172584,190.50851440429688,13876700,0.0,0.0,2.0091907547321597
1265,2019-09-06 00:00:00-04:00,189.8199377649465,189.8199377649465,185.96785296516097,187.1055145263672,15226800,0.0,0.0,-1.786271804475803
1266,2019-09-09 00:00:00-04:00,187.345022956943,188.59245961611205,185.46888857625163,188.37290954589844,14722400,0.0,0.0,0.6773691426142481
1267,2019-09-10 00:00:00-04:00,187.05560780511317,187.7142579574896,184.1715351133403,185.7882080078125,15455900,0.0,0.0,-1.3721195602471425
1268,2019-09-11 00:00:00-04:00,186.0776188846569,189.0515033065204,185.6983933069876,188.10345458984372,11761700,0.0,0.0,1.2461752050129338
1269,2019-09-12 00:00:00-04:00,189.4706542423228,190.53845207240457,186.84604271696173,187.08555603027344,11419800,0.0,0.0,-0.5411376212041352
1270,2019-09-13 00:00:00-04:00,186.9458493817363,187.58453634235207,186.15746088546948,186.8061370849609,11441100,0.0,0.0,-0.14935356381403642
1271,2019-09-16 00:00:00-04:00,186.54665498107465,187.40489198652412,185.38904536819908,185.83811950683597,8444800,0.0,0.0,-0.5181936703100298
1272,2019-09-17 00:00:00-04:00,186.2772192468945,187.93381873286228,185.1595056806704,187.69430541992188,9671100,0.0,0.0,0.9988187127655701
1273,2019-09-18 00:00:00-04:00,187.70428039764636,188.6922556876785,185.62854402396627,187.75418090820312,9681900,0.0,0.0,0.03190053536643589
1274,2019-09-19 00:00:00-04:00,188.27311561698767,190.7081143069028,187.76415173643315,189.7500762939453,10392700,0.0,0.0,1.0630364533496195
1275,2019-09-20 00:00:00-04:00,190.26901075431903,192.70400940032377,187.73421109069224,189.54049682617188,19934200,0.0,0.0,-0.11045026798764956
1276,2019-09-23 00:00:00-04:00,188.9517108412333,189.71016203088385,184.83019071706929,186.4368896484375,13327600,0.0,0.0,-1.637437502646577
1277,2019-09-24 00:00:00-04:00,187.59450620340235,187.65438072533885,180.02007462848115,180.9082489013672,18546600,0.0,0.0,-2.965422110128324
1278,2019-09-25 00:00:00-04:00,181.07788754965264,183.0438487814785,177.50522742347923,182.4251251220703,18068300,0.0,0.0,0.838478195391823
1279,2019-09-26 00:00:00-04:00,180.95814570842023,181.02799424008387,177.3056476700735,179.7406463623047,16083300,0.0,0.0,-1.4715510037168977
1280,2019-09-27 00:00:00-04:00,180.1198792699199,180.38931462404884,175.29978219969175,176.73683166503906,14656200,0.0,0.0,-1.6711938885603073
1281,2019-09-30 00:00:00-04:00,177.50523717925074,178.30359966502488,176.4873398566991,177.71481323242188,10740000,0.0,0.0,0.5533547015464935
1282,2019-10-01 00:00:00-04:00,178.7826098770145,179.4711973260735,174.52137735667432,175.449462890625,17073000,0.0,0.0,-1.2747110387664629
1283,2019-10-02 00:00:00-04:00,174.481441431328,176.16797808298267,172.73503026168504,174.241943359375,16151700,0.0,0.0,-0.6882435040583501
1284,2019-10-03 00:00:00-04:00,175.209961691052,179.47119413564084,173.2739376592728,179.01214599609375,16086300,0.0,0.0,2.7376890688599387
1285,2019-10-04 00:00:00-04:00,179.1817925535238,180.60885268512976,177.7347691730325,180.07994079589844,10430200,0.0,0.0,0.5964929328471369
1286,2019-10-07 00:00:00-04:00,179.6308745236299,180.8084473918636,177.72478770047408,179.3115234375,9178300,0.0,0.0,-0.42670902433789015
1287,2019-10-08 00:00:00-04:00,177.89444673658676,180.0001204870589,177.35556078439188,177.385498046875,9466900,0.0,0.0,-1.0741224845464692
1288,2019-10-09 00:00:00-04:00,178.7925984665265,180.34939692266207,177.57509911442096,179.48118591308594,7556900,0.0,0.0,1.1814313398140097
1289,2019-10-10 00:00:00-04:00,179.9502109207588,181.23755871632855,178.80256017959522,179.66079711914062,8605000,0.0,0.0,0.1000724422122179
1290,2019-10-11 00:00:00-04:00,181.77646125126589,186.10757284209157,181.7664872400363,183.81228637695312,14930500,0.0,0.0,2.310737414272679
1291,2019-10-14 00:00:00-04:00,183.82225580477305,184.24139267843483,182.19560882002548,182.90414428710935,7006000,0.0,0.0,-0.4940595145970894
1292,2019-10-15 00:00:00-04:00,183.423081566183,189.9895896865518,183.2833692754304,188.5026397705078,15039100,0.0,0.0,3.0608904490487365
1293,2019-10-16 00:00:00-04:00,187.9338272332732,189.31098696935172,186.5167257686513,189.1613006591797,10516900,0.0,0.0,0.34941732883622123
1294,2019-10-17 00:00:00-04:00,189.90974571702895,190.44863161305545,188.38288457954067,189.9995574951172,9603000,0.0,0.0,0.4431439374842361
1295,2019-10-18 00:00:00-04:00,189.83987938034093,191.0973051664767,183.54282212166663,185.4688720703125,16874200,0.0,0.0,-2.384576829828211
1296,2019-10-21 00:00:00-04:00,186.65642635361056,189.52055113765095,186.36702776293973,189.370849609375,8122600,0.0,0.0,2.103844971669
1297,2019-10-22 00:00:00-04:00,189.61035944097637,190.2590203691176,181.1277907291432,181.966064453125,19537600,0.0,0.0,-3.9102032712659995
1298,2019-10-23 00:00:00-04:00,181.63675508486352,185.9978040840148,181.62678107329745,185.7682647705078,12300400,0.0,0.0,2.089510661677396
1299,2019-10-24 00:00:00-04:00,184.2414021515812,186.34707586663623,182.4251422723266,185.997802734375,11413500,0.0,0.0,0.1235614512256733
1300,2019-10-25 00:00:00-04:00,185.44891142443564,188.6124087276473,184.7104234956665,187.5046844482422,8061200,0.0,0.0,0.8101610297080564
1301,2019-10-28 00:00:00-04:00,186.81609612148668,189.1413196958968,184.70044858918956,189.01158142089844,13657900,0.0,0.0,0.8036583070393677
1302,2019-10-29 00:00:00-04:00,191.2968922524816,192.13516595948445,188.0834944814737,188.92176818847656,13574900,0.0,0.0,-0.047517317058931585
1303,2019-10-30 00:00:00-04:00,189.1712637618283,190.05943801512777,185.59860349925924,187.86395263671875,28734600,0.0,0.0,-0.5599225340207958
1304,2019-10-31 00:00:00-04:00,196.29662017203265,197.6837690610129,187.8639518083397,191.2569732666016,42286500,0.0,0.0,1.8061052065928118
1305,2019-11-01 00:00:00-04:00,192.4545209415633,193.7119315276535,189.5205476798557,193.22293090820312,21711800,0.0,0.0,1.0279142287068943
1306,2019-11-04 00:00:00-05:00,194.1510291661451,196.9652381260796,193.4125412410219,194.3206787109375,16371300,0.0,0.0,0.5681250137210103
1307,2019-11-05 00:00:00-05:00,194.96934333696305,195.34856893105876,193.2029840989324,193.9215087890625,9942000,0.0,0.0,-0.20541813898704575
1308,2019-11-06 00:00:00-05:00,193.63210610457693,193.97140522011463,190.95760922563483,191.15719604492188,10973000,0.0,0.0,-1.4254802169198721
1309,2019-11-07 00:00:00-05:00,191.5164451105548,193.04330625193825,189.0814464928592,190.0294952392578,13473000,0.0,0.0,-0.589933745104243
1310,2019-11-08 00:00:00-05:00,189.6103651667201,191.94556285154235,189.3109773341152,190.4486389160156,10760800,0.0,0.0,0.22056769462555081
1311,2019-11-11 00:00:00-05:00,189.54051201995475,189.69021355838817,188.15336303779728,189.2211761474609,8631200,0.0,0.0,-0.6445111792560354
1312,2019-11-12 00:00:00-05:00,189.61036301433387,194.6599839297897,189.35090168368703,194.0711975097656,17615500,0.0,0.0,2.563149358359884
1313,2019-11-13 00:00:00-05:00,194.30072116841893,195.2986704453266,192.34474911307856,192.7938232421875,10860700,0.0,0.0,-0.6581987868209183
1314,2019-11-14 00:00:00-05:00,192.53434093864365,193.63209120148008,191.0573803165977,192.7538909912109,9040500,0.0,0.0,-0.020712411997980684
1315,2019-11-15 00:00:00-05:00,193.8616316429913,194.89950747508453,192.9834465860259,194.69992065429688,11524300,0.0,0.0,1.009592933807335
1316,2019-11-18 00:00:00-05:00,194.1610059732496,198.22266677868225,192.654108069568,196.99517822265625,16167200,0.0,0.0,1.178869288002815
1317,2019-11-19 00:00:00-05:00,196.99517889310383,199.5898530740656,196.45629298990264,198.9112548828125,19056800,0.0,0.0,0.9726515529179913
1318,2019-11-20 00:00:00-05:00,198.17276295280823,199.18068620863093,195.0292136937128,197.10494995117188,12355400,0.0,0.0,-0.9080958906547587
1319,2019-11-21 00:00:00-05:00,197.01514497716607,198.6817184470169,196.4562958169164,197.5240936279297,12131000,0.0,0.0,0.2126500003483578
1320,2019-11-22 00:00:00-05:00,197.97317711521933,198.89128859804688,197.21472593951611,198.4122772216797,9959800,0.0,0.0,0.44965835682964084
1321,2019-11-25 00:00:00-05:00,199.11084419976805,200.5578676072923,198.84139363102287,199.3802795410156,15272300,0.0,0.0,0.48787420460598696
1322,2019-11-26 00:00:00-05:00,199.58985246437456,199.73953876272392,197.63386521012487,198.5619659423828,11735500,0.0,0.0,-0.41042855417626756
1323,2019-11-27 00:00:00-05:00,199.49005481725249,202.7234159636975,199.01104342694492,201.58575439453125,12736600,0.0,0.0,1.522843731828205
1324,2019-11-29 00:00:00-05:00,201.1865901919071,203.38207566338164,200.79739056390704,201.22650146484372,7985200,0.0,0.0,-0.1782134510280975
1325,2019-12-02 00:00:00-05:00,201.71549095463624,201.76537623617213,197.6438561029765,199.29046630859372,11503400,0.0,0.0,-0.9621173862073285
1326,2019-12-03 00:00:00-05:00,197.1947779183113,198.52203702079768,194.67994154426376,198.4122772216797,11595300,0.0,0.0,-0.4406578514168369
1327,2019-12-04 00:00:00-05:00,199.5898533471544,199.61979060695663,197.6438553225191,198.3025054931641,8456300,0.0,0.0,-0.055325068616063344
1328,2019-12-05 00:00:00-05:00,199.45014652203523,200.8772067033572,197.803536277818,198.951171875,9740400,0.0,0.0,0.3271095240187316
1329,2019-12-06 00:00:00-05:00,200.08883540870823,201.1566484729562,199.6497352786436,200.63771057128903,12270600,0.0,0.0,0.8477148842072069
1330,2019-12-09 00:00:00-05:00,200.23852131002448,202.72342055334184,199.799436408342,200.92710876464844,11954800,0.0,0.0,0.1442391824225675
1331,2019-12-10 00:00:00-05:00,201.2464573135184,201.6356569272043,199.7395441412365,200.45806884765625,9475700,0.0,0.0,-0.23343784712573923
1332,2019-12-11 00:00:00-05:00,199.86927954330025,202.21446643013272,199.86927954330025,201.84521484375,8036800,0.0,0.0,0.6919881070728717
1333,2019-12-12 00:00:00-05:00,201.93503364367976,203.242344704162,193.70195246102784,196.3465118408203,23734800,0.0,0.0,-2.724217667080331
1334,2019-12-13 00:00:00-05:00,195.9972264012682,196.39641523734335,192.77385459088376,193.71192932128903,18798000,0.0,0.0,-1.341802558563987
1335,2019-12-16 00:00:00-05:00,194.8695549497164,198.7116504383073,194.41049159311348,197.5141143798828,14911500,0.0,0.0,1.9628037735804682
1336,2019-12-17 00:00:00-05:00,198.4322284211305,198.59190395830944,195.727794437338,197.983154296875,10175700,0.0,0.0,0.23747159460718592
1337,2019-12-18 00:00:00-05:00,199.6796706022787,203.8810438305473,199.6796706022787,202.0847320556641,23274400,0.0,0.0,2.0716801756975656
1338,2019-12-19 00:00:00-05:00,202.36414832237784,205.87693395693623,202.09469776034567,205.63742065429688,16514600,0.0,0.0,1.7580193033357006
1339,2019-12-20 00:00:00-05:00,207.05451069801285,207.28404999437893,203.0128131007737,205.8769378662109,27306900,0.0,0.0,0.11647549903706089
1340,2019-12-23 00:00:00-05:00,206.27610951105308,208.1622330080581,205.25819699961468,205.75717163085935,13348900,0.0,0.0,-0.05817370152910728
1341,2019-12-24 00:00:00-05:00,205.876928827914,206.36591420414535,204.5795917857247,204.6993408203125,6046300,0.0,0.0,-0.5141161312445797
1342,2019-12-26 00:00:00-05:00,205.1484429274832,207.393828830782,204.88896636639237,207.36387634277344,9350700,0.0,0.0,1.301682512402369
1343,2019-12-27 00:00:00-05:00,208.24208675477084,208.5015481010275,206.166350302222,207.6732635498047,10284200,0.0,0.0,0.1492001463744952
1344,2019-12-30 00:00:00-05:00,207.4337516659284,207.4736629396685,203.48186555572107,203.99082946777344,10524300,0.0,0.0,-1.773186407863292
1345,2019-12-31 00:00:00-05:00,203.5816497245166,205.1384481389516,203.18247611017333,204.8290863037109,8953500,0.0,0.0,0.41092868641425806
1346,2020-01-02 00:00:00-05:00,206.3260074706822,209.35976649107135,205.8469960943044,209.34979248046875,12077100,0.0,0.0,2.2070626092891565
1347,2020-01-03 00:00:00-05:00,206.7850832232889,209.9685287310612,206.52560665709257,208.24208068847656,11188400,0.0,0.0,-0.5291200812131303
1348,2020-01-06 00:00:00-05:00,206.27610700984133,212.34364027950417,206.09648345397,212.1640167236328,17058900,0.0,0.0,1.883354229937484
1349,2020-01-07 00:00:00-05:00,212.38356406235505,214.13994923869103,211.31575106888872,212.62306213378903,14912400,0.0,0.0,0.2163634612716514
1350,2020-01-08 00:00:00-05:00,212.56319217381943,215.7965532549822,212.1739925718969,214.7786407470703,13475000,0.0,0.0,1.0138028263015686
1351,2020-01-09 00:00:00-05:00,217.09388946562507,217.93217847154392,215.83647879799415,217.8523406982422,12642800,0.0,0.0,1.4311013145816176
1352,2020-01-10 00:00:00-05:00,218.7504697488477,219.4290831484425,216.9741213248306,217.61280822753903,12119400,0.0,0.0,-0.10995175444772354
1353,2020-01-13 00:00:00-05:00,219.14966516629613,221.5148000567413,218.76046556119127,221.45492553710935,14463400,0.0,0.0,1.7655749865389092
1354,2020-01-14 00:00:00-05:00,221.1555372209995,221.92396241873223,218.18165267506265,218.6107635498047,13288900,0.0,0.0,-1.2843073959211027
1355,2020-01-15 00:00:00-05:00,220.15758626910824,221.2253840561549,219.68854889996243,220.69647216796875,10036500,0.0,0.0,0.954074074074085
1356,2020-01-16 00:00:00-05:00,222.113578533863,222.17345305425667,219.9380411854085,221.31521606445312,10015300,0.0,0.0,0.28035966792141487
1357,2020-01-17 00:00:00-05:00,221.5746732143713,221.8341345403472,220.0777493227852,221.6844482421875,15905900,0.0,0.0,0.16683542338400414
1358,2020-01-21 00:00:00-05:00,221.7044256108281,221.91398644159804,218.6706511366028,220.98590087890625,14275800,0.0,0.0,-0.31510887156057654
1359,2020-01-22 00:00:00-05:00,221.8540946524343,222.2931947574906,220.82620814627845,220.8661346435547,12212800,0.0,0.0,-0.05419632423391274
1360,2020-01-23 00:00:00-05:00,220.297301431428,221.03578937339168,218.82034077499813,219.309326171875,11195000,0.0,0.0,-0.7048651773582937
1361,2020-01-24 00:00:00-05:00,220.347208112028,221.325194160671,215.66682346656123,217.4930725097656,11905800,0.0,0.0,-0.8281698247004754
1362,2020-01-27 00:00:00-05:00,212.66300772006167,215.6169292012127,212.06423203273465,214.4293670654297,13810700,0.0,0.0,-1.4086450703841846
1363,2020-01-28 00:00:00-05:00,215.69675829761155,218.29143253498543,213.08213603829464,217.34336853027344,13413800,0.0,0.0,1.3589563336045218
1364,2020-01-29 00:00:00-05:00,220.9858942594234,223.74022883095424,218.00202038630837,222.772216796875,33181300,0.0,0.0,2.497820984055177
1365,2020-01-30 00:00:00-05:00,206.1064634413143,210.99640881902016,204.3301149423111,209.10031127929688,48775500,0.0,0.0,-6.13716814159292
1366,2020-01-31 00:00:00-05:00,208.00255945168632,208.26203600800207,200.64767818991885,201.49594116210935,31359900,0.0,0.0,-3.63670913288614
1367,2020-02-03 00:00:00-05:00,203.02280877420367,204.7193195449362,202.084733992358,203.77127075195312,15495600,0.0,0.0,1.129218572205981
1368,2020-02-04 00:00:00-05:00,206.19626499287816,210.16811389136464,204.77917891383157,209.39968872070312,19628900,0.0,0.0,2.7621253712459604
1369,2020-02-05 00:00:00-05:00,212.0741950954672,212.29374515431925,208.28200002983448,209.6791229248047,12538200,0.0,0.0,0.13344537702453252
1370,2020-02-06 00:00:00-05:00,210.03839218780485,210.7569169081576,208.9107045963489,210.4176177978516,10567500,0.0,0.0,0.3522023856002754
1371,2020-02-07 00:00:00-05:00,209.86874116241137,212.3835776660281,209.49948956613764,211.8945770263672,12242500,0.0,0.0,0.7019180446831808
1372,2020-02-10 00:00:00-05:00,211.0862270079321,213.3615500515367,210.22799005446748,212.62306213378903,11856400,0.0,0.0,0.3437960129254236
1373,2020-02-11 00:00:00-05:00,209.75896941145805,210.4275936266593,206.0865080059893,206.7651214599609,25030800,0.0,0.0,-2.7550824520352957
1374,2020-02-12 00:00:00-05:00,207.42376841211325,210.7868526854393,206.97467904443056,210.32778930664065,13813700,0.0,0.0,1.7230506874292395
1375,2020-02-13 00:00:00-05:00,209.0903398145947,213.890473470214,208.75102548259323,212.70291137695312,15396600,0.0,0.0,1.1292478650311688
1376,2020-02-14 00:00:00-05:00,213.56114487229723,214.4892303889453,212.2139072599076,213.7407684326172,10741700,0.0,0.0,0.4879374000785308
1377,2020-02-18 00:00:00-05:00,213.11206350323084,217.53297133253733,212.96236198055303,217.3533477783203,15609200,0.0,0.0,1.690168596377073
1378,2020-02-19 00:00:00-05:00,217.5429657212801,217.8722908059723,215.6668162306084,217.0439910888672,12135100,0.0,0.0,-0.14232892781050888
1379,2020-02-20 00:00:00-05:00,216.07597761024005,218.3213634407856,212.5132914499092,214.13995361328125,13109200,0.0,0.0,-1.3379948742266223
1380,2020-02-21 00:00:00-05:00,213.0421979154808,213.8006490778681,208.40174007480823,209.74896240234372,14092300,0.0,0.0,-2.050524031992318
1381,2020-02-24 00:00:00-05:00,201.38616717357056,203.23236419979224,197.7636064247312,200.30838012695312,23080100,0.0,0.0,-4.500895817201478
1382,2020-02-25 00:00:00-05:00,201.8352434283568,203.08268003792637,195.5481598706266,196.36648559570312,21433500,0.0,0.0,-1.9679129394145511
1383,2020-02-26 00:00:00-05:00,196.7856192509045,200.79737958536955,195.08910853513484,196.79559326171875,16524500,0.0,0.0,0.21852388136085477
1384,2020-02-27 00:00:00-05:00,191.4266480451722,195.47831989397764,189.1113982872844,189.3608856201172,21682600,0.0,0.0,-3.777883192594733
1385,2020-02-28 00:00:00-05:00,182.3253332432414,192.34475269750916,181.4471482178956,192.07530212402344,32568900,0.0,0.0,1.4334620874934645
1386,2020-03-02 00:00:00-05:00,193.6321088507676,196.16690869690703,188.46273858867764,196.03717041015625,24949000,0.0,0.0,2.062664091802202
1387,2020-03-03 00:00:00-05:00,195.81760684174776,196.83551936014084,183.592728292729,185.5087890625,27984100,0.0,0.0,-5.370604628514264
1388,2020-03-04 00:00:00-05:00,188.782060061192,191.4366087526544,186.00776233109124,191.3667449951172,23062500,0.0,0.0,3.1577781097172686
1389,2020-03-05 00:00:00-05:00,186.39696690809552,188.60244153601928,183.51289407311685,184.79026794433597,19333400,0.0,0.0,-3.4365830128683106
1390,2020-03-06 00:00:00-05:00,177.9642934526013,183.40311387683715,175.8985311741637,180.7186279296875,24559600,0.0,0.0,-2.2033844422342352
1391,2020-03-09 00:00:00-04:00,169.25220580523214,174.64112588437962,164.8512457783463,169.15240478515625,29949000,0.0,0.0,-6.400127799239009
1392,2020-03-10 00:00:00-04:00,174.3117992252904,177.92437075261927,169.15240326566683,177.8245849609375,24517800,0.0,0.0,5.12684415382445
1393,2020-03-11 00:00:00-04:00,173.65315767375503,175.51933327815837,167.31618855591,169.89089965820312,20373900,0.0,0.0,-4.461523306508575
1394,2020-03-12 00:00:00-04:00,159.21282376524317,166.2583585764323,154.02349047866437,154.15322875976562,43266300,0.0,0.0,-9.263398410450186
1395,2020-03-13 00:00:00-04:00,163.19464378286207,170.43975004014055,157.27681188912382,169.93080139160156,35028600,0.0,0.0,10.234993297755635
1396,2020-03-16 00:00:00-04:00,152.00764414060012,158.8036764128523,142.80655040936512,145.7105712890625,39120400,0.0,0.0,-14.25299586902089
1397,2020-03-17 00:00:00-04:00,150.43087145137775,153.62430592148365,139.71289130772888,149.1135711669922,34255600,0.0,0.0,2.335451606444372
1398,2020-03-18 00:00:00-04:00,139.4634094857209,147.87611446249448,136.81885003012118,146.65863037109375,37553100,0.0,0.0,-1.6463563823772676
1399,2020-03-19 00:00:00-04:00,146.3193194078963,159.60202196519506,144.50305962608005,152.81597900390625,39862300,0.0,0.0,4.198422293480042
1400,2020-03-20 00:00:00-04:00,155.7000526845986,158.94338788116264,147.69649510507045,149.42294311523438,32568400,0.0,0.0,-2.2203410342220398
1401,2020-03-23 00:00:00-04:00,149.3530936138633,151.99765312751512,141.9582857590892,147.79629516601562,29830800,0.0,0.0,-1.0886199370094607
1402,2020-03-24 00:00:00-04:00,154.89171540868955,160.97919691791225,152.25712990226415,160.64987182617188,30440400,0.0,0.0,8.696819257693967
1403,2020-03-25 00:00:00-04:00,158.5940977171247,162.6557585950739,152.74611432844813,155.88966369628906,35184300,0.0,0.0,-2.9630948819140746
1404,2020-03-26 00:00:00-04:00,157.92547710574377,163.66368559457806,156.69800372748384,163.00503540039062,26556800,0.0,0.0,4.56436400938296
1405,2020-03-27 00:00:00-04:00,157.87557221496024,159.7616957350782,154.43265026268105,156.4684600830078,24879900,0.0,0.0,-4.010045027950804
1406,2020-03-30 00:00:00-04:00,158.8535592781074,166.40804264627036,157.7358609559212,165.60968017578125,22515200,0.0,0.0,5.842212601775421
1407,2020-03-31 00:00:00-04:00,165.14063125021707,170.57945140722467,163.86325747773623,166.4579315185547,23676300,0.0,0.0,0.51219913103695
1408,2020-04-01 00:00:00-04:00,161.2885515827106,163.813361946199,157.71589146986014,159.272705078125,19507600,0.0,0.0,-4.3165419483953915
1409,2020-04-02 00:00:00-04:00,158.7737380942324,161.01912399622657,155.60025143444847,157.8656005859375,20886300,0.0,0.0,-0.8834561398937124
1410,2020-04-03 00:00:00-04:00,156.8277259380102,157.5861771493552,150.5206942990495,153.8638153076172,25983300,0.0,0.0,-2.5349317796069526
1411,2020-04-06 00:00:00-04:00,159.82157487805145,165.85917121023698,158.18493862927286,165.21051025390625,28453600,0.0,0.0,7.374505125590325
1412,2020-04-07 00:00:00-04:00,171.4377012685715,173.0344262183509,165.66955560942736,168.48377990722656,31411900,0.0,0.0,1.98127204394547
1413,2020-04-08 00:00:00-04:00,170.89880718697026,174.64111683340025,167.39601083981066,173.92259216308594,21664200,0.0,0.0,3.2280924958201895
1414,2020-04-09 00:00:00-04:00,175.53926970401017,176.7168577555556,171.2181627847514,174.8307342529297,23534300,0.0,0.0,0.5221530328803903
1415,2020-04-13 00:00:00-04:00,173.3138507442808,174.64112512251162,169.10250353741245,174.43154907226562,19355400,0.0,0.0,-0.22832666256870082
1416,2020-04-14 00:00:00-04:00,178.6129476401554,180.8583333915448,176.25778686515378,177.8046112060547,21011800,0.0,0.0,1.9337454444044555
1417,2020-04-15 00:00:00-04:00,174.8307376725707,177.8245855275197,172.46560273996025,176.60708618164062,17423000,0.0,0.0,-0.673506168535909
1418,2020-04-16 00:00:00-04:00,177.58507583702894,177.6848768585606,172.15622917966297,175.88856506347656,23593200,0.0,0.0,-0.40684727532680487
1419,2020-04-17 00:00:00-04:00,178.83251002437137,179.91029708669043,176.29772552359162,178.8724365234375,20974800,0.0,0.0,1.696455627393445
1420,2020-04-20 00:00:00-04:00,177.04619667759047,180.12985649427793,176.4075097068769,177.87449645996094,16110700,0.0,0.0,-0.5579060043417017
1421,2020-04-21 00:00:00-04:00,174.89060873365543,175.02034701093604,167.99477565623403,170.44973754882812,24850500,0.0,0.0,-4.174155968899173
1422,2020-04-22 00:00:00-04:00,178.0840414912798,184.401062102092,177.77467965866057,181.90618896484372,33242000,0.0,0.0,6.721307747824312
1423,2020-04-23 00:00:00-04:00,183.70250118605637,186.66641169964677,182.77440045809,184.75035095214844,21426600,0.0,0.0,1.563532281935931
1424,2020-04-24 00:00:00-04:00,182.8542518135644,190.0195359346401,180.4591795080924,189.68023681640625,28792000,0.0,0.0,2.6684040592348746
1425,2020-04-27 00:00:00-04:00,192.26491581768545,193.35267690022783,187.02568199200184,187.1154937744141,29197800,0.0,0.0,-1.3521403626644557
1426,2020-04-28 00:00:00-04:00,188.2731206469889,188.81200657477004,182.1856237595645,182.534912109375,21731000,0.0,0.0,-2.4479969951400338
1427,2020-04-29 00:00:00-04:00,190.53845407464797,196.50620190051848,189.6103685273709,193.79177856445312,45954500,0.0,0.0,6.166966266887619
1428,2020-04-30 00:00:00-04:00,206.49566632405083,209.25999013530117,201.15664673152511,204.2902069091797,46230100,0.0,0.0,5.4173755060692
1429,2020-05-01 00:00:00-04:00,201.1865851463031,206.8549298660432,198.6418113835861,201.85520935058597,30415600,0.0,0.0,-1.1919306340887115
1430,2020-05-04 00:00:00-04:00,199.7894445864703,205.48774172602256,198.35239517409647,204.8390655517578,19250700,0.0,0.0,1.4782160989412096
1431,2020-05-05 00:00:00-04:00,206.5954699725069,209.9485802559455,206.07653206873124,206.64537048339844,21071200,0.0,0.0,0.8818166235894154
1432,2020-05-06 00:00:00-04:00,207.6932073749277,211.16608196846929,206.2362098967449,208.04249572753903,21857000,0.0,0.0,0.67609801316737
1433,2020-05-07 00:00:00-04:00,210.72696592112828,211.1660660246867,208.61130317011927,210.8267517089844,15152000,0.0,0.0,1.3383111809482262
1434,2020-05-08 00:00:00-04:00,211.8047604926525,212.77277251164588,210.417611603708,211.9145355224609,12506000,0.0,0.0,0.5159609986203462
1435,2020-05-11 00:00:00-04:00,210.45751603542087,214.55908804861284,209.93857816341807,212.7428131103516,12911900,0.0,0.0,0.3908545423033871
1436,2020-05-12 00:00:00-04:00,212.85260448606715,214.83852912151556,209.5693579122085,209.66915893554688,14704600,0.0,0.0,-1.4447746224030555
1437,2020-05-13 00:00:00-04:00,209.00052002292924,210.3477577039509,201.6955388753296,204.67941284179688,20684600,0.0,0.0,-2.379818815071355
1438,2020-05-14 00:00:00-04:00,202.1446101994508,206.50564382002955,200.2784498588367,206.38589477539065,17178900,0.0,0.0,0.8337340379771296
1439,2020-05-15 00:00:00-04:00,204.8490592990997,210.90660369757808,203.701408455139,210.4475555419922,19383200,0.0,0.0,1.967993389772027
1440,2020-05-18 00:00:00-04:00,211.7149318474792,214.199831015293,210.5074217564212,212.7528076171875,20151900,0.0,0.0,1.095404538797462
1441,2020-05-19 00:00:00-04:00,212.8326442395869,220.03783915885063,212.39354412611416,216.43524169921875,31843200,0.0,0.0,1.7308509924142346
1442,2020-05-20 00:00:00-04:00,223.0416647480107,230.865583472044,222.73230290668377,229.49839782714844,50162900,0.0,0.0,6.035595693830498
1443,2020-05-21 00:00:00-04:00,234.2386544722904,236.7135644045273,230.7258687691978,230.9154815673828,47782600,0.0,0.0,0.6174699926670968
1444,2020-05-22 00:00:00-04:00,231.03523175261157,235.50605547961916,228.27092321772892,234.4282684326172,33925600,0.0,0.0,1.521243548241391
1445,2020-05-26 00:00:00-04:00,239.27829915117027,240.40597146412375,231.194904026562,231.72381591796875,33178300,0.0,0.0,-1.1536375424049172
1446,2020-05-27 00:00:00-04:00,228.60025644685507,230.0871911776832,220.6765364649322,228.67010498046875,34697600,0.0,0.0,-1.317823515637695
1447,2020-05-28 00:00:00-04:00,223.84002533337437,231.15499534333176,223.54063750550145,224.9976501464844,29377200,0.0,0.0,-1.606005662304666
1448,2020-05-29 00:00:00-04:00,224.7381777412924,227.0234901496936,222.4229432997984,224.6284027099609,23241500,0.0,0.0,-0.16411168573675639
1449,2020-06-01 00:00:00-04:00,224.12942179485756,231.9633296169141,223.0416607504948,231.43441772460935,18223800,0.0,0.0,3.0298995730456912
1450,2020-06-02 00:00:00-04:00,230.46640361770991,232.52217664867635,226.0953810036181,232.2427520751953,20919000,0.0,0.0,0.3492714517284279
1451,2020-06-03 00:00:00-04:00,231.6340169243888,232.1729028562756,228.061356536886,229.68801879882807,15380300,0.0,0.0,-1.1000271283127416
1452,2020-06-04 00:00:00-04:00,229.0892260260945,231.154988270462,224.14938031358145,225.825927734375,17041500,0.0,0.0,-1.6814508151753782
1453,2020-06-05 00:00:00-04:00,226.24508140680328,230.8755653225991,224.84794331882784,230.2967529296875,16750400,0.0,0.0,1.979766114620496
1454,2020-06-08 00:00:00-04:00,228.56032585863417,231.07516234620653,226.94365287322944,230.9254608154297,15466500,0.0,0.0,0.27299902310569113
1455,2020-06-09 00:00:00-04:00,231.0452258575425,239.27830757035005,229.937501527083,238.18055725097656,27462900,0.0,0.0,3.141748168403824
1456,2020-06-10 00:00:00-04:00,240.46587392471855,240.7153612537614,234.797513890567,236.2445373535156,20720700,0.0,0.0,-0.8128370845236321
1457,2020-06-11 00:00:00-04:00,229.46845190868189,232.4123991369201,223.09155684009244,223.96974182128903,26708200,0.0,0.0,-5.195800787494442
1458,2020-06-12 00:00:00-04:00,229.42852163613264,231.1849220246177,224.0396018910004,228.1112365722656,22091400,0.0,0.0,1.8491313680582655
1459,2020-06-15 00:00:00-04:00,224.6284007663148,233.29060847302495,224.33900217394373,232.0232086181641,15340300,0.0,0.0,1.714940528437836
1460,2020-06-16 00:00:00-04:00,236.6536979958459,237.97099838996743,232.52218847496152,235.166748046875,15236700,0.0,0.0,1.3548383575214595
1461,2020-06-17 00:00:00-04:00,234.5180851602785,237.10277018893487,231.2547866903063,235.0469970703125,19578100,0.0,0.0,-0.05092173003073963
1462,2020-06-18 00:00:00-04:00,234.5081127046083,235.6557483145585,231.6739251050172,235.45616149902344,15782500,0.0,0.0,0.1740777094840107
1463,2020-06-19 00:00:00-04:00,237.3023589209197,240.33613334044145,235.06696221969105,238.30030822753903,30081300,0.0,0.0,1.2079304743644936
1464,2020-06-22 00:00:00-04:00,238.07078096419133,240.2063918426722,236.4241707213081,238.72943115234372,18917800,0.0,0.0,0.18007652948353048
1465,2020-06-23 00:00:00-04:00,240.7851871441267,244.6871722580126,239.36810107572623,241.74322509765625,24017900,0.0,0.0,1.2624308325810407
1466,2020-06-24 00:00:00-04:00,240.7053687823373,242.72123063762973,232.20283645904763,233.54010009765625,20834900,0.0,0.0,-3.393321569481922
1467,2020-06-25 00:00:00-04:00,234.1388619600773,236.8133740259856,232.2627276142141,235.1966857910156,18704300,0.0,0.0,0.7093367231865599
1468,2020-06-26 00:00:00-04:00,232.1629245702251,232.6119987097784,214.9582731543009,215.6368865966797,76343900,0.0,0.0,-8.316358340064278
1469,2020-06-29 00:00:00-04:00,209.31986336938323,220.2973055484689,206.6852778555026,220.18753051757807,58514300,0.0,0.0,2.11032722310156
1470,2020-06-30 00:00:00-04:00,220.13763243065137,227.03346574819605,218.0219847874675,226.60435485839844,33927100,0.0,0.0,2.914254193112953
1471,2020-07-01 00:00:00-04:00,228.03140705817424,238.50987434093497,227.0933323126513,237.06285095214844,43399700,0.0,0.0,4.615311166586067
1472,2020-07-02 00:00:00-04:00,238.50988902502667,239.5078383514912,232.13299343801813,232.9413299560547,30633600,0.0,0.0,-1.7385773348881584
1473,2020-07-06 00:00:00-04:00,233.28061327254235,239.90699574236737,231.793678622418,239.7872467041016,26206200,0.0,0.0,2.9389017180156074
1474,2020-07-07 00:00:00-04:00,238.9190349742679,247.14212709606903,238.3302485679733,240.36605834960935,27887800,0.0,0.0,0.24138550046493013
1475,2020-07-08 00:00:00-04:00,237.62169135658445,246.4834853765745,236.10480426588867,243.0804748535156,29791300,0.0,0.0,1.1292844432961413
1476,2020-07-09 00:00:00-04:00,244.49758611573765,246.0244473740973,238.7494034505895,243.9986114501953,22174900,0.0,0.0,0.3777089037007242
1477,2020-07-10 00:00:00-04:00,243.190253759052,244.98656544413765,238.8292204346333,244.5674285888672,22982700,0.0,0.0,0.23312310479601805
1478,2020-07-13 00:00:00-04:00,246.50344050364768,249.63700056170543,237.93106004013092,238.50987243652344,24674900,0.0,0.0,-2.4768450105131845
1479,2020-07-14 00:00:00-04:00,236.27447734010784,239.837163749132,231.55418128387117,239.23838806152344,23378100,0.0,0.0,0.3054446415813983
1480,2020-07-15 00:00:00-04:00,241.05464652657108,244.31794486678905,237.5618241205113,239.7872467041016,19133600,0.0,0.0,0.22941913587755103
1481,2020-07-16 00:00:00-04:00,237.5119290003007,241.2642128168937,235.84535552747224,240.4359130859375,18880700,0.0,0.0,0.2705174652746889
1482,2020-07-17 00:00:00-04:00,240.50577435754275,243.6592977091124,237.37221425509625,241.53366088867188,18152400,0.0,0.0,0.45656565553999773
1483,2020-07-20 00:00:00-04:00,239.56770862522768,245.5454304666169,235.1567745077953,244.91671752929688,20872200,0.0,0.0,1.400656383949861
1484,2020-07-21 00:00:00-04:00,245.7150609670101,246.40364837305737,239.587653295476,241.2542266845703,19364200,0.0,0.0,-1.495402552211833
1485,2020-07-22 00:00:00-04:00,239.7672971582841,241.40393342727413,237.63168623133976,239.3780975341797,15427900,0.0,0.0,-0.777656489659595
1486,2020-07-23 00:00:00-04:00,239.1385830915408,241.9228547924365,231.274738147116,232.1230010986328,21771800,0.0,0.0,-3.0308104669062086
1487,2020-07-24 00:00:00-04:00,229.71795479374063,233.0111905721097,226.43469302660216,230.2368927001953,18325800,0.0,0.0,-0.8125469641141136
1488,2020-07-27 00:00:00-04:00,230.9853540476445,234.46818739477428,230.3566411093956,233.0211639404297,13163100,0.0,0.0,1.2093071651466003
1489,2020-07-28 00:00:00-04:00,234.14884760714355,234.4781727012989,229.35868795283503,229.6480865478516,14170100,0.0,0.0,-1.4475412170889324
1490,2020-07-29 00:00:00-04:00,230.6659995780948,233.2207473384556,229.8376998354391,232.81158447265625,13588300,0.0,0.0,1.3775415995662899
1491,2020-07-30 00:00:00-04:00,229.74789732335003,234.40831889458664,228.53039791538265,234.0191192626953,20615300,0.0,0.0,0.5186747011641568
1492,2020-07-31 00:00:00-04:00,255.2953802622894,255.32531752109924,248.489359179578,253.1497802734375,53005100,0.0,0.0,8.174828223871433
1493,2020-08-03 00:00:00-04:00,252.13188582801396,254.8762464168811,249.81665135861405,251.4433135986328,23124900,0.0,0.0,-0.6740936819939036
1494,2020-08-04 00:00:00-04:00,251.04412073597973,252.2815833363944,246.92258529909265,249.3176727294922,17183500,0.0,0.0,-0.8453757782295512
1495,2020-08-05 00:00:00-04:00,249.67692862151603,251.75266491648048,247.26189323162885,248.60911560058597,13050100,0.0,0.0,-0.28419851715646427
1496,2020-08-06 00:00:00-04:00,248.5292901129145,266.0532928334882,248.1600537400473,264.7359924316406,45241600,0.0,0.0,6.486840513508763
1497,2020-08-07 00:00:00-04:00,263.53842133590933,278.31807756732456,262.8897604222941,267.8894958496094,72766400,0.0,0.0,1.1911880167873479
1498,2020-08-10 00:00:00-04:00,267.49033578258974,273.2983774951174,259.1574531336857,262.4606628417969,30248800,0.0,0.0,-2.0265195507554346
1499,2020-08-11 00:00:00-04:00,259.65643869037154,265.37469931686013,254.6068175153908,255.60476684570312,28238300,0.0,0.0,-2.6121613509092922
1500,2020-08-12 00:00:00-04:00,258.4389289168253,263.3588116086081,257.5806766906041,259.3570556640625,21415700,0.0,0.0,1.4680042413389272
1501,2020-08-13 00:00:00-04:00,261.0136169538466,264.61622962156747,259.03769690885895,260.7641296386719,17374000,0.0,0.0,0.5425238850767622
1502,2020-08-14 00:00:00-04:00,261.7720671645683,262.1113662573454,258.1495064888965,260.7042541503906,14792700,0.0,0.0,-0.02296155087135876
1503,2020-08-17 00:00:00-04:00,261.96169913122594,263.55842415026325,258.8680501171531,260.6244506835937,13351100,0.0,0.0,-0.030610726724422666
1504,2020-08-18 00:00:00-04:00,260.41486833559856,264.6062369023994,258.7283316708043,261.802001953125,18690400,0.0,0.0,0.45181918520795783
1505,2020-08-19 00:00:00-04:00,260.8539623581331,267.36058033677045,260.814035861763,262.0514831542969,23291500,0.0,0.0,0.09529384775925909
1506,2020-08-20 00:00:00-04:00,260.9637347247621,269.07706718192964,260.92380822646874,268.4583435058594,20299700,0.0,0.0,2.4448861248345333
1507,2020-08-21 00:00:00-04:00,268.1390109631715,269.93530759559894,265.87367692211063,266.46246337890625,15538600,0.0,0.0,-0.7434598980566087
1508,2020-08-24 00:00:00-04:00,270.51411450225635,276.68143364915056,268.2188129203577,270.8334655761719,23685600,0.0,0.0,1.64038196669003
1509,2020-08-25 00:00:00-04:00,271.8513830312725,282.5094746602285,269.705798043898,280.244140625,42127200,0.0,0.0,3.4747090906243283
1510,2020-08-26 00:00:00-04:00,283.4175995777687,304.045224890898,283.4175995777687,303.2867736816406,69015200,0.0,0.0,8.222342492246582
1511,2020-08-27 00:00:00-04:00,299.5444531532741,300.6122661693077,291.42113156886126,292.6186828613281,30301300,0.0,0.0,-3.5174929294842117
1512,2020-08-28 00:00:00-04:00,294.3950180672665,296.6204557778097,290.38327319163886,293.0577697753906,17157400,0.0,0.0,0.15005429925696312
1513,2020-08-31 00:00:00-04:00,293.34718628248345,296.2711701966714,290.9520837832917,292.5987243652344,17345100,0.0,0.0,-0.1566399043124056
1514,2020-09-01 00:00:00-04:00,294.10562302656217,300.8717179093968,292.1097244716848,294.8341369628906,17295900,0.0,0.0,0.7639857632687042
1515,2020-09-02 00:00:00-04:00,298.2670673727989,302.97738890349865,292.4490063726902,301.879638671875,24341400,0.0,0.0,2.3896492385721224
1516,2020-09-03 00:00:00-04:00,295.38298769344954,296.98970181673474,283.04834962646333,290.5229797363281,32294100,0.0,0.0,-3.761982419718901
1517,2020-09-04 00:00:00-04:00,286.66092724731845,288.4073384664057,270.5839791574329,282.15020751953125,30333700,0.0,0.0,-2.881965558936439
1518,2020-09-08 00:00:00-04:00,270.7236919174047,278.7272345474852,268.86752078959165,270.6039428710937,24864000,0.0,0.0,-4.092240353088627
1519,2020-09-09 00:00:00-04:00,275.2044753476092,277.90893995535293,270.7935563705821,273.15869140625,22918800,0.0,0.0,0.9440913935142792
1520,2020-09-10 00:00:00-04:00,274.9450193184128,278.5875281449876,266.48239835433327,267.54022216796875,24814700,0.0,0.0,-2.056851718448638
1521,2020-09-11 00:00:00-04:00,269.5062003964777,270.83349009353253,262.10143323658343,266.0632629394531,18913900,0.0,0.0,-0.5520512828117274
1522,2020-09-14 00:00:00-04:00,270.39439275655974,276.0727270824936,265.1551585878332,265.6042175292969,24093800,0.0,0.0,-0.17253242897374843
1523,2020-09-15 00:00:00-04:00,270.1149473872585,273.95702778496536,268.7477312794693,271.8613586425781,18478500,0.0,0.0,2.3558139142090484
1524,2020-09-16 00:00:00-04:00,266.74187202330364,271.88130473287293,261.253150974153,262.9795837402344,29183400,0.0,0.0,-3.267023657459467
1525,2020-09-17 00:00:00-04:00,257.7503509782585,260.963749029634,249.67694457683612,254.2974548339844,31281400,0.0,0.0,-3.301445984044904
1526,2020-09-18 00:00:00-04:00,257.8700881445467,258.66846584242165,249.53722078388267,252.0121307373047,28130800,0.0,0.0,-0.8986814666201326
1527,2020-09-21 00:00:00-04:00,247.03234837645107,249.4374097014652,243.62935303809792,247.6410980224609,24709400,0.0,0.0,-1.7344532987581096
1528,2020-09-22 00:00:00-04:00,252.79052023417788,254.79640795762072,247.71096224338916,254.22756958007807,30293100,0.0,0.0,2.6596843618500454
1529,2020-09-23 00:00:00-04:00,254.73653225100455,257.4609295700476,247.6411121352019,248.50933837890625,19641300,0.0,0.0,-2.2492569199386803
1530,2020-09-24 00:00:00-04:00,245.99451003406185,251.72274467456373,245.1163097501874,249.01829528808597,20006800,0.0,0.0,0.20480393714770173
1531,2020-09-25 00:00:00-04:00,248.8885560810493,255.2255403989633,246.1042841586144,254.2974548339844,18351300,0.0,0.0,2.1199886296671577
1532,2020-09-28 00:00:00-04:00,258.8680306384656,259.0676326714498,254.2974364510727,256.2933349609375,18826300,0.0,0.0,0.7848604415864324
1533,2020-09-29 00:00:00-04:00,257.2812943222372,262.7899632316314,256.37315684796306,261.2531433105469,20200200,0.0,0.0,1.9352076987742661
1534,2020-09-30 00:00:00-04:00,261.44276803769515,265.534335795246,259.56661848477165,261.3629150390625,20142500,0.0,0.0,0.042017380967984685
1535,2020-10-01 00:00:00-04:00,264.8058475751722,267.7797169387816,264.2569571981001,266.0832214355469,20009800,0.0,0.0,1.8060352578248784
1536,2020-10-02 00:00:00-04:00,260.67430592598697,264.6062282695352,258.64847023771154,259.40692138671875,16367600,0.0,0.0,-2.509102232304916
1537,2020-10-05 00:00:00-04:00,261.66231183867666,264.3268193456008,260.3050849893673,264.1072692871094,12822300,0.0,0.0,1.8119593244713128
1538,2020-10-06 00:00:00-04:00,261.2431746769488,265.1451602161462,257.71042551745853,258.12957763671875,18696900,0.0,0.0,-2.2633574859661665
1539,2020-10-07 00:00:00-04:00,258.6784288039754,259.6464408404748,254.29744722579463,257.5906677246094,23133400,0.0,0.0,-0.20877495599044282
1540,2020-10-08 00:00:00-04:00,259.21732978606224,264.0773379875964,258.6185541171165,263.2191162109375,16312800,0.0,0.0,2.1850358695236327
1541,2020-10-09 00:00:00-04:00,263.9775481516726,264.2070874634095,261.63239156934713,263.90771484375,14107800,0.0,0.0,0.26160661988572365
1542,2020-10-12 00:00:00-04:00,269.6459329529435,279.6054482111675,267.32069385744774,275.1845397949219,31019300,0.0,0.0,4.27301830029807
1543,2020-10-13 00:00:00-04:00,277.0107494220689,278.52765182806473,272.82936993210745,275.57373046875,18063300,0.0,0.0,0.1414289749410269
1544,2020-10-14 00:00:00-04:00,277.050666727217,278.1783542558334,270.94322217204945,271.2625732421875,15577800,0.0,0.0,-1.564429678848278
1545,2020-10-15 00:00:00-04:00,267.051234912078,268.4882843197121,263.1293015289493,266.17303466796875,15416100,0.0,0.0,-1.8762406156468625
1546,2020-10-16 00:00:00-04:00,266.831682186325,270.8134900504243,264.7559306382518,265.3846435546875,16622700,0.0,0.0,-0.29619495989318123
1547,2020-10-19 00:00:00-04:00,264.9854573037524,267.9992530086412,259.3470502563147,260.8639221191406,13587000,0.0,0.0,-1.7034600702565905
1548,2020-10-20 00:00:00-04:00,262.5205500075044,269.14694821986444,262.34092643614446,267.0113220214844,18763200,0.0,0.0,2.3565542725897393
1549,2020-10-21 00:00:00-04:00,278.98670125909246,282.4695345378796,275.8032405855036,278.1584167480469,28998600,0.0,0.0,4.174764816027388
1550,2020-10-22 00:00:00-04:00,279.29606335986296,281.8707895869199,274.47598168176114,277.5496520996094,16720000,0.0,0.0,-0.21885537585185633
1551,2020-10-23 00:00:00-04:00,278.2282565522781,284.65505257063165,276.252336401819,284.2059936523437,17535200,0.0,0.0,2.3982525297294943
1552,2020-10-26 00:00:00-04:00,282.5792979189108,284.6450600632804,273.69755616786813,276.54168701171875,21322900,0.0,0.0,-2.6967434930314504
1553,2020-10-27 00:00:00-04:00,278.188366653776,283.9265753358753,275.7433785985349,282.7090759277344,16287200,0.0,0.0,2.2301841659605914
1554,2020-10-28 00:00:00-04:00,278.21828472839746,278.21828472839746,266.71193089585114,267.12109375,23121800,0.0,0.0,-5.513789087450083
1555,2020-10-29 00:00:00-04:00,275.9828375044433,283.0183975973246,273.21852920000185,280.2540588378906,32368100,0.0,0.0,4.9164837203691025
1556,2020-10-30 00:00:00-04:00,273.93706026082435,276.13256072177904,258.568648399121,262.5704040527344,47247800,0.0,0.0,-6.309865719156327
1557,2020-11-02 00:00:00-05:00,264.0573814530274,269.9153387622959,256.81226004783605,260.8240051269531,27165700,0.0,0.0,-0.6651164407053711
1558,2020-11-03 00:00:00-05:00,262.6203248794435,269.4961792861937,260.34500183714533,264.75592041015625,17961900,0.0,0.0,1.507497471825614
1559,2020-11-04 00:00:00-05:00,280.4237584088468,288.3474784316032,278.0486341587767,286.7906799316406,35364400,0.0,0.0,8.32266922958642
1560,2020-11-05 00:00:00-05:00,291.30138584116725,296.77015880492525,288.3574537674705,294.07568359375,23823600,0.0,0.0,2.540181453541601
1561,2020-11-06 00:00:00-05:00,293.3472202620374,293.99588124112483,287.46928403931355,292.8083190917969,13891000,0.0,0.0,-0.4309654189919132
1562,2020-11-09 00:00:00-05:00,289.27554605889185,291.9799800161413,277.9588051467358,278.19830322265625,25117700,0.0,0.0,-4.989617752137809
1563,2020-11-10 00:00:00-05:00,272.5399467719857,273.4380950076543,263.4586024891268,271.8713073730469,29067700,0.0,0.0,-2.274275499281375
1564,2020-11-11 00:00:00-05:00,272.9091878565609,277.8290704443421,271.9212278256865,275.9130249023437,14957000,0.0,0.0,1.4866289379154685
1565,2020-11-12 00:00:00-05:00,276.6115686783875,279.1763055867207,273.86720821238754,274.515869140625,12899500,0.0,0.0,-0.5063754283485489
1566,2020-11-13 00:00:00-05:00,277.15049010107475,277.1904166018114,272.5399690533828,276.382080078125,10391200,0.0,0.0,0.6798189639608765
1567,2020-11-16 00:00:00-05:00,274.4859237879733,278.8369982714672,274.0668021657751,278.3879089355469,12970400,0.0,0.0,0.7257449024389961
1568,2020-11-17 00:00:00-05:00,277.1105625682866,277.1105625682866,272.7295808474008,274.4360656738281,15040300,0.0,0.0,-1.4195455818570402
1569,2020-11-18 00:00:00-05:00,273.9570203986042,276.8211603623022,271.2825236860513,271.4122619628906,12152900,0.0,0.0,-1.1018244644752095
1570,2020-11-19 00:00:00-05:00,270.4642035188464,272.90919144242247,268.6379697324778,272.3802795410156,12963700,0.0,0.0,0.3566594858773753
1571,2020-11-20 00:00:00-05:00,272.00103171680854,272.4401318015328,268.85749782548174,269.1469116210937,18114700,0.0,0.0,-1.1870785672774997
1572,2020-11-23 00:00:00-05:00,270.3345245431211,270.39439907004765,263.9875505939256,267.8795471191406,20990800,0.0,0.0,-0.4708820526007962
1573,2020-11-24 00:00:00-05:00,267.9394063219735,277.2502906415132,267.32068260912024,276.3521423339844,16930400,0.0,0.0,3.162837665645113
1574,2020-11-25 00:00:00-05:00,277.56963027231325,279.6054248972943,272.09086795818496,275.0248413085937,12467000,0.0,0.0,-0.4802933728614178
1575,2020-11-27 00:00:00-05:00,276.82117375470045,278.55759580872376,274.25643671847337,277.24029541015625,7808400,0.0,0.0,0.8055469066071241
1576,2020-11-30 00:00:00-05:00,275.4639333148357,277.13052198101946,270.4542389880644,276.4020080566406,16693300,0.0,0.0,-0.302368511141371
1577,2020-12-01 00:00:00-05:00,278.5875420238927,288.7067325172292,278.3879399734534,285.9623718261719,20738900,0.0,0.0,3.4588619079685357
1578,2020-12-02 00:00:00-05:00,284.7747848409219,291.181632459401,280.2540759331379,286.93035888671875,17361600,0.0,0.0,0.33850154982464353
1579,2020-12-03 00:00:00-05:00,285.6629737979772,286.06214740835543,280.4936039743426,281.2720031738281,12921700,0.0,0.0,-1.9720310304022437
1580,2020-12-04 00:00:00-05:00,279.72517954846927,282.87870302421857,278.72723023797886,279.1264343261719,10880300,0.0,0.0,-0.7628092463686342
1581,2020-12-07 00:00:00-05:00,278.6174739109904,287.8983904324328,277.6295138268681,284.9943542480469,13007700,0.0,0.0,2.102244431288103
1582,2020-12-08 00:00:00-05:00,285.42348057099764,285.842602209766,280.97260489744394,282.8188171386719,10747700,0.0,0.0,-0.7633614760948926
1583,2020-12-09 00:00:00-05:00,283.0782860504531,287.0401457651329,271.19270690641355,277.3500671386719,25189700,0.0,0.0,-1.9336584656312161
1584,2020-12-10 00:00:00-05:00,274.9749503312394,278.15841093833745,271.3024738725373,276.5516967773437,20065100,0.0,0.0,-0.28785655960523737
1585,2020-12-11 00:00:00-05:00,273.96701493118337,275.9130282113904,269.69579322613487,272.989013671875,14391400,0.0,0.0,-1.2882521231959987
1586,2020-12-14 00:00:00-05:00,272.80939034402485,276.65150117067435,271.0031045800277,273.6277160644531,16376900,0.0,0.0,0.23396633585621718
1587,2020-12-15 00:00:00-05:00,274.2663995842203,275.5138362404461,266.92150717076146,274.98492431640625,23979500,0.0,0.0,0.49600540159953077
1588,2020-12-16 00:00:00-05:00,274.1965378467984,277.29015606947473,271.95115209840816,275.10467529296875,15885000,0.0,0.0,0.04354819700032042
1589,2020-12-17 00:00:00-05:00,276.5018299016567,279.8649142919914,273.0489032706631,273.9171447753906,16377800,0.0,0.0,-0.43166497127447023
1590,2020-12-18 00:00:00-05:00,275.204447514243,277.42988525544945,270.5839681729385,275.8331604003906,26693200,0.0,0.0,0.6994872944412034
1591,2020-12-21 00:00:00-05:00,272.4202036186596,274.1067403271184,267.2408444532735,272.2305908203125,16553700,0.0,0.0,-1.3060683403143925
1592,2020-12-22 00:00:00-05:00,270.94322678060627,270.94322678060627,264.0873201691227,266.5422668457031,17312900,0.0,0.0,-2.089524163125367
1593,2020-12-23 00:00:00-05:00,266.3427117163656,271.6118829687614,265.6840615029416,267.5601806640625,14329000,0.0,0.0,0.3818958360358726
1594,2020-12-24 00:00:00-05:00,268.32859938992914,269.84547128713257,265.65410270736226,266.85162353515625,6702000,0.0,0.0,-0.2648215915939667
1595,2020-12-28 00:00:00-05:00,268.1888751443005,276.731318397629,265.1152048150165,276.43194580078125,23299700,0.0,0.0,3.590130777061895
1596,2020-12-29 00:00:00-05:00,276.38206712268027,279.9347641467928,275.71342770041963,276.21240234375,16383000,0.0,0.0,-0.07942043615662975
1597,2020-12-30 00:00:00-05:00,277.3800182401647,277.50972606609065,271.1527939409028,271.3124694824219,11803800,0.0,0.0,-1.7739727904144242
1598,2020-12-31 00:00:00-05:00,271.44219820404794,276.5217562731935,269.25668689240257,272.5998229980469,12900400,0.0,0.0,0.4744910980615247
1599,2021-01-04 00:00:00-05:00,274.216509061483,274.4360591269844,264.65616811100296,268.38848876953125,15106100,0.0,0.0,-1.544877829412894
1600,2021-01-05 00:00:00-05:00,267.73980998801187,271.84136674388566,267.6599569940568,270.414306640625,9871600,0.0,0.0,0.7548080323345641
1601,2021-01-06 00:00:00-05:00,261.46270842552195,267.2009167211202,259.4767991262089,262.77001953125,24354100,0.0,0.0,-2.826879688556605
1602,2021-01-07 00:00:00-05:00,265.35470105879506,271.05298278271414,264.23700276496095,268.1888732910156,15789800,0.0,0.0,2.0622039643001244
1603,2021-01-08 00:00:00-05:00,267.75974340328963,268.3984455001154,262.640259211205,267.0212707519531,18528300,0.0,0.0,-0.4353657647069964
1604,2021-01-11 00:00:00-05:00,259.9458435118344,262.9297021604259,255.3752186826588,256.31329345703125,30412300,0.0,0.0,-4.010158915343098
1605,2021-01-12 00:00:00-05:00,256.10372060828195,259.1873801326666,249.7867000356852,250.5750732421875,26383500,0.0,0.0,-2.2387524803920145
1606,2021-01-13 00:00:00-05:00,251.0341353661967,253.42920746072627,248.68894855186795,251.1239471435547,19528900,0.0,0.0,0.21904569128337048
1607,2021-01-14 00:00:00-05:00,252.88034193164165,254.5070041338683,244.1083744442149,245.13626098632807,29739400,0.0,0.0,-2.384354907341335
1608,2021-01-15 00:00:00-05:00,247.39163208533012,253.33941677466265,246.65315932891016,250.84454345703125,24942900,0.0,0.0,2.3286161124165705
1609,2021-01-19 00:00:00-05:00,256.3731758427351,261.6623255452729,252.2017549678821,260.5645751953125,28028500,0.0,0.0,3.8749225334240744
1610,2021-01-20 00:00:00-05:00,268.37849623994686,269.7656603765588,263.0594399048348,266.9314880371094,25199900,0.0,0.0,2.4435066958063745
1611,2021-01-21 00:00:00-05:00,268.7078122808595,273.0389081694641,266.94142269946354,272.3103942871094,20838700,0.0,0.0,2.0150886991841865
1612,2021-01-22 00:00:00-05:00,271.45218883408654,277.89893254708966,271.4421995958561,273.93707275390625,21954000,0.0,0.0,0.5973618712041606
1613,2021-01-25 00:00:00-05:00,277.5696186462212,279.5255906462354,270.9532102546745,277.4398803710937,19087000,0.0,0.0,1.2786906065592074
1614,2021-01-26 00:00:00-05:00,277.5696331686717,284.80476560014324,277.2402928445795,281.4715881347656,19373600,0.0,0.0,1.4531824906640178
1615,2021-01-27 00:00:00-05:00,281.9506171860496,282.86874395095924,267.5701639820032,271.5819396972656,35346200,0.0,0.0,-3.5135512266214697
1616,2021-01-28 00:00:00-05:00,276.6115890641609,286.2018979996408,264.1572008681536,264.4565734863281,37758800,0.0,0.0,-2.6236524486422774
1617,2021-01-29 00:00:00-05:00,264.7559398446923,266.0133657212885,254.3273878248934,257.8002319335937,30389500,0.0,0.0,-2.5169885040042472
1618,2021-02-01 00:00:00-05:00,258.9877724824231,263.62826075295663,254.38724116336977,261.4726867675781,22914300,0.0,0.0,1.4245351163727493
1619,2021-02-02 00:00:00-05:00,263.4585869656753,268.29864664297503,262.73007309095016,266.5322570800781,17320800,0.0,0.0,1.9350282337510238
1620,2021-02-03 00:00:00-05:00,265.0752629511439,268.6479381597299,263.2989145844982,266.1031494140625,14223400,0.0,0.0,-0.16099652279112364
1621,2021-02-04 00:00:00-05:00,266.4624651149707,267.6101007739985,263.4586278323438,265.9435119628906,16060000,0.0,0.0,-0.059990816164101624
1622,2021-02-05 00:00:00-05:00,266.25284911123043,268.6180144283018,265.12519203502484,267.5502014160156,12454400,0.0,0.0,0.6041468886630375
1623,2021-02-08 00:00:00-05:00,268.1988886921137,269.306597855848,264.45657861734,266.0333251953125,13755200,0.0,0.0,-0.5669501322275283
1624,2021-02-09 00:00:00-05:00,265.8935935119705,272.829352796412,265.2050061114435,268.8974304199219,14613400,0.0,0.0,1.0765964085539537
1625,2021-02-10 00:00:00-05:00,271.89129712730295,273.2385043091908,267.1709860064435,271.3124694824219,14687200,0.0,0.0,0.8981264933356048
1626,2021-02-11 00:00:00-05:00,271.3324648042875,273.0189711959813,267.9394126326025,269.8355407714844,12828600,0.0,0.0,-0.544364478991699
1627,2021-02-12 00:00:00-05:00,269.9652300043524,270.6238801880032,267.78970786910884,269.9452819824219,9097600,0.0,0.0,0.04066966516853565
1628,2021-02-16 00:00:00-05:00,270.2446297424517,276.0327533447005,269.4961678464276,273.4081420898437,15417200,0.0,0.0,1.282800752060309
1629,2021-02-17 00:00:00-05:00,270.68373345830946,273.40814576020847,269.02713411827125,273.00897216796875,12763200,0.0,0.0,-0.1459978180692878
1630,2021-02-18 00:00:00-05:00,269.0171784820004,271.3923024978467,265.4844297166244,268.8375549316406,15249100,0.0,0.0,-1.527941445734482
1631,2021-02-19 00:00:00-05:00,269.306587744649,269.71575061872846,259.61650841558463,261.02362060546875,25622600,0.0,0.0,-2.9065635298456627
1632,2021-02-22 00:00:00-05:00,257.42104869184664,262.5305445243404,257.0018965619167,259.796142578125,17434900,0.0,0.0,-0.47025553645164697
1633,2021-02-23 00:00:00-05:00,258.9678458280244,266.91151380463737,254.43716266277,265.3147888183594,21924600,0.0,0.0,2.124221778456481
1634,2021-02-24 00:00:00-05:00,261.79199400318265,265.83370643995505,257.8601022673845,263.7679443359375,15736100,0.0,0.0,-0.5830223370928977
1635,2021-02-25 00:00:00-05:00,261.7620888961401,266.39258826102133,253.51903316986005,254.16770935058597,19053100,0.0,0.0,-3.6396518953510815
1636,2021-02-26 00:00:00-05:00,255.9440696668,265.0054363169514,255.9440696668,257.0917053222656,26619500,0.0,0.0,1.1504199251551883
1637,2021-03-01 00:00:00-05:00,260.28515115515125,266.1031823398078,257.3711257158829,264.36676025390625,22157300,0.0,0.0,2.829750933629427
1638,2021-03-02 00:00:00-05:00,265.2349671943394,266.16305274624216,258.1195837197588,258.4688720703125,15191700,0.0,0.0,-2.2309492229390826
1639,2021-03-03 00:00:00-05:00,259.7562278510557,260.45477407737303,254.57686862688175,254.88623046875,15513500,0.0,0.0,-1.386101766478054
1640,2021-03-04 00:00:00-05:00,255.94404977554427,265.9434904690339,252.98013923377715,257.1116638183594,31626500,0.0,0.0,0.8731085023764074
1641,2021-03-05 00:00:00-05:00,260.1354547913321,264.90565117872416,255.08581859347785,263.738037109375,26820100,0.0,0.0,2.577235584184523
1642,2021-03-08 00:00:00-05:00,265.0054292608515,265.035366522197,254.52697664745364,254.78643798828125,18391800,0.0,0.0,-3.3941251778488946
1643,2021-03-09 00:00:00-05:00,260.64439145980816,267.9793249225517,259.2772057884864,265.1950378417969,22039700,0.0,0.0,4.085225232433443
1644,2021-03-10 00:00:00-05:00,268.0891013962674,268.4184112488867,262.3309147270324,264.35675048828125,14210300,0.0,0.0,-0.3161022017371673
1645,2021-03-11 00:00:00-05:00,267.56014254356256,277.3300736348916,267.2707592062398,273.3183288574219,21834000,0.0,0.0,3.38995631947665
1646,2021-03-12 00:00:00-05:00,268.5880820290458,269.18682722901804,263.47855616765514,267.8495788574219,20600200,0.0,0.0,-2.0008720318397732
1647,2021-03-15 00:00:00-04:00,268.52819237801924,275.39408864279926,267.9493951666845,273.1886291503906,16844800,0.0,0.0,1.99330173142096
1648,2021-03-16 00:00:00-04:00,275.5138254932579,281.5614261853335,274.23645162531017,278.707275390625,22437700,0.0,0.0,2.0200863620851273
1649,2021-03-17 00:00:00-04:00,275.1445845769464,285.6430303836837,274.8452119780829,283.4275817871094,21315000,0.0,0.0,1.6936430489188359
1650,2021-03-18 00:00:00-04:00,279.29605106149097,284.6051483680827,277.70931541235814,278.0486145019531,18728300,0.0,0.0,-1.8978277453591486
1651,2021-03-19 00:00:00-04:00,280.6432920822604,292.1995311114982,280.62334406086075,289.5150451660156,38930500,0.0,0.0,4.123894191884903
1652,2021-03-22 00:00:00-04:00,289.8543594032851,299.0953483522447,286.1619351547748,292.9380187988281,28273100,0.0,0.0,1.1823128676610395
1653,2021-03-23 00:00:00-04:00,292.5488177384799,297.38887771169937,289.2156708844984,290.03399658203125,23000900,0.0,0.0,-0.9913435711433438
1654,2021-03-24 00:00:00-04:00,290.40324811977376,291.12177283847615,280.58343060083865,281.5614318847656,18675000,0.0,0.0,-2.9212315787502163
1655,2021-03-25 00:00:00-04:00,280.4037925181909,287.46925984048295,277.1804054620708,278.1683654785156,24505600,0.0,0.0,-1.2050891997305468
1656,2021-03-26 00:00:00-04:00,277.72925369348974,283.9165509938054,277.2003418289945,282.4395751953125,17629200,0.0,0.0,1.535476440482153
1657,2021-03-29 00:00:00-04:00,285.1839703995127,292.5787786238787,284.1161877572333,290.2236328125,21718800,0.0,0.0,2.756008116711217
1658,2021-03-30 00:00:00-04:00,289.23562709700974,291.8702278207541,286.11207142551814,287.4093933105469,17474500,0.0,0.0,-0.9696796483046111
1659,2021-03-31 00:00:00-04:00,289.3952966968715,295.8919561370816,288.0181218427261,293.9259948730469,19498200,0.0,0.0,2.2673585881929803
1660,2021-04-01 00:00:00-04:00,297.7880698189464,301.7798670831548,295.9917732320511,298.04754638671875,17616000,0.0,0.0,1.4022412394834483
1661,2021-04-05 00:00:00-04:00,300.2729774088056,310.1326908420942,300.0633861296651,308.2765197753906,28237000,0.0,0.0,3.4319938253743354
1662,2021-04-06 00:00:00-04:00,308.2066537649205,310.7115162178205,304.6240194835788,305.6319580078125,17335200,0.0,0.0,-0.8578537767018224
1663,2021-04-07 00:00:00-04:00,305.71177935897464,313.6055618333083,304.8735056167881,312.44793701171875,22855200,0.0,0.0,2.2301264070467397
1664,2021-04-08 00:00:00-04:00,314.20431587279825,315.2322023442134,309.4141413763543,312.3780517578125,20894100,0.0,0.0,-0.022367007628421032
1665,2021-04-09 00:00:00-04:00,310.7613900994705,314.0945369370875,309.69357709366363,311.8192138671875,15988600,0.0,0.0,-0.17889793712467794
1666,2021-04-12 00:00:00-04:00,310.41210719684,311.50985748110924,307.29851035781803,310.901123046875,10881900,0.0,0.0,-0.29443048390966897
1667,2021-04-13 00:00:00-04:00,311.5697439005298,313.78519257521725,308.68568624647486,309.1247863769531,14036900,0.0,0.0,-0.5713509981930986
1668,2021-04-14 00:00:00-04:00,306.6697983635272,307.39831229412727,301.3307941352075,302.1990051269531,17421400,0.0,0.0,-2.2404483739956627
1669,2021-04-15 00:00:00-04:00,305.7117753391316,309.5040008334387,303.4763787226944,307.1887512207031,14558300,0.0,0.0,1.6511457711959832
1670,2021-04-16 00:00:00-04:00,307.5380639351086,308.3164632082519,303.98533623807305,305.5521240234375,13059200,0.0,0.0,-0.5327757578238224
1671,2021-04-19 00:00:00-04:00,304.3845171972836,307.069003175354,299.9436307549007,301.62017822265625,14553500,0.0,0.0,-1.28683307744889
1672,2021-04-20 00:00:00-04:00,301.3706772483071,304.47431518017527,296.60048116252045,302.0293273925781,16796400,0.0,0.0,0.13565046355084043
1673,2021-04-21 00:00:00-04:00,301.33080274994387,301.3607400106877,296.7801563869071,300.8517761230469,14863500,0.0,0.0,-0.3898797774696483
1674,2021-04-22 00:00:00-04:00,300.7120601412804,302.2988263865751,295.43293007925075,295.91192626953125,16375400,0.0,0.0,-1.641954691833114
1675,2021-04-23 00:00:00-04:00,298.1473466889238,301.9694791599697,296.5406324573641,300.5124816894531,17536800,0.0,0.0,1.554704292564213
1676,2021-04-26 00:00:00-04:00,302.7179517241183,305.1728985940674,300.9416031019604,302.4185791015625,16172600,0.0,0.0,0.63428227719311
1677,2021-04-27 00:00:00-04:00,303.6559841415663,304.7138078668645,300.492471748368,302.94744873046875,15309300,0.0,0.0,0.1748800058771094
1678,2021-04-28 00:00:00-04:00,306.72969147775353,310.2824191114673,304.74378205647537,306.4702453613281,33907200,0.0,0.0,1.1628408311811222
1679,2021-04-29 00:00:00-04:00,329.4429934423485,331.1295300698076,320.95043578792377,328.8342590332031,56526800,0.0,0.0,7.297287097319294
1680,2021-04-30 00:00:00-04:00,325.47118430592064,329.1436302513062,323.8345329110239,324.413330078125,26332400,0.0,0.0,-1.3444246861856746
1681,2021-05-03 00:00:00-04:00,325.5011525115637,327.87624637960687,321.18001477628513,321.9184875488281,18719500,0.0,0.0,-0.7690320643409021
1682,2021-05-04 00:00:00-04:00,319.3637222863296,321.5292856557569,312.4778782447561,317.7071228027344,24032600,0.0,0.0,-1.3082084157887919
1683,2021-05-05 00:00:00-04:00,317.5374749313923,320.40158441184326,313.84505051698164,314.3739624023437,15577600,0.0,0.0,-1.0491298939055427
1684,2021-05-06 00:00:00-04:00,313.8750176060221,319.58328908817776,312.6275809224653,319.3637390136719,19012200,0.0,0.0,1.5872105225248179
1685,2021-05-07 00:00:00-04:00,321.7188794122449,322.27772854772365,318.0963188145927,318.4256286621094,15916700,0.0,0.0,-0.2937435397205035
1686,2021-05-10 00:00:00-04:00,313.7053487766593,313.9348576099987,304.2048525481721,305.342529296875,24239200,0.0,0.0,-4.108682903510019
1687,2021-05-11 00:00:00-04:00,300.13325196938587,306.2107595516727,299.0754281478053,305.9013977050781,18920100,0.0,0.0,0.18302999241215367
1688,2021-05-12 00:00:00-04:00,300.5124943991825,304.3346270318799,297.5785208565908,301.9295654296875,24645500,0.0,0.0,-1.2984027876917104
1689,2021-05-13 00:00:00-04:00,305.452297937873,308.2265956791604,302.14908830380404,304.6340026855469,18079200,0.0,0.0,0.8957179307732099
1690,2021-05-14 00:00:00-04:00,308.90521472727494,316.2002211986777,308.4461361515825,315.2920837402344,19245700,0.0,0.0,3.498651155396182
1691,2021-05-17 00:00:00-04:00,312.90699300316527,315.03262989970693,310.9410316503305,314.8130798339844,15401300,0.0,0.0,-0.1519238607476936
1692,2021-05-18 00:00:00-04:00,314.9428310391893,315.8509686003492,309.1746850267098,309.3243713378906,14522400,0.0,0.0,-1.7434817190531637
1693,2021-05-19 00:00:00-04:00,303.56621222497216,314.01474303482973,302.9474885068617,312.9469299316406,19106200,0.0,0.0,1.1711196819318426
1694,2021-05-20 00:00:00-04:00,312.9369504028348,318.5953367374149,312.5178287217535,317.9566345214844,17320200,0.0,0.0,1.6008160204473265
1695,2021-05-21 00:00:00-04:00,318.6352348180843,319.2739065220488,315.1623603524802,315.5815124511719,13600900,0.0,0.0,-0.7469956001663558
1696,2021-05-24 00:00:00-04:00,317.557446363216,325.2815948525494,317.377822793812,323.9642944335937,16445400,0.0,0.0,2.6562969159097394
1697,2021-05-25 00:00:00-04:00,326.40923194635826,328.50493149225434,324.13390884209826,327.1177978515625,16437000,0.0,0.0,0.97341079623674
1698,2021-05-26 00:00:00-04:00,327.6766550726335,329.1536005288792,325.1518445901373,326.9880676269531,9686900,0.0,0.0,-0.039658565037248295
1699,2021-05-27 00:00:00-04:00,327.32736781555224,333.0955135058094,326.08992043892124,332.067626953125,20477700,0.0,0.0,1.5534387425925722
1700,2021-05-28 00:00:00-04:00,330.32121158670884,332.1873718669826,327.6566736096635,328.0558776855469,12037400,0.0,0.0,-1.2081121259509109
1701,2021-06-01 00:00:00-04:00,329.4729448974727,330.7403599596382,325.9701636745065,328.4550476074219,11765900,0.0,0.0,0.12167741809450128
1702,2021-06-02 00:00:00-04:00,329.702494706686,331.1894294185378,326.4491702421017,328.4750061035156,11654300,0.0,0.0,0.006076477204142172
1703,2021-06-03 00:00:00-04:00,325.1119223616831,326.7086473357561,322.8166511492627,325.37139892578125,12610800,0.0,0.0,-0.9448533739447762
1704,2021-06-04 00:00:00-04:00,325.2316599673485,331.77820472132254,324.51313527703456,329.67254638671875,13289400,0.0,0.0,1.3219193435986654
1705,2021-06-07 00:00:00-04:00,328.8043247883845,336.99747947726604,328.25543443634393,335.8897399902344,20136700,0.0,0.0,1.885869379072469
1706,2021-06-08 00:00:00-04:00,336.0095540287074,337.6062486042844,331.5586780570457,332.9957275390625,14580500,0.0,0.0,-0.861595966359685
1707,2021-06-09 00:00:00-04:00,335.05148577744274,336.1093095912796,329.323266583081,329.57275390625,13727900,0.0,0.0,-1.0279331984555107
1708,2021-06-10 00:00:00-04:00,330.1116400539318,333.25517409204383,327.8762130305014,331.7781982421875,13240200,0.0,0.0,0.6691828465179572
1709,2021-06-11 00:00:00-04:00,331.8979583813152,332.147445701495,328.2554495976901,330.5806884765625,13587900,0.0,0.0,-0.36093684635385426
1710,2021-06-14 00:00:00-04:00,331.21933790565066,336.12926143680124,329.13362770380814,336.079345703125,12250800,0.0,0.0,1.663332861911071
1711,2021-06-15 00:00:00-04:00,336.29891580456086,339.2229303206112,334.3429437566358,336.0594177246094,15795200,0.0,0.0,-0.00592954573686022
1712,2021-06-16 00:00:00-04:00,336.00953198362816,336.8577645006284,328.0458858311843,330.4010314941406,17232200,0.0,0.0,-1.6837457699535818
1713,2021-06-17 00:00:00-04:00,329.8122417253687,337.28690240425743,329.4729426310191,335.8199157714844,17794100,0.0,0.0,1.640093026598155
1714,2021-06-18 00:00:00-04:00,333.8439556450569,335.46062852946494,328.32529760563006,328.98394775390625,23039500,0.0,0.0,-2.035605304073096
1715,2021-06-21 00:00:00-04:00,330.41103020054226,332.2372944749929,326.9780821709151,331.60858154296875,11337500,0.0,0.0,0.7977999555850213
1716,2021-06-22 00:00:00-04:00,332.00775245654035,339.2229368029039,331.9179406748423,338.3347473144531,15345300,0.0,0.0,2.028344905969459
1717,2021-06-23 00:00:00-04:00,338.65409316972244,342.715754035457,337.5064575924128,339.8915405273437,14817800,0.0,0.0,0.4601340019751765
1718,2021-06-24 00:00:00-04:00,341.14896766364234,344.1927007874701,341.089093143206,342.4762268066406,12329100,0.0,0.0,0.7604444274449396
1719,2021-06-25 00:00:00-04:00,341.8874517736621,343.41431300563664,338.98341561578974,340.6699523925781,14594400,0.0,0.0,-0.5274159993249095
1720,2021-06-28 00:00:00-04:00,341.7577105763434,357.4055788297344,341.0691231192652,354.91070556640625,29156100,0.0,0.0,4.180219908980254
1721,2021-06-29 00:00:00-04:00,355.5393883752894,356.00842576742855,348.33419316593614,351.1683959960937,21417300,0.0,0.0,-1.0544369362823658
1722,2021-06-30 00:00:00-04:00,351.44782412046885,352.1962861076915,346.45807753898447,346.9969482421875,15107500,0.0,0.0,-1.1878767569825976
1723,2021-07-01 00:00:00-04:00,346.1087854901004,353.9426936303472,345.7894344030976,353.66326904296875,17137000,0.0,0.0,1.921146809662555
1724,2021-07-02 00:00:00-04:00,354.3717993578597,355.7090477533239,351.8968741521525,353.9726257324219,11521300,0.0,0.0,0.08747210030892738
1725,2021-07-06 00:00:00-04:00,355.7689216467797,358.0542340467481,348.4639255396721,352.0565490722656,13488500,0.0,0.0,-0.5413064516476718
1726,2021-07-07 00:00:00-04:00,354.53144695125366,355.7589049913393,349.282224348307,349.7712097167969,14218900,0.0,0.0,-0.6491398502573076
1727,2021-07-08 00:00:00-04:00,345.0210151064724,347.6156588672296,341.85750249263305,344.941162109375,14406500,0.0,0.0,-1.3809162884883208
1728,2021-07-09 00:00:00-04:00,344.61186836495824,349.9907993924008,344.56195262568906,349.701416015625,13018700,0.0,0.0,1.380019095761198
1729,2021-07-12 00:00:00-04:00,350.50975610711333,353.46367761309466,348.9230203181066,352.435791015625,10018600,0.0,0.0,0.7819170511673912
1730,2021-07-13 00:00:00-04:00,350.77916403209247,357.7548195968337,348.0846888546846,351.3679504394531,11456000,0.0,0.0,-0.30298868712925753
1731,2021-07-14 00:00:00-04:00,353.8328954825093,354.47159764227683,346.01896599376016,346.9171142578125,13894200,0.0,0.0,-1.2667166074976421
1732,2021-07-15 00:00:00-04:00,348.5138386395018,348.5138386395018,339.522305865074,343.75360107421875,14781600,0.0,0.0,-0.9118930873046494
1733,2021-07-16 00:00:00-04:00,344.20269807333386,345.2804699213808,339.4424908573829,340.4603881835937,11026100,0.0,0.0,-0.9580155321526451
1734,2021-07-19 00:00:00-04:00,336.87772633066515,339.09317482269745,333.85394140485016,336.2590026855469,14372300,0.0,0.0,-1.2340306372972898
1735,2021-07-20 00:00:00-04:00,338.10519984263874,342.74568830319464,333.81403017190365,340.9593505859375,11024300,0.0,0.0,1.3978355561787392
1736,2021-07-21 00:00:00-04:00,340.7996779713828,345.8093723763001,340.55019065222365,345.5199890136719,9279700,0.0,0.0,1.3375900733905377
1737,2021-07-22 00:00:00-04:00,345.9690570136417,350.819106462242,344.50207032020654,350.4698181152344,12385400,0.0,0.0,1.4325738767509089
1738,2021-07-23 00:00:00-04:00,360.16988265961373,374.5602943966267,356.45751007487195,369.03167724609375,33694300,0.0,0.0,5.296278929433007
1739,2021-07-26 00:00:00-04:00,368.8220682959002,373.6721174596335,367.46487194209465,371.6961669921875,14925200,0.0,0.0,0.7220219591926424
1740,2021-07-27 00:00:00-04:00,371.1472924107454,372.3847396790963,363.8023704268414,367.0556945800781,15705400,0.0,0.0,-1.2484585056823927
1741,2021-07-28 00:00:00-04:00,373.7919002971587,376.7757590617406,366.1775420020583,372.5145263671875,29676900,0.0,0.0,1.4871944142848426
1742,2021-07-29 00:00:00-04:00,360.259701927278,364.7704218574165,356.0084281090748,357.585205078125,33413200,0.0,0.0,-4.007715198291805
1743,2021-07-30 00:00:00-04:00,353.27406464861787,359.9902746380811,352.2162407897421,355.5693359375,15976200,0.0,0.0,-0.5637451192044063
1744,2021-08-02 00:00:00-04:00,357.36565364372274,358.66297556342374,350.0207308928885,351.228271484375,13180400,0.0,0.0,-1.220877059513381
1745,2021-08-03 00:00:00-04:00,352.0066489256017,353.04449421508497,346.986965430429,350.5196838378906,12406100,0.0,0.0,-0.20174561788255385
1746,2021-08-04 00:00:00-04:00,351.6972898042318,359.74075836214735,350.78915232769367,358.1839599609375,14180600,0.0,0.0,2.1865465696903508
1747,2021-08-05 00:00:00-04:00,358.90248931088644,363.1537324825656,356.1680876075588,362.22564697265625,10247200,0.0,0.0,1.1283830275815587
1748,2021-08-06 00:00:00-04:00,360.6588680420233,364.4011778870672,360.6588680420233,362.7645568847656,8925000,0.0,0.0,0.14877740342611467
1749,2021-08-09 00:00:00-04:00,363.0140541211181,365.0299007822329,360.01021692453423,360.8684387207031,7798900,0.0,0.0,-0.5226856174554095
1750,2021-08-10 00:00:00-04:00,361.08798104996833,363.3533454473422,358.30372443649355,360.3894348144531,7469900,0.0,0.0,-0.13273643656621648
1751,2021-08-11 00:00:00-04:00,361.3574584598463,361.6169045762312,357.0762473070333,359.2218322753906,8400300,0.0,0.0,-0.3239835650741707
1752,2021-08-12 00:00:00-04:00,357.7149120436942,362.25556883748345,356.3776332812002,361.9062805175781,7170700,0.0,0.0,0.7472954038410196
1753,2021-08-13 00:00:00-04:00,362.2256503608288,363.912187075684,360.7387156834101,362.4352111816406,7195700,0.0,0.0,0.1461512807420906
1754,2021-08-16 00:00:00-04:00,361.7765649232853,366.197503414938,356.64712141954413,365.8082885742188,11222100,0.0,0.0,0.9306704449551173
1755,2021-08-17 00:00:00-04:00,362.2356443697541,363.9221811068206,354.34186182860134,357.7149353027344,12328700,0.0,0.0,-2.212457597128059
1756,2021-08-18 00:00:00-04:00,355.5194165454807,359.1219986814111,354.4216662911134,354.7210693359375,10042400,0.0,0.0,-0.8369418414870378
1757,2021-08-19 00:00:00-04:00,350.6294962148948,356.8367421422753,350.2802078653404,354.3917541503906,12004500,0.0,0.0,-0.09283778552071631
1758,2021-08-20 00:00:00-04:00,353.87281904457615,359.2517498008152,352.5854559522872,358.6330261230469,8697700,0.0,0.0,1.196775016062146
1759,2021-08-23 00:00:00-04:00,358.7028732589832,364.9400559393781,358.3635741757689,362.6048583984375,10942000,0.0,0.0,1.1074920562468948
1760,2021-08-24 00:00:00-04:00,362.9142248239174,367.205394380434,361.09794989516166,364.7604370117188,9235100,0.0,0.0,0.5944704168615145
1761,2021-08-25 00:00:00-04:00,364.8502649672656,370.0994575010011,364.6506629281142,367.6345520019531,9684500,0.0,0.0,0.7879459224745755
1762,2021-08-26 00:00:00-04:00,367.6245484525164,368.6823722178502,363.3832641531142,363.63275146484375,7888700,0.0,0.0,-1.088526776201415
1763,2021-08-27 00:00:00-04:00,364.3512878734883,372.9735538079144,363.3333601176567,371.8658447265625,11219100,0.0,0.0,2.264123137575713
1764,2021-08-30 00:00:00-04:00,371.7959988902562,380.70767907259415,369.7601737354513,379.87939453125,13547300,0.0,0.0,2.154957202530916
1765,2021-08-31 00:00:00-04:00,379.1708281254009,381.97506306971184,378.02316212873046,378.60198974609375,12345400,0.0,0.0,-0.33626587899890925
1766,2021-09-01 00:00:00-04:00,378.8115633098596,383.5418331485799,378.0331640901336,381.2665100097656,11567200,0.0,0.0,0.7037787269577711
1767,2021-09-02 00:00:00-04:00,380.71765226566265,380.96713958693766,373.2929071481188,374.5104064941406,14832900,0.0,0.0,-1.7720159883573228
1768,2021-09-03 00:00:00-04:00,373.9814901720197,376.3865515752904,372.3448387453977,375.4884033203125,7509600,0.0,0.0,0.26114009362971924
1769,2021-09-07 00:00:00-04:00,375.109172088976,382.1746394376625,372.3847596499727,381.396240234375,10793800,0.0,0.0,1.5733740008537112
1770,2021-09-08 00:00:00-04:00,379.3804003014728,380.0889357598152,374.0214175638088,376.7957153320313,11067200,0.0,0.0,-1.206232368603477
1771,2021-09-09 00:00:00-04:00,376.8655758802557,379.051056756808,375.7977628551631,377.2248229980469,9098900,0.0,0.0,0.11388337195858966
1772,2021-09-10 00:00:00-04:00,380.5779291984421,383.002969135394,377.4843107424465,377.9134216308594,11549600,0.0,0.0,0.1825432980098629
1773,2021-09-13 00:00:00-04:00,380.89729606231583,380.9671598251831,373.5823408141357,375.7379150390625,13026300,0.0,0.0,-0.5756626960769506
1774,2021-09-14 00:00:00-04:00,376.6260540226243,377.8136161080308,374.34074163285095,375.7578430175781,8711600,0.0,0.0,0.005303691141622657
1775,2021-09-15 00:00:00-04:00,376.2268685425498,376.78571768807024,366.9160154082593,373.1531982421875,17940300,0.0,0.0,-0.6931711004283136
1776,2021-09-16 00:00:00-04:00,372.0255170533584,372.7939270277963,368.9518162456175,372.2949523925781,11934200,0.0,0.0,-0.22999825638700955
1777,2021-09-17 00:00:00-04:00,370.6483597886771,370.6483597886771,360.84849017841816,363.9720764160156,26299000,0.0,0.0,-2.2355597149719575
1778,2021-09-20 00:00:00-04:00,358.5631741996637,360.2896374663853,349.08265577320725,354.9705810546875,19822800,0.0,0.0,-2.4731280075011908
1779,2021-09-21 00:00:00-04:00,357.7648150211224,359.3016654317358,354.4616053578848,356.7469177246094,11751900,0.0,0.0,0.5004179965122812
1780,2021-09-22 00:00:00-04:00,346.51794015565287,349.12257316329766,339.9913433239178,342.50616455078125,43692900,0.0,0.0,-3.9918363596966655
1781,2021-09-23 00:00:00-04:00,344.6517736141619,348.9529633402019,342.296627761664,345.25054931640625,21806300,0.0,0.0,0.8012658018066388
1782,2021-09-24 00:00:00-04:00,342.53610714668883,353.6233396791067,341.6678961306165,352.2361755371094,18801900,0.0,0.0,2.023349777294947
1783,2021-09-27 00:00:00-04:00,349.09263113799545,354.4216765765817,346.36821867150127,352.8548889160156,15205800,0.0,0.0,0.17565299133821544
1784,2021-09-28 00:00:00-04:00,347.25641205172974,348.883074250329,338.2249832530586,339.951416015625,21710300,0.0,0.0,-3.6568780271206136
1785,2021-09-29 00:00:00-04:00,342.446292714573,344.52204429221933,338.1850602107922,338.9135437011719,14452200,0.0,0.0,-0.3053001886614948
1786,2021-09-30 00:00:00-04:00,339.75185459336444,342.09701110663804,337.45655290857025,338.69403076171875,16547100,0.0,0.0,-0.06476959789092351
1787,2021-10-01 00:00:00-04:00,340.9094566786551,344.3124675553002,337.94557639947686,342.3066101074219,14905300,0.0,0.0,1.0666203173343547
1788,2021-10-04 00:00:00-04:00,334.84192076239776,335.2510836218732,322.0382448978173,325.5610046386719,42885000,0.0,0.0,-4.891990097268328
1789,2021-10-05 00:00:00-04:00,327.9061683452926,334.4926398313865,325.4911480885555,332.2771911621094,35377900,0.0,0.0,2.0629579180994284
1790,2021-10-06 00:00:00-04:00,329.0637840125126,333.6942832643718,325.13186143476844,332.955810546875,26443000,0.0,0.0,0.20423291240432295
1791,2021-10-07 00:00:00-04:00,336.308904964747,338.1451279722697,328.305362759948,328.5448608398437,28307500,0.0,0.0,-1.3247853220481054
1792,2021-10-08 00:00:00-04:00,330.83019691577016,332.71630534013406,328.0359204783833,329.3731689453125,15946100,0.0,0.0,0.2521141567551677
1793,2021-10-11 00:00:00-04:00,326.95811481034235,329.78229776311406,324.642865261254,324.7825927734375,14708200,0.0,0.0,-1.3937310639401845
1794,2021-10-12 00:00:00-04:00,322.36754536618685,323.7147829461772,316.7191489503344,323.10601806640625,31658700,0.0,0.0,-0.5162144598681695
1795,2021-10-13 00:00:00-04:00,326.2994907422755,326.32942800370904,321.9983316046814,323.8744812011719,14761500,0.0,0.0,0.23783621839184033
1796,2021-10-14 00:00:00-04:00,327.68659743623675,329.84217144665894,326.4292021047359,327.85626220703125,14302200,0.0,0.0,1.2294210371536218
1797,2021-10-15 00:00:00-04:00,328.005968862358,328.3951837080497,321.84863873150846,324.0940246582031,21596400,0.0,0.0,-1.147526517719033
1798,2021-10-18 00:00:00-04:00,328.2754330682202,335.2012036181641,326.8283944071673,334.6523132324219,21585000,0.0,0.0,3.257785633460464
1799,2021-10-19 00:00:00-04:00,338.9534865242473,341.75772172732604,336.58835146624125,339.29278564453125,18786300,0.0,0.0,1.3866548141522994
1800,2021-10-20 00:00:00-04:00,342.74568415394214,343.2745960414204,338.75388712995675,340.0811462402344,13639500,0.0,0.0,0.23235406971755523
1801,2021-10-21 00:00:00-04:00,339.5821691539348,341.6080049107421,337.1072440531823,341.17889404296875,16354400,0.0,0.0,0.32278996200481025
1802,2021-10-22 00:00:00-04:00,325.6807578993403,328.9540303625604,320.4514828940166,323.9443054199219,35224500,0.0,0.0,-5.051481473199315
1803,2021-10-25 00:00:00-04:00,319.6431513754697,328.884171719077,319.0643541766566,328.0159606933594,38409000,0.0,0.0,1.2568997834857765
1804,2021-10-26 00:00:00-04:00,327.586865711249,329.5328486846193,308.9651270529357,315.1623840332031,65654000,0.0,0.0,-3.9185826912161215
1805,2021-10-27 00:00:00-04:00,313.5456731286457,318.5952938301652,311.4200363815844,311.5797119140625,29971800,0.0,0.0,-1.1367702177183636
1806,2021-10-28 00:00:00-04:00,312.3481169814999,324.852419504284,307.47811990949896,316.27008056640625,50806800,0.0,0.0,1.5053511101638772
1807,2021-10-29 00:00:00-04:00,319.53335990374137,325.3314423759439,318.94457352459267,322.90643310546875,37059400,0.0,0.0,2.0983181612302726
1808,2021-11-01 00:00:00-04:00,325.3713916114052,332.7661994270048,325.3314651128271,329.3033142089844,31518900,0.0,0.0,1.981032413010575
1809,2021-11-02 00:00:00-04:00,330.7004470391122,334.1034578389441,323.1359742186657,327.4071960449219,28353000,0.0,0.0,-0.575796866368361
1810,2021-11-03 00:00:00-04:00,326.8184059317606,331.46885331611213,322.53722536995053,330.93994140625,20786500,0.0,0.0,1.0790066327202474
1811,2021-11-04 00:00:00-04:00,333.3250319547798,336.57832573417767,331.967805165803,335.1612548828125,22495300,0.0,0.0,1.2755527358302654
1812,2021-11-05 00:00:00-04:00,339.6121247021925,346.0788471462827,338.94351572430566,340.4304504394531,26872800,0.0,0.0,1.5721374353020012
1813,2021-11-08 00:00:00-05:00,343.7136915065249,344.0829278534557,337.6461430572493,337.9255676269531,18342500,0.0,0.0,-0.7357986952302609
1814,2021-11-09 00:00:00-05:00,339.30276109605217,340.61007223916965,333.7841026999544,334.6822509765625,17556700,0.0,0.0,-0.9597724946255104
1815,2021-11-10 00:00:00-05:00,331.80813866255863,332.5067153243474,324.84247234098194,326.9681091308594,21872600,0.0,0.0,-2.3049151316492544
1816,2021-11-11 00:00:00-05:00,329.14365325946966,331.7782236374998,326.3294288573721,327.0679016113281,12376600,0.0,0.0,0.030520554660218302
1817,2021-11-12 00:00:00-05:00,329.5028600914873,341.15889945755714,329.103686501826,340.19091796875,25414300,0.0,0.0,4.012321690013065
1818,2021-11-15 00:00:00-05:00,343.63386152717567,352.9247671608298,342.496215151114,346.8472595214844,25076600,0.0,0.0,1.9566488113435865
1819,2021-11-16 00:00:00-05:00,343.12489436768067,345.9391187024604,340.1709729675196,342.2566833496094,18181100,0.0,0.0,-1.3235151917325827
1820,2021-11-17 00:00:00-05:00,343.53405223042216,346.5877746070792,339.4025580258254,340.0711669921875,13602800,0.0,0.0,-0.6385606077966344
1821,2021-11-18 00:00:00-05:00,339.0233394478253,341.7577108006288,334.6123901151682,337.9954528808594,17487200,0.0,0.0,-0.610376389650169
1822,2021-11-19 00:00:00-05:00,341.4982396524145,351.3779309663168,339.20293814393625,344.59185791015625,26488500,0.0,0.0,1.9516253763396163
1823,2021-11-22 00:00:00-05:00,348.3341898819318,353.10438630265355,339.8117248144679,340.3106994628906,27116800,0.0,0.0,-1.2423852592541085
1824,2021-11-23 00:00:00-05:00,338.23495820525886,340.699894261982,332.8161006670161,336.55841064453125,17225000,0.0,0.0,-1.1026067720708133
1825,2021-11-24 00:00:00-05:00,335.31097453492146,341.0791204381854,332.12751373909794,340.360595703125,13566200,0.0,0.0,1.1297251645895123
1826,2021-11-26 00:00:00-05:00,335.1113558908542,337.05736916797457,331.21935979160867,332.4368591308594,14750700,0.0,0.0,-2.3280416923400216
1827,2021-11-29 00:00:00-05:00,336.1991456560196,339.97139269488355,334.6223687477407,337.3367919921875,16650900,0.0,0.0,1.4739439164895174
1828,2021-11-30 00:00:00-05:00,334.31301069751845,335.1213471825069,322.7667301531844,323.79461669921875,25390000,0.0,0.0,-4.014437681995375
1829,2021-12-01 00:00:00-05:00,329.6126663863476,329.82222720149787,309.6536813817184,309.9630432128906,30329600,0.0,0.0,-4.271711996736693
1830,2021-12-02 00:00:00-05:00,310.76141764308016,313.9548677054548,306.5700486980849,309.7535095214844,24396200,0.0,0.0,-0.06759957226976088
1831,2021-12-03 00:00:00-05:00,313.08663957399824,313.10658759586346,298.885810310633,306.21075439453125,27471000,0.0,0.0,-1.1437336520984331
1832,2021-12-06 00:00:00-05:00,307.49812319578893,319.4435775549558,305.71178541840425,317.2181396484375,21758300,0.0,0.0,3.5947089042222213
1833,2021-12-07 00:00:00-05:00,320.91056287074184,325.8703720969675,320.34172446203087,322.14801025390625,18794000,0.0,0.0,1.5540947976469432
1834,2021-12-08 00:00:00-05:00,324.3335150515289,332.0676219489115,322.40748025596014,329.8821105957031,19937700,0.0,0.0,2.4007909704924613
1835,2021-12-09 00:00:00-05:00,328.8642216537508,335.4407039022364,327.32737120059306,329.1436462402344,16879200,0.0,0.0,-0.22385704824526842
1836,2021-12-10 00:00:00-05:00,331.87799590662786,334.34293174085866,325.7006876915919,329.0737609863281,14528000,0.0,0.0,-0.02123244811331748
1837,2021-12-13 00:00:00-05:00,330.27132808916645,340.3905180035847,328.91410122481926,333.8040466308594,22948700,0.0,0.0,1.4374545179029807
1838,2021-12-14 00:00:00-05:00,327.3772688456391,335.0116056615843,326.97809520058894,333.0556030273437,20461000,0.0,0.0,-0.22421645605253948
1839,2021-12-15 00:00:00-05:00,331.8081423974697,341.4084094835755,323.3156148355271,340.9593505859375,24681300,0.0,0.0,2.3731015142071987
1840,2021-12-16 00:00:00-05:00,338.284845772026,343.7535881391963,333.0555710228781,334.21319580078125,22635000,0.0,0.0,-1.978580371402927
1841,2021-12-17 00:00:00-05:00,332.11750876929386,336.4186677370411,330.0717249237975,333.1054992675781,40012600,0.0,0.0,-0.33143411065773565
1842,2021-12-20 00:00:00-05:00,329.1036995882069,329.22344862436773,321.8685675885513,324.7825927734375,17901800,0.0,0.0,-2.498579732979722
1843,2021-12-21 00:00:00-05:00,325.7406451309636,335.31097557078004,323.0860962530954,333.5146789550781,16116800,0.0,0.0,2.6885942707317367
1844,2021-12-22 00:00:00-05:00,333.11547528746297,333.8240412417332,327.58685790834755,329.7723693847656,16764600,0.0,0.0,-1.1220824168931331
1845,2021-12-23 00:00:00-05:00,329.42307707668687,335.9796114273158,327.6866245480979,334.5525207519531,13987700,0.0,0.0,1.4495305886619736
1846,2021-12-27 00:00:00-05:00,338.15510769166866,347.15659891597187,337.31683398063547,345.4700622558594,17795000,0.0,0.0,3.2633266308583098
1847,2021-12-28 00:00:00-05:00,345.91917263547623,351.9866910126691,344.49211243782173,345.510009765625,16637600,0.0,0.0,0.011563233440492482
1848,2021-12-29 00:00:00-05:00,346.1985846708755,348.97288242135704,340.9394029854108,342.2367248535156,10747000,0.0,0.0,-0.9473777371398873
1849,2021-12-30 00:00:00-05:00,343.2945614617811,346.5179486858167,342.51616222085244,343.65380859375,10593300,0.0,0.0,0.41406536392052384
1850,2021-12-31 00:00:00-05:00,342.31655247297726,342.73570457250304,335.580394805208,335.6602478027344,12870500,0.0,0.0,-2.3260504004671723
1851,2022-01-03 00:00:00-05:00,337.60623561903515,340.38053345163894,336.49852651570933,337.84576416015625,14537900,0.0,0.0,0.6511096776363745
1852,2022-01-04 00:00:00-05:00,339.2528742489468,342.38641919155265,331.1894269088105,335.8398742675781,15998000,0.0,0.0,-0.5937294781731328
1853,2022-01-05 00:00:00-05:00,332.33707626589865,335.07147815062933,323.17590868839847,323.5052490234375,20564500,0.0,0.0,-3.6727697302295637
1854,2022-01-06 00:00:00-05:00,322.15798333445787,338.47445961941304,322.05818231872536,331.7781982421875,27962800,0.0,0.0,2.5572843852529337
1855,2022-01-07 00:00:00-05:00,332.05762213307844,336.3088956636233,328.205552664646,331.1095886230469,14722000,0.0,0.0,-0.2015230725475714
1856,2022-01-10 00:00:00-05:00,324.6428671293517,327.6666521297872,314.78312369545824,327.397216796875,24942400,0.0,0.0,-1.1211912773683608
1857,2022-01-11 00:00:00-05:00,326.1098642788378,333.9437722125192,324.6129403598539,333.6842956542969,16226800,0.0,0.0,1.920321412299164
1858,2022-01-12 00:00:00-05:00,334.49261406149367,335.68017607612313,329.3531816416652,332.5765686035156,14104900,0.0,0.0,-0.331968589834053
1859,2022-01-13 00:00:00-05:00,334.2930545621128,334.94171549105204,325.09196115340467,325.8104858398437,14797100,0.0,0.0,-2.0344436146186196
1860,2022-01-14 00:00:00-05:00,321.13010773665405,332.0476753097865,320.5512800987393,331.2193603515625,16868500,0.0,0.0,1.660129046422898
1861,2022-01-18 00:00:00-05:00,322.627032531587,323.5451288180123,316.9886251683386,317.49755859375,22645600,0.0,0.0,-4.142813917413502
1862,2022-01-19 00:00:00-05:00,318.9246115918648,326.4292095295859,318.6751242764883,318.9346008300781,20814700,0.0,0.0,0.4526152083477619
1863,2022-01-20 00:00:00-05:00,323.23577183635444,327.1477464884057,315.3320304435304,315.91082763671875,16925000,0.0,0.0,-0.9480856531368875
1864,2022-01-21 00:00:00-05:00,314.16439190742534,317.6572141818238,302.41854053703145,302.5482788085937,28710700,0.0,0.0,-4.229848317668717
1865,2022-01-24 00:00:00-05:00,297.22920082721726,308.8952299906932,288.4173223540114,308.076904296875,38878100,0.0,0.0,1.8273531451087788
1866,2022-01-25 00:00:00-05:00,299.3349132705759,305.6020338354608,296.9697477797942,299.53448486328125,25108500,0.0,0.0,-2.7728204595830253
1867,2022-01-26 00:00:00-05:00,306.3804355291456,306.8794101973706,290.25357059751224,294.0258178710937,28348800,0.0,0.0,-1.8390760565355047
1868,2022-01-27 00:00:00-05:00,297.1394048316458,301.09127554231014,293.6565715113756,294.0357971191406,21629900,0.0,0.0,0.0033940040093050072
1869,2022-01-28 00:00:00-05:00,295.01377042714955,301.28089088165007,292.4290853664157,301.0912780761719,21871600,0.0,0.0,2.399531290461354
1870,2022-01-31 00:00:00-05:00,300.0633659128015,313.1464961000048,298.70616958407214,312.6175842285156,21579500,0.0,0.0,3.8281766997673605
1871,2022-02-01 00:00:00-05:00,313.9149278878558,319.0044753847988,311.4799291709654,318.3458251953125,18023800,0.0,0.0,1.8323476527825955
1872,2022-02-02 00:00:00-05:00,327.14773878361166,327.32736234399187,316.2201820355566,322.3376159667969,58458300,0.0,0.0,1.253916481874806
1873,2022-02-03 00:00:00-05:00,244.14828508631325,247.49142126292023,235.26654259166716,237.2724151611328,188119900,0.0,0.0,-26.39009429617001
1874,2022-02-04 00:00:00-05:00,234.4881426900689,242.11247455254025,229.6381085977445,236.60379028320312,89342200,0.0,0.0,-0.28179629624270897
1875,2022-02-07 00:00:00-05:00,237.2125408376808,237.8113164967484,223.55061275651573,224.4487762451172,88613800,0.0,0.0,-5.137286272353025
1876,2022-02-08 00:00:00-05:00,220.3970939754727,225.30700236955235,215.7067204031333,219.72845458984372,94729700,0.0,0.0,-2.1030730192614033
1877,2022-02-09 00:00:00-05:00,223.74022359487296,232.8914165860042,221.754314290452,231.52423095703125,86563300,0.0,0.0,5.368342661493752
1878,2022-02-10 00:00:00-05:00,227.8018970004439,234.5180917033992,226.23510924880077,227.6023101806641,49310400,0.0,0.0,-1.6939569392609433
1879,2022-02-11 00:00:00-05:00,227.9914934788152,229.94746549105733,218.32136276225384,219.09976196289065,46156900,0.0,0.0,-3.7357038296423117
1880,2022-02-14 00:00:00-05:00,218.86025424839747,220.5467909686752,214.33954522637964,217.2535552978516,38184000,0.0,0.0,-0.8426328940292271
1881,2022-02-15 00:00:00-05:00,220.0178715648905,220.696469743222,214.61896248744185,220.5467834472656,42685500,0.0,0.0,1.5158454575802116
1882,2022-02-16 00:00:00-05:00,211.97441180431795,217.01405875149857,211.92451129444532,216.09593200683597,45817500,0.0,0.0,-2.0180985507294302
1883,2022-02-17 00:00:00-05:00,213.58111531889784,217.05397464959185,206.73518245188436,207.2840576171875,38747500,0.0,0.0,-4.077760422333965
1884,2022-02-18 00:00:00-05:00,208.96060032265137,210.31781196029692,204.75922712977493,205.7372283935547,37128400,0.0,0.0,-0.7462364647885744
1885,2022-02-22 00:00:00-05:00,201.92504970472407,207.05450829433389,199.64972660909933,201.66558837890625,39852400,0.0,0.0,-1.979048734368971
1886,2022-02-23 00:00:00-05:00,203.7413268226854,206.5156245778755,197.6438561677538,198.04302978515625,44481400,0.0,0.0,-1.7963196511958324
1887,2022-02-24 00:00:00-05:00,190.66818148845195,207.92273256824583,189.82990777208468,207.1742706298828,49957200,0.0,0.0,4.6107357853656605
1888,2022-02-25 00:00:00-05:00,204.51972292536223,210.8866440503307,202.76332248951047,210.04835510253903,37627600,0.0,0.0,1.3872786731276898
1889,2022-02-28 00:00:00-05:00,207.25409292549304,212.712876541053,206.40584519951304,210.59722900390625,34239800,0.0,0.0,0.26130835497344407
1890,2022-03-01 00:00:00-05:00,209.439598559165,211.3157479712125,201.8052930941789,203.07269287109372,27094900,0.0,0.0,-3.5729511581906737
1891,2022-03-02 00:00:00-05:00,204.3600545730536,208.7210881015033,201.6057200120586,207.6832275390625,29452100,0.0,0.0,2.270386334461749
1892,2022-03-03 00:00:00-05:00,208.59135260928915,208.6512271267732,201.00693235971,202.5537567138672,27263500,0.0,0.0,-2.4698531922759726
1893,2022-03-04 00:00:00-05:00,201.9549795084124,205.4677650392057,198.38231946060216,199.64971923828125,32130900,0.0,0.0,-1.4337119798218612
1894,2022-03-07 00:00:00-05:00,200.3782327553672,200.47803377612155,186.8959432273389,187.08555603027344,38560600,0.0,0.0,-6.293103369212616
1895,2022-03-08 00:00:00-05:00,187.46476645807883,196.29660788984629,185.7283293390296,189.89974975585935,37508100,0.0,0.0,1.5042282179873467
1896,2022-03-09 00:00:00-05:00,195.33860662530157,198.69171697100015,193.5223315421114,198.0929412841797,31894700,0.0,0.0,4.314482530310726
1897,2022-03-10 00:00:00-05:00,194.4404407817504,195.87749023102396,190.67818282990007,194.8096923828125,24853000,0.0,0.0,-1.6574285181909176
1898,2022-03-11 00:00:00-05:00,192.24494917581225,193.16306068843215,186.28719074096,187.2252655029297,34694500,0.0,0.0,-3.8932492460277413
1899,2022-03-14 00:00:00-04:00,186.64644227563525,191.89564971560765,185.43893224115808,186.2472686767578,31010500,0.0,0.0,-0.5223637010447035
1900,2022-03-15 00:00:00-04:00,190.4087265945081,191.88568727238388,185.52875520070103,191.63619995117188,31721700,0.0,0.0,2.8934283507624725
1901,2022-03-16 00:00:00-04:00,194.30072257685643,203.31220339445463,194.12109901490984,203.21241760253903,40640300,0.0,0.0,6.04072594547207
1902,2022-03-17 00:00:00-04:00,201.28637948348015,207.61337466494268,200.69759302557563,207.41378784179688,29499700,0.0,0.0,2.0674771201606656
1903,2022-03-18 00:00:00-04:00,206.27610421048493,216.3553975936242,205.5775427901924,216.0460357666016,52128000,0.0,0.0,4.161848647877209
1904,2022-03-21 00:00:00-04:00,214.06011139514564,214.2696874350717,207.20420500787637,211.0562896728516,30142300,0.0,0.0,-2.3095753995414747
1905,2022-03-22 00:00:00-04:00,210.9365327962325,219.00995398138616,209.74897072589167,216.2057037353516,31998800,0.0,0.0,2.439829711060426
1906,2022-03-23 00:00:00-04:00,212.8925242924812,216.3554095539669,211.72492544812545,213.0222625732422,23717300,0.0,0.0,-1.4724131265316354
1907,2022-03-24 00:00:00-04:00,214.55910009492877,220.2174708143185,214.34952404124857,219.11973571777344,31502300,0.0,0.0,2.8623642763322854
1908,2022-03-25 00:00:00-04:00,220.05778598214948,225.0375582746494,218.44111305270943,221.3651123046875,40039000,0.0,0.0,1.0247258557330996
1909,2022-03-28 00:00:00-04:00,221.67448750436765,223.5805591342165,219.08978719057063,223.1314849853516,26224100,0.0,0.0,0.7979453773333756
1910,2022-03-29 00:00:00-04:00,225.60640496176444,230.4165126567065,224.8279905005312,229.3886260986328,31417900,0.0,0.0,2.804239443703782
1911,2022-03-30 00:00:00-04:00,228.4405752742035,230.675971934738,226.2450898851081,227.38275146484372,25588000,0.0,0.0,-0.874443806523606
1912,2022-03-31 00:00:00-04:00,227.9815145404332,228.02144103983213,221.80420593700825,221.9040069580078,24192300,0.0,0.0,-2.4094811376591974
1913,2022-04-01 00:00:00-04:00,224.0895129285935,226.813910187855,222.24330067734635,224.38890075683597,19544800,0.0,0.0,1.119805736224655
1914,2022-04-04 00:00:00-04:00,225.5165722182981,233.86941797946736,225.39682317845973,233.4103546142578,28054800,0.0,0.0,4.0204545888827825
1915,2022-04-05 00:00:00-04:00,233.5999595049572,236.37425716895103,230.54623727246727,231.3645477294922,29727200,0.0,0.0,-0.8764850591768347
1916,2022-04-06 00:00:00-04:00,226.4446844558384,228.52042087423848,220.9559631812942,222.8420867919922,28995100,0.0,0.0,-3.6835638913289004
1917,2022-04-07 00:00:00-04:00,223.4707685956161,225.0575194785155,218.1117859874664,222.49278259277344,21037200,0.0,0.0,-0.1567496536436619
1918,2022-04-08 00:00:00-04:00,221.92396972425823,224.66833029329104,219.5787827833584,221.8740692138672,18375700,0.0,0.0,-0.2780824491006917
1919,2022-04-11 00:00:00-04:00,217.9720699948864,220.15758125506844,214.77863548965323,216.0160980224609,20516600,0.0,0.0,-2.640223443939138
1920,2022-04-12 00:00:00-04:00,219.78834794658744,221.5746704011009,212.6929281814581,213.7008514404297,20128800,0.0,0.0,-1.0717935391048927
1921,2022-04-13 00:00:00-04:00,211.38562069809555,216.16579097907885,210.8966200761693,214.5491180419922,19231800,0.0,0.0,0.3969411426509639
1922,2022-04-14 00:00:00-04:00,214.4493099880707,214.5491110023312,209.56933884967108,209.74896240234372,18379500,0.0,0.0,-2.2373224758299726
1923,2022-04-18 00:00:00-04:00,209.5693433653155,212.942416717042,207.87283267881,210.3377685546875,16580800,0.0,0.0,0.2807194589188544
1924,2022-04-19 00:00:00-04:00,210.08828064895516,217.9820476538997,208.5713935232685,216.8643493652344,20089900,0.0,0.0,3.102904844618992
1925,2022-04-20 00:00:00-04:00,213.1719405081081,213.72081564266912,198.51206354749883,200.0089874267578,43036500,0.0,0.0,-7.772306507645221
1926,2022-04-21 00:00:00-04:00,201.18657855186743,202.55376417644615,185.19942701225983,187.684326171875,49954100,0.0,0.0,-6.162053722408867
1927,2022-04-22 00:00:00-04:00,189.9795939605347,192.3247807904017,182.8941634178993,183.73243713378903,36426800,0.0,0.0,-2.1056041911922674
1928,2022-04-25 00:00:00-04:00,182.35526328898743,186.7961344327807,181.28746550334367,186.6065368652344,29281100,0.0,0.0,1.5642854230211611
1929,2022-04-26 00:00:00-04:00,186.24729400109564,186.8061432065104,179.1319101887646,180.5789337158203,31747400,0.0,0.0,-3.2301136126689833
1930,2022-04-27 00:00:00-04:00,174.07229438432145,180.83840485341508,168.6534368297024,174.5912322998047,71062900,0.0,0.0,-3.315836068363631
1931,2022-04-28 00:00:00-04:00,202.5038703688245,208.10236655756293,192.504414107268,205.30810546875,100890600,0.0,0.0,17.593594342812647
1932,2022-04-29 00:00:00-04:00,204.04072214526343,212.04426462893736,199.4900605112132,200.05889892578125,49193400,0.0,0.0,-2.5567458873501425
1933,2022-05-02 00:00:00-04:00,200.75745519615168,211.44549870452803,200.5778316346232,210.6970367431641,49915300,0.0,0.0,5.317502932638574
1934,2022-05-03 00:00:00-04:00,210.0184226386632,214.45929388299277,207.663261732036,211.59518432617188,41556300,0.0,0.0,0.4262744255405071
1935,2022-05-04 00:00:00-04:00,210.2180012195053,223.84001747581544,206.5355813166756,222.95184326171875,41375900,0.0,0.0,5.367163232808125
1936,2022-05-05 00:00:00-04:00,218.29143092152705,219.71849108228648,205.73722715571347,207.85287475585935,41129200,0.0,0.0,-6.7723003698762945
1937,2022-05-06 00:00:00-04:00,206.91479805191085,208.9506230907461,200.60776658183704,203.3521270751953,34747200,0.0,0.0,-2.165352625481143
1938,2022-05-09 00:00:00-04:00,199.43019347314592,202.15460614910836,195.17893474485624,195.80764770507807,36303200,0.0,0.0,-3.7100567762084258
1939,2022-05-10 00:00:00-04:00,199.10086100504333,202.54379830046935,193.791778603506,197.2446746826172,34452500,0.0,0.0,0.7338972682535694
1940,2022-05-11 00:00:00-04:00,195.92738236850408,200.2584785537092,187.88391367383804,188.3529510498047,31153400,0.0,0.0,-4.507966385972151
1941,2022-05-12 00:00:00-04:00,186.6763882249728,197.64385619681357,184.40106510495,190.8478240966797,38262200,0.0,0.0,1.3245733783142644
1942,2022-05-13 00:00:00-04:00,192.18507017610537,199.48007682491595,190.88773309356444,198.21267700195312,24549800,0.0,0.0,3.8590185348629236
1943,2022-05-16 00:00:00-04:00,196.6459172688899,204.94884772328103,195.5282036717136,199.62977600097656,27112600,0.0,0.0,0.7149386307967909
1944,2022-05-17 00:00:00-04:00,201.7055083804029,205.03867062748347,197.9532244805881,202.20448303222656,24872700,0.0,0.0,1.2897409809433436
1945,2022-05-18 00:00:00-04:00,199.58986052543287,200.58780982806,191.23702973524283,191.8457794189453,23960000,0.0,0.0,-5.122885238716646
1946,2022-05-19 00:00:00-04:00,190.80789330034395,194.88950207280791,189.21118363896903,190.897705078125,24446900,0.0,0.0,-0.494185665012703
1947,2022-05-20 00:00:00-04:00,194.57017231232533,197.50414563151065,187.48472633432684,193.14309692382807,31465600,0.0,0.0,1.1762277837672919
1948,2022-05-23 00:00:00-04:00,194.78971517100737,196.58602685384628,190.8478187067896,195.82757568359372,25059200,0.0,0.0,1.389891123483622
1949,2022-05-24 00:00:00-04:00,180.17975017197705,183.3033211438133,175.74885281870357,180.9082489013672,50406300,0.0,0.0,-7.618603626249387
1950,2022-05-25 00:00:00-04:00,180.03004423569575,185.0696911512053,178.95227241220832,183.45301818847656,28030200,0.0,0.0,1.4066629369105188
1951,2022-05-26 00:00:00-04:00,182.5049590558235,192.43455079445087,181.8862201819138,191.2370147705078,23056500,0.0,0.0,4.243046344451029
1952,2022-05-27 00:00:00-04:00,190.9675851459015,194.9294452197196,189.41078662140345,194.7298583984375,22562700,0.0,0.0,1.8264474752030857
1953,2022-05-31 00:00:00-04:00,194.490341306291,197.1947906488588,191.61624240754716,193.24290466308597,26131100,0.0,0.0,-0.7635982214443282
1954,2022-06-01 00:00:00-04:00,196.1070148221424,199.1208260234949,184.6206236641785,188.25315856933597,36623500,0.0,0.0,-2.5821108942910453
1955,2022-06-02 00:00:00-04:00,188.06353856577672,200.52793054130728,187.3450138667591,198.4521942138672,31951600,0.0,0.0,5.41772351765073
1956,2022-06-03 00:00:00-04:00,195.57809666569676,196.20680958822308,189.3908141424532,190.3887634277344,19465000,0.0,0.0,-4.063160308241798
1957,2022-06-06 00:00:00-04:00,193.59219271325037,196.5161768911788,188.01364448061037,193.8516540527344,30574200,0.0,0.0,1.8188524168414988
1958,2022-06-07 00:00:00-04:00,191.53639162192965,196.126964248036,191.09730674445169,195.24876403808597,18828700,0.0,0.0,0.7207108921399863
1959,2022-06-08 00:00:00-04:00,194.2707939755089,201.6157016432654,194.0113326319666,196.23675537109372,22267200,0.0,0.0,0.5060166899776286
1960,2022-06-09 00:00:00-04:00,193.8815826673248,199.0409785582059,183.3033143301525,183.62266540527344,23501600,0.0,0.0,-6.427995582156054
1961,2022-06-10 00:00:00-04:00,182.6646279876283,182.72451773502675,174.66108579257826,175.2099609375,27450800,0.0,0.0,-4.5815174554871945
1962,2022-06-13 00:00:00-04:00,170.24016218092802,172.22608670856658,163.69361741127182,163.9231414794922,31749300,0.0,0.0,-6.4418822980241375
1963,2022-06-14 00:00:00-04:00,165.6895123895967,166.4080370661932,161.02909122979517,163.39422607421875,27244300,0.0,0.0,-0.3226606081970451
1964,2022-06-15 00:00:00-04:00,166.85711598350272,171.8069510949883,163.64371809500756,169.00271606445312,30008300,0.0,0.0,3.4324897060235227
1965,2022-06-16 00:00:00-04:00,163.38426171277925,164.74147337900493,159.28268945310077,160.54010009765625,26944100,0.0,0.0,-5.007384593493436
1966,2022-06-17 00:00:00-04:00,161.34843227325794,165.55977945285042,159.5720837731452,163.4042205810547,31374200,0.0,0.0,1.7840530071030258
1967,2022-06-21 00:00:00-04:00,165.5897149478117,167.41596393795314,155.6501487528585,156.72793579101562,50724900,0.0,0.0,-4.085748070826223
1968,2022-06-22 00:00:00-04:00,158.0552058727025,160.4602519738152,155.12123266385876,155.5303955078125,47267800,0.0,0.0,-0.7640885954115717
1969,2022-06-23 00:00:00-04:00,155.9495436981775,159.4224030502199,153.93368181844394,158.42445373535156,40499200,0.0,0.0,1.8607669697552343
1970,2022-06-24 00:00:00-04:00,161.39833020130965,169.90086219419874,160.9692193269929,169.81105041503906,68736000,0.0,0.0,7.18739841685605
1971,2022-06-27 00:00:00-04:00,170.96867450996947,171.39778538251448,167.66544966870512,169.14242553710938,29174600,0.0,0.0,-0.39374638829186015
1972,2022-06-28 00:00:00-04:00,169.55157248341155,170.94871057814515,160.28063059636332,160.35047912597656,27744500,0.0,0.0,-5.197954554106765
1973,2022-06-29 00:00:00-04:00,163.23456918538383,165.98890368501117,159.99123406220966,163.6038055419922,28595200,0.0,0.0,2.028884749050053
1974,2022-06-30 00:00:00-04:00,161.81747507326767,164.89116078577214,158.16499215920217,160.91932678222656,35250600,0.0,0.0,-1.6408412694756014
1975,2022-07-01 00:00:00-04:00,159.98123730804085,160.2905991303949,154.6821293767591,159.70181274414062,31423900,0.0,0.0,-0.7565990129536182
1976,2022-07-05 00:00:00-04:00,157.81569940813756,167.90496729417103,156.69800108111826,167.8450927734375,28618600,0.0,0.0,5.099052972143325
1977,2022-07-06 00:00:00-04:00,167.8550568872872,171.2381041567375,165.12068575169704,169.42184448242188,23085900,0.0,0.0,0.9394088816839785
1978,2022-07-07 00:00:00-04:00,169.1024971219848,172.36579542845575,167.4359237041992,171.83688354492188,24083400,0.0,0.0,1.4254590781241028
1979,2022-07-08 00:00:00-04:00,169.63140807791768,172.04644341891262,167.80515913575064,170.52957153320312,19249200,0.0,0.0,-0.7607866162080312
1980,2022-07-11 00:00:00-04:00,166.7273844229266,167.14652127036075,161.57796276445575,162.5459747314453,21885600,0.0,0.0,-4.681649481658001
1981,2022-07-12 00:00:00-04:00,164.46204182041134,165.56976611300732,161.76758185200146,162.9351806640625,16639700,0.0,0.0,0.23944359942484894
1982,2022-07-13 00:00:00-04:00,159.83156632571726,164.64167411717588,159.28269115566022,163.1547393798828,16555100,0.0,0.0,0.13475218484153562
1983,2022-07-14 00:00:00-04:00,160.8893885911056,162.25657426973214,156.95746588272203,157.72589111328125,23765200,0.0,0.0,-3.3274229649935316
1984,2022-07-15 00:00:00-04:00,160.21077098582552,164.6416682330231,159.4922615122912,164.36224365234375,23342800,0.0,0.0,4.207522615482429
1985,2022-07-18 00:00:00-04:00,166.4080430509002,171.33791494859784,165.30031873693372,166.88705444335938,23574300,0.0,0.0,1.5361257761582259
1986,2022-07-19 00:00:00-04:00,170.02061582779947,176.1280758431639,169.16237882847523,175.41952514648438,25933700,0.0,0.0,5.112721733620673
1987,2022-07-20 00:00:00-04:00,177.12601668901257,183.2234871751504,176.33762825934585,182.7145233154297,24784300,0.0,0.0,4.158601023947361
1988,2022-07-21 00:00:00-04:00,180.2595729741739,183.47297068955808,178.50317259657456,182.7943572998047,27195800,0.0,0.0,0.04369328881272949
1989,2022-07-22 00:00:00-04:00,172.71509246120857,175.23990296909983,168.064645073967,168.92288208007812,42583900,0.0,0.0,-7.588568610449875
1990,2022-07-25 00:00:00-04:00,168.65342971626615,170.2202174080363,164.47201976204906,166.30824279785156,26166300,0.0,0.0,-1.5478301400204009
1991,2022-07-26 00:00:00-04:00,165.5997078741663,165.65958239525892,157.62608755288088,158.82362365722656,28468400,0.0,0.0,-4.500449896354564
1992,2022-07-27 00:00:00-04:00,162.25656790122932,170.51958662572136,161.68774473651658,169.23223876953125,43846600,0.0,0.0,6.553568589247516
1993,2022-07-28 00:00:00-04:00,160.72971048152476,161.17878461728105,154.53245390759287,160.39041137695312,73214300,0.0,0.0,-5.224670817372667
1994,2022-07-29 00:00:00-04:00,157.36663048199537,159.8116032669968,154.8517939354948,158.77374267578125,42065400,0.0,0.0,-1.0079584479475767
1995,2022-08-01 00:00:00-04:00,156.92752351549998,164.8512431964978,154.91166171602129,159.60202026367188,40596700,0.0,0.0,0.5216716403681376
1996,2022-08-02 00:00:00-04:00,157.98534647158587,161.90729502034617,157.68595864513514,159.8614959716797,27374500,0.0,0.0,0.16257670647221723
1997,2022-08-03 00:00:00-04:00,162.35637142952837,169.19231488755273,161.238673104391,168.45384216308594,31721900,0.0,0.0,5.374869126039217
1998,2022-08-04 00:00:00-04:00,167.95486572982247,171.79696129525294,166.45794181998002,170.22021484375,23938200,0.0,0.0,1.0485796334368969
1999,2022-08-05 00:00:00-04:00,166.64755442694616,171.25807519116788,165.45999235676845,166.76730346679688,25832700,0.0,0.0,-2.0284966624690592
2000,2022-08-08 00:00:00-04:00,167.65547778427865,177.14596988409676,166.78726678998066,169.90086364746094,27299100,0.0,0.0,1.8790015281910266
2001,2022-08-09 00:00:00-04:00,168.603524068028,169.18233646487988,166.25835244858206,168.18438720703125,18655100,0.0,0.0,-1.0102811743154638
2002,2022-08-10 00:00:00-04:00,175.6291019740204,180.10988456463198,173.59327688406736,177.97427368164062,30262100,0.0,0.0,5.820924663213978
2003,2022-08-11 00:00:00-04:00,179.3414709480325,182.72451838189343,176.00830879593406,177.1260223388672,24079100,0.0,0.0,-0.476614583235091
2004,2022-08-12 00:00:00-04:00,180.43921414778217,181.0878903424068,178.5431165304138,180.12985229492188,21274000,0.0,0.0,1.6958716265348839
2005,2022-08-15 00:00:00-04:00,178.59300818548786,181.0679181131373,177.83455699415362,180.51904296875,15878700,0.0,0.0,0.21606117413059955
2006,2022-08-16 00:00:00-04:00,179.0720219681936,180.61884640398677,176.67693454995015,179.10195922851562,21156700,0.0,0.0,-0.7850051257360602
2007,2022-08-17 00:00:00-04:00,176.39751139439946,177.77468629033348,173.81282638239102,174.49143981933594,20118100,0.0,0.0,-2.5742428664876527
2008,2022-08-18 00:00:00-04:00,173.98246777994527,175.39955388104443,171.5075579151732,174.30181884765625,18844500,0.0,0.0,-0.10867064417372507
2009,2022-08-19 00:00:00-04:00,169.85096674062757,171.96662959794998,166.70743255650152,167.61557006835938,26240800,0.0,0.0,-3.8360177900041315
2010,2022-08-22 00:00:00-04:00,165.15063594735082,165.15063594735082,161.9272487287731,162.71563720703125,19499700,0.0,0.0,-2.9233160495351185
2011,2022-08-23 00:00:00-04:00,162.146787631555,164.7115244777476,160.37043920934636,160.77960205078125,18111800,0.0,0.0,-1.1898273512500168
2012,2022-08-24 00:00:00-04:00,160.2706527726326,165.12068664993134,159.44235308265704,162.92518615722656,20891500,0.0,0.0,1.334487757823677
2013,2022-08-25 00:00:00-04:00,164.8412600526686,168.53368468919487,163.68365042360702,168.4338836669922,15550500,0.0,0.0,3.3811208933955728
2014,2022-08-26 00:00:00-04:00,168.13449968606133,170.56949849970118,161.33846715155727,161.4482421875,24023600,0.0,0.0,-4.147408661135776
2015,2022-08-29 00:00:00-04:00,160.33053203511332,162.71563016141383,158.68390661685316,158.8435821533203,20052700,0.0,0.0,-1.6133096272146097
2016,2022-08-30 00:00:00-04:00,160.02116805805048,161.3284791369415,155.5902709591395,156.83770751953125,19567900,0.0,0.0,-1.2627986643192979
2017,2022-08-31 00:00:00-04:00,166.72739566239594,167.49580565407706,161.80749773044258,162.5958709716797,40953000,0.0,0.0,3.6714152120792543
2018,2022-09-01 00:00:00-04:00,163.24454082796524,167.0167877906098,160.02116900062552,165.02088928222656,30145700,0.0,0.0,1.4914390482703377
2019,2022-09-02 00:00:00-04:00,167.10660971477637,167.58562112217234,158.89349111781848,159.99124145507812,22634200,0.0,0.0,-3.047885542869966
2020,2022-09-06 00:00:00-04:00,159.77168795630195,161.35842367812864,157.36662650472945,158.21487426757812,19339800,0.0,0.0,-1.1102902704825612
2021,2022-09-07 00:00:00-04:00,157.43646951044022,160.62991931905745,156.488420760537,160.0610809326172,16831200,0.0,0.0,1.1668982916970938
2022,2022-09-08 00:00:00-04:00,158.3845251707094,161.89729541172923,157.4165132227731,161.72764587402344,22530800,0.0,0.0,1.0412056020712823
2023,2022-09-09 00:00:00-04:00,162.91522114104174,169.19231545764814,162.68569706867714,168.80311584472656,22086800,0.0,0.0,4.374929179525999
2024,2022-09-12 00:00:00-04:00,167.04673763431333,171.03853495179737,166.93696259898255,168.613525390625,23220400,0.0,0.0,-0.11231454653714001
2025,2022-09-13 00:00:00-04:00,161.20872092439674,161.29854793301493,152.35691563234963,152.81597900390625,44444100,0.0,0.0,-9.369086109860259
2026,2022-09-14 00:00:00-04:00,153.01556431419115,153.22512513474956,148.74434263117206,151.1593780517578,43064200,0.0,0.0,-1.0840495627136515
2027,2022-09-15 00:00:00-04:00,149.49280396835266,153.88377467348556,148.39505367832072,149.24331665039062,34606300,0.0,0.0,-1.2675769284464233
2028,2022-09-16 00:00:00-04:00,147.74640611619952,148.27531805995483,143.99410676880473,145.99000549316406,40122800,0.0,0.0,-2.1798705833157017
2029,2022-09-19 00:00:00-04:00,144.94216331706872,148.2753103590367,144.80245102271968,147.71646118164062,22169500,0.0,0.0,1.1825848506851422
2030,2022-09-20 00:00:00-04:00,145.4810586623911,148.53478131334623,144.92220944881748,145.79042053222656,23217400,0.0,0.0,-1.3038767880078628
2031,2022-09-21 00:00:00-04:00,146.08980009899724,149.2932241108868,141.70880320069537,141.82855224609375,38338600,0.0,0.0,-2.7175093340628953
2032,2022-09-22 00:00:00-04:00,141.25971509543345,144.28350001295468,140.58110170773247,142.52711486816406,34418500,0.0,0.0,0.49254019096112156
2033,2022-09-23 00:00:00-04:00,141.12999366276694,142.32752982380154,138.605183053857,140.1220703125,31710700,0.0,0.0,-1.687429481673508
2034,2022-09-26 00:00:00-04:00,139.83264165499557,141.94830438365094,135.9107084785087,136.09033203125,30497000,0.0,0.0,-2.877304247830781
2035,2022-09-27 00:00:00-04:00,137.63716004688845,139.13408393618136,133.8449498151802,134.12437438964844,30826500,0.0,0.0,-1.4445975788714538
2036,2022-09-28 00:00:00-04:00,134.34392452666663,141.7387321988714,133.9946514221175,141.31959533691406,32658500,0.0,0.0,5.364588636486456
2037,2022-09-29 00:00:00-04:00,139.07421159851506,139.5532229869033,134.922738959157,136.13026428222656,38985400,0.0,0.0,-3.6720534348515743
2038,2022-09-30 00:00:00-04:00,135.7710002391327,140.70087203339003,135.2221250991349,135.40174865722656,33166400,0.0,0.0,-0.5351606630907835
2039,2022-10-03 00:00:00-04:00,136.85877312632007,139.33368324838568,135.82091250335662,138.3257598876953,27723100,0.0,0.0,2.159507731226551
2040,2022-10-04 00:00:00-04:00,140.20190087957073,142.09799843477836,139.05425006247336,139.99232482910156,34670700,0.0,0.0,1.2048117015654336
2041,2022-10-05 00:00:00-04:00,137.95651931510423,139.92248069137275,134.50360797189964,138.6949920654297,27979300,0.0,0.0,-0.9267170648502465
2042,2022-10-06 00:00:00-04:00,137.43758287087573,141.15992960604697,136.31988449468452,138.78482055664062,36231100,0.0,0.0,0.0647669320090305
2043,2022-10-07 00:00:00-04:00,136.47954030127232,138.00640150664847,132.16840725888602,133.17633056640625,33214800,0.0,0.0,-4.041140787400055
2044,2022-10-10 00:00:00-04:00,133.27612692283105,135.8308745959483,131.59956424516207,133.515625,24024000,0.0,0.0,0.25477082312652666
2045,2022-10-11 00:00:00-04:00,131.35006778510933,132.38794347224146,126.72956576685704,128.27638244628906,38481400,0.0,0.0,-3.92406697995904
2046,2022-10-12 00:00:00-04:00,128.05685873766083,129.40408112725663,125.99109642178404,127.23853302001952,34605200,0.0,0.0,-0.8090728834702743
2047,2022-10-13 00:00:00-04:00,123.27667988082185,130.87107491365327,122.2787305478742,130.02281188964844,34325700,0.0,0.0,2.1882355946298393
2048,2022-10-14 00:00:00-04:00,130.73135623921172,131.51972947368512,126.26054009563806,126.50005340576172,23559400,0.0,0.0,-2.709338794239058
2049,2022-10-17 00:00:00-04:00,130.03280071228454,134.5135834572755,129.91303643801535,133.76512145996094,29612200,0.0,0.0,5.74313437710241
2050,2022-10-18 00:00:00-04:00,136.80885979084664,137.55732173252062,131.1305260902806,132.5276641845703,25445000,0.0,0.0,-0.9250971119261653
2051,2022-10-19 00:00:00-04:00,132.61748798632064,136.71906040765006,131.94886375177282,132.956787109375,30691000,0.0,0.0,0.32379875359989096
2052,2022-10-20 00:00:00-04:00,132.65739208290893,136.48952893727636,131.0407191025884,131.26026916503906,26356300,0.0,0.0,-1.2759919829743782
2053,2022-10-21 00:00:00-04:00,126.05096847260812,129.85315271314087,125.18275749004476,129.74337768554688,46348600,0.0,0.0,-1.1556364230709715
2054,2022-10-24 00:00:00-04:00,126.98904359670782,133.20626323562146,124.31453926984608,129.4539794921875,63563400,0.0,0.0,-0.22305430806709436
2055,2022-10-25 00:00:00-04:00,130.61160360802066,138.06628577481538,130.32218979613862,137.22799682617188,38433200,0.0,0.0,6.005236273523384
2056,2022-10-26 00:00:00-04:00,131.40995833678295,135.27203253602863,128.2664240891974,129.5537872314453,82791500,0.0,0.0,-5.592306068890274
2057,2022-10-27 00:00:00-04:00,97.77906988422596,102.28979709892944,96.18234500924387,97.73915100097656,232316600,0.0,0.0,-24.557086990928735
2058,2022-10-28 00:00:00-04:00,99.37579237641772,100.64318462786832,97.31003764545176,98.99656677246094,95928300,0.0,0.0,1.2865016307250343
2059,2022-10-31 00:00:00-04:00,98.01857677360756,99.11631942832626,92.41009923504669,92.96895599365234,121361400,0.0,0.0,-6.08870688683859
2060,2022-11-01 00:00:00-04:00,94.1365573711369,97.29007313549572,93.35815815125558,95.00476837158205,110189600,0.0,0.0,2.189776529348886
2061,2022-11-02 00:00:00-04:00,94.01679619341594,95.00476380082968,90.29444982332508,90.35432434082033,71821100,0.0,0.0,-4.894958548367734
2062,2022-11-03 00:00:00-04:00,89.89527525153937,90.27449324661562,88.22870173893592,88.72767639160156,60664000,0.0,0.0,-1.8002989464931174
2063,2022-11-04 00:00:00-04:00,90.1647206581326,91.20258887746174,87.90935303509531,90.60382080078124,55638100,0.0,0.0,2.1144973986462423
2064,2022-11-07 00:00:00-05:00,94.58563572580172,96.68132778379048,92.90908055666088,96.52165985107422,81987300,0.0,0.0,6.5315557313030626
2065,2022-11-08 00:00:00-05:00,95.72328826937157,97.59943769368992,94.59560838095024,96.27216339111328,52088300,0.0,0.0,-0.2584875356949845
2066,2022-11-09 00:00:00-05:00,101.51140444030506,104.68488353217604,100.53341077215028,101.2619171142578,107677300,0.0,0.0,5.182966235913122
2067,2022-11-10 00:00:00-05:00,106.90032785121838,112.5187794639919,104.39547306788651,111.64058685302734,80671000,0.0,0.0,10.249331668349605
2068,2022-11-11 00:00:00-05:00,109.00600960288612,114.66438052532158,108.5868650942341,112.7882308959961,59961700,0.0,0.0,1.0279810195548356
2069,2022-11-14 00:00:00-05:00,110.7623915642746,116.03156269237206,110.57278637310186,113.98577117919922,53395000,0.0,0.0,1.0617599670548872
2070,2022-11-15 00:00:00-05:00,115.83197386967628,118.49649664860712,114.1753820062254,116.83990478515624,50670500,0.0,0.0,2.5039384972620704
2071,2022-11-16 00:00:00-05:00,114.26518728198904,115.8419488988567,112.42896434620522,112.99779510498048,33287800,0.0,0.0,-3.288353997926119
2072,2022-11-17 00:00:00-05:00,110.18359019302036,112.09965109693844,109.57484048702308,111.22145080566406,35093800,0.0,0.0,-1.5720167793239814
2073,2022-11-18 00:00:00-05:00,113.5666322040982,114.08556248465038,110.39315315856103,111.82022094726562,33357700,0.0,0.0,0.5383585066227825
2074,2022-11-21 00:00:00-05:00,111.29129637626193,112.1395593249308,108.96608042345052,109.63470458984376,24351100,0.0,0.0,-1.9544911813870858
2075,2022-11-22 00:00:00-05:00,109.63470984866343,111.39110273476064,108.097867025047,111.2114715576172,29029000,0.0,0.0,1.438200589559946
2076,2022-11-23 00:00:00-05:00,111.4908963771708,112.43894516125434,110.50292870766548,112.00982666015624,21343100,0.0,0.0,0.7178711794362025
2077,2022-11-25 00:00:00-05:00,111.07175878271364,112.4988265688828,110.79232658656784,111.18153381347656,12007600,0.0,0.0,-0.7394823038096132
2078,2022-11-28 00:00:00-05:00,110.55282149930105,111.81023974077388,108.1577416725072,108.55692291259766,23309400,0.0,0.0,-2.360653618326658
2079,2022-11-29 00:00:00-05:00,109.315364808101,110.71249531982497,108.31741553026232,109.23552703857422,23899200,0.0,0.0,0.6251136341833607
2080,2022-11-30 00:00:00-05:00,109.28543012958325,117.91769310955516,109.15569184760022,117.8578109741211,43348600,0.0,0.0,7.893296411250983
2081,2022-12-01 00:00:00-05:00,118.95555343913092,120.95145203786632,118.1571985678861,120.1930160522461,36551400,0.0,0.0,1.9813748947346
2082,2022-12-02 00:00:00-05:00,117.58836636347124,123.78563052467182,117.36881630204005,123.23675537109376,39950500,0.0,0.0,2.532376188583707
2083,2022-12-05 00:00:00-05:00,121.5003263664658,124.41433647337618,121.10114512670094,122.1789321899414,35474900,0.0,0.0,-0.8583666276891333
2084,2022-12-06 00:00:00-05:00,119.66410615282508,120.3027931060541,113.50675308579828,113.88597869873048,43689200,0.0,0.0,-6.787547855074195
2085,2022-12-07 00:00:00-05:00,113.52670818279049,115.64235570826848,112.64850797485757,113.69635772705078,29461100,0.0,0.0,-0.16650071751266315
2086,2022-12-08 00:00:00-05:00,116.15131438546167,117.0993631420486,114.35500266232488,115.09349060058594,30619400,0.0,0.0,1.2288281713379368
2087,2022-12-09 00:00:00-05:00,115.06355495319372,117.2989592070616,113.63648717919014,115.66232299804688,26033400,0.0,0.0,0.49423507315020654
2088,2022-12-12 00:00:00-05:00,114.94379934665557,115.48269287606108,112.90798188459542,114.47476196289062,24747100,0.0,0.0,-1.0267483864873639
2089,2022-12-13 00:00:00-05:00,121.8795455849301,123.047152055415,118.39670465072462,119.9036102294922,44701100,0.0,0.0,4.7423975149749165
2090,2022-12-14 00:00:00-05:00,119.14515954669814,123.88541845230196,119.14515954669814,121.34064483642578,36922000,0.0,0.0,1.1984915251368466
2091,2022-12-15 00:00:00-05:00,118.08734159047518,118.38672180992934,113.77620095209504,115.91181182861328,34531000,0.0,0.0,-4.474043314283427
2092,2022-12-16 00:00:00-05:00,119.98344394250388,123.05712190407748,118.5763318188422,119.1850814819336,67064000,0.0,0.0,2.8239310573111798
2093,2022-12-19 00:00:00-05:00,116.59041859096106,117.5584306305317,114.09554534000536,114.2452392578125,29769900,0.0,0.0,-4.1446816687958465
2094,2022-12-20 00:00:00-05:00,113.02773648504194,117.08938971057758,112.22937402330945,116.8498764038086,28742500,0.0,0.0,2.279864931717923
2095,2022-12-21 00:00:00-05:00,116.4606744149086,120.09320907535356,115.38289501149254,119.514404296875,20392800,0.0,0.0,2.280300138151925
2096,2022-12-22 00:00:00-05:00,116.95965193285946,118.3767456891828,114.14543528315195,116.87982177734376,23618100,0.0,0.0,-2.204405849680602
2097,2022-12-23 00:00:00-05:00,115.79205527460942,117.93764777779133,115.30306225277924,117.79793548583984,17796600,0.0,0.0,0.7855194288754808
2098,2022-12-27 00:00:00-05:00,117.68816201207744,118.35678622008712,115.81202005693488,116.64031219482422,21392300,0.0,0.0,-0.9827195071298811
2099,2022-12-28 00:00:00-05:00,116.01160171750456,117.9077068382178,115.27312139541048,115.38289642333984,19612500,0.0,0.0,-1.0780284687373909
2100,2022-12-29 00:00:00-05:00,116.16129714693744,120.78179954980222,115.53258423081144,120.0133819580078,22366200,0.0,0.0,4.013147249899762
2101,2022-12-30 00:00:00-05:00,117.91769376245584,120.17305371423764,117.49854926709244,120.0932159423828,19583800,0.0,0.0,0.06652090214651629
2102,2023-01-03 00:00:00-05:00,122.56813109131429,126.11085410469624,122.0292375628316,124.48419189453124,35528500,0.0,0.0,3.6563064097268505
2103,2023-01-04 00:00:00-05:00,127.11877680633152,128.78535789380084,125.5919156229978,127.10880279541016,32397100,0.0,0.0,2.1083889134313694
2104,2023-01-05 00:00:00-05:00,125.87134338376998,128.25644923277076,124.2846076398259,126.6796875,25447100,0.0,0.0,-0.33759683513095995
2105,2023-01-06 00:00:00-05:00,128.70552238234612,130.0627340388465,125.7815306300878,129.7533721923828,27584500,0.0,0.0,2.4263437596361292
2106,2023-01-09 00:00:00-05:00,130.8910350601029,132.67735762361957,129.01488548585226,129.20449829101562,26649100,0.0,0.0,-0.4230132073587911
2107,2023-01-10 00:00:00-05:00,127.00900623078064,133.16635930342244,126.88925718553416,132.71728515625,28684400,0.0,0.0,2.718780624280037
2108,2023-01-11 00:00:00-05:00,130.69144264183274,133.57551541293756,130.0727037419003,132.6174774169922,25423000,0.0,0.0,-0.07520327072717548
2109,2023-01-12 00:00:00-05:00,133.16634357852826,137.3976384375666,131.4897810055631,136.4296417236328,30757700,0.0,0.0,2.8745564920179767
2110,2023-01-13 00:00:00-05:00,134.69322398304843,137.1082595647353,134.56348569571657,136.6990966796875,22423800,0.0,0.0,0.1975047010682074
2111,2023-01-17 00:00:00-05:00,135.9007231963062,136.46956158487143,133.97468842975496,135.08241271972656,21147600,0.0,0.0,-1.1826588464948995
2112,2023-01-18 00:00:00-05:00,135.5314792261547,136.96852851914846,132.52765759808884,132.74720764160156,20215500,0.0,0.0,-1.7287262132118952
2113,2023-01-19 00:00:00-05:00,132.2183057771228,137.16812568556315,131.86901743762706,135.87078857421875,28625200,0.0,0.0,2.353029482209834
2114,2023-01-20 00:00:00-05:00,135.6113235969876,139.65302112357213,134.33394976931356,139.0841827392578,28688600,0.0,0.0,2.365036810899035
2115,2023-01-23 00:00:00-05:00,139.00434722754017,143.46518168614878,138.37564954164387,142.9761962890625,27470100,0.0,0.0,2.7983150011393176
2116,2023-01-24 00:00:00-05:00,141.39942748151546,144.7026369647951,141.07010241146838,142.84645080566406,21970200,0.0,0.0,-0.09074621284239637
2117,2023-01-25 00:00:00-05:00,140.9303990272318,142.87639708446287,140.02226152469143,141.20982360839844,26622000,0.0,0.0,-1.1457247891249134
2118,2023-01-26 00:00:00-05:00,144.1038778560194,147.20750089638824,143.00614272422396,146.99794006347656,25482100,0.0,0.0,4.098947443720102
2119,2023-01-27 00:00:00-05:00,147.93599553382023,152.87584104982264,147.08773261912944,151.42881774902344,35771900,0.0,0.0,3.0142447463097355
2120,2023-01-30 00:00:00-05:00,149.10360981721632,150.81009460711934,146.64864781854257,146.7584228515625,28040100,0.0,0.0,-3.0842180285667986
2121,2023-01-31 00:00:00-05:00,147.64659247869832,149.5726425015033,147.21748159881025,148.6645050048828,29842100,0.0,0.0,1.2987889323723634
2122,2023-02-01 00:00:00-05:00,147.7264412137514,153.2650631574294,146.7584291250591,152.80599975585938,55661000,0.0,0.0,2.7857993075351306
2123,2023-02-02 00:00:00-05:00,183.00394281397905,196.75568259713955,179.79054493218123,188.3828887939453,150475700,0.0,0.0,23.28239015151743
2124,2023-02-03 00:00:00-05:00,183.09375386515347,196.36648220745616,182.51494146100072,186.14747619628903,76809700,0.0,0.0,-1.186632507850216
2125,2023-02-06 00:00:00-05:00,186.1474736481813,190.30892022163647,185.13955038073675,185.67843627929688,42483800,0.0,0.0,-0.25197221395446556
2126,2023-02-07 00:00:00-05:00,185.1994285914808,193.3826096146648,184.02184052671296,191.2270355224609,47080700,0.0,0.0,2.9882841294601725
2127,2023-02-08 00:00:00-05:00,189.6103514204991,190.43865109874085,182.54486912974087,183.05381774902344,36139100,0.0,0.0,-4.274091135234626
2128,2023-02-09 00:00:00-05:00,185.7483160690819,186.26723876359745,176.90648428177823,177.55514526367188,37118800,0.0,0.0,-3.0038556709538478
2129,2023-02-10 00:00:00-05:00,175.98836254806494,178.52314703254748,172.99451469226003,173.79286193847656,33433600,0.0,0.0,-2.1189379331183367
2130,2023-02-13 00:00:00-05:00,177.85451691001492,180.628814612381,175.45944479620871,179.06202697753906,31463200,0.0,0.0,3.0318650491685917
2131,2023-02-14 00:00:00-05:00,176.7967039881454,181.13777436423925,175.51933008539842,179.1119384765625,24034600,0.0,0.0,0.027873860173444065
2132,2023-02-15 00:00:00-05:00,176.05821916640255,177.82459374615954,174.9704580500967,176.7967071533203,25308900,0.0,0.0,-1.292616976252059
2133,2023-02-16 00:00:00-05:00,172.3957418519802,175.48939077794975,171.43770382234192,172.0863800048828,25827500,0.0,0.0,-2.6642618091029524
2134,2023-02-17 00:00:00-05:00,169.870933349424,172.82485478976344,169.3519954427435,172.52548217773438,24171300,0.0,0.0,0.25516381531129895
2135,2023-02-21 00:00:00-05:00,173.95253441972062,177.80461920221634,171.5275250083619,171.72711181640625,34592600,0.0,0.0,-0.4627550384155188
2136,2023-02-22 00:00:00-05:00,170.71920345936897,172.40572507812445,169.3420284767475,170.7690887451172,22433200,0.0,0.0,-0.5578752598560444
2137,2023-02-23 00:00:00-05:00,171.64728355139903,173.33382034362356,169.03266119800855,171.68719482421875,20017800,0.0,0.0,0.5376301330926925
2138,2023-02-24 00:00:00-05:00,168.29416192212358,170.36989820189564,167.31617591494637,170.0405731201172,19791300,0.0,0.0,-0.9590824206705983
2139,2023-02-27 00:00:00-05:00,171.52751930020332,172.7649666053965,168.71329514968951,169.1923065185547,19277000,0.0,0.0,-0.4988612929240577
2140,2023-02-28 00:00:00-05:00,171.54747865108425,177.1859013349522,171.5175413902715,174.5812530517578,46051100,0.0,0.0,3.1851014056671234
2141,2023-03-01 00:00:00-05:00,174.23196039758668,177.48528478211128,172.69512521303946,173.06436157226562,30998400,0.0,0.0,-0.8688742078409084
2142,2023-03-02 00:00:00-05:00,172.0265037373733,174.65110001925584,171.07843972847323,174.17208862304688,17352000,0.0,0.0,0.640066528265959
2143,2023-03-03 00:00:00-05:00,178.5530812338877,186.2372875533063,176.68692097520673,184.8701019287109,45877700,0.0,0.0,6.142208771933189
2144,2023-03-06 00:00:00-05:00,187.61446180045797,189.27106123478475,184.2613516613073,184.52081298828125,33209400,0.0,0.0,-0.18893749545524363
2145,2023-03-07 00:00:00-05:00,188.6124045829461,189.96961614565876,183.63263244036528,184.1316070556641,36701500,0.0,0.0,-0.21092793073802518
2146,2023-03-08 00:00:00-05:00,182.49498336530343,184.88008157989836,180.9681221566192,184.59068298339844,19432400,0.0,0.0,0.24931945963821978
2147,2023-03-09 00:00:00-05:00,185.9678451386165,188.5425407523332,179.9302492504121,181.31739807128903,26582800,0.0,0.0,-1.7732665913608447
2148,2023-03-10 00:00:00-05:00,180.63878480830547,184.3910836621912,178.4333255353537,179.14186096191406,25665000,0.0,0.0,-1.199850170207939
2149,2023-03-13 00:00:00-04:00,177.59506406690602,183.40312107260587,174.46150387508567,180.52902221679688,24728000,0.0,0.0,0.7743367448760141
2150,2023-03-14 00:00:00-04:00,187.19533528987375,193.92151918918304,186.177422719682,193.62213134765625,41642600,0.0,0.0,7.252633936684094
2151,2023-03-15 00:00:00-04:00,192.55430764535987,197.3744044228376,190.4486340870104,197.34446716308597,42123600,0.0,0.0,1.9224743522454624
2152,2023-03-16 00:00:00-04:00,197.85341535213797,205.3380348228092,195.68786727925675,204.50973510742188,50447100,0.0,0.0,3.6308430873891684
2153,2023-03-17 00:00:00-04:00,200.14870827198465,201.48595667337452,195.02922351319603,195.2088623046875,50141100,0.0,0.0,-4.54788756038873
2154,2023-03-20 00:00:00-04:00,198.07298214540225,198.95118244363516,193.2429109601185,197.40435791015625,25186300,0.0,0.0,1.1246905389172168
2155,2023-03-21 00:00:00-04:00,202.78329821187103,203.13258656389436,197.54406429651084,201.7454376220703,31827000,0.0,0.0,2.199079978715468
2156,2023-03-22 00:00:00-04:00,202.08473943141172,206.9447477982714,199.2605409987248,199.40025329589844,28477800,0.0,0.0,-1.162447267117439
2157,2023-03-23 00:00:00-04:00,202.42403454047724,207.4537075941194,201.7354470796514,203.861083984375,27389700,0.0,0.0,2.237123882614611
2158,2023-03-24 00:00:00-04:00,204.75923988681944,207.1543274582072,203.13259280448997,205.5875396728516,27716400,0.0,0.0,0.8468784991886524
2159,2023-03-27 00:00:00-04:00,204.39000317844955,205.4378530375599,200.94708097922864,202.42404174804688,18527200,0.0,0.0,-1.5387595619066885
2160,2023-03-28 00:00:00-04:00,199.7395359924814,200.61773620394376,197.49415018339903,200.26844787597656,19127300,0.0,0.0,-1.0648902439925223
2161,2023-03-29 00:00:00-04:00,203.1425411497896,205.2981151234405,202.12462867987168,204.9288787841797,18851100,0.0,0.0,2.3270919396595424
2162,2023-03-30 00:00:00-04:00,202.9629422984016,207.6632751776037,202.40409310259395,207.41378784179688,22608300,0.0,0.0,1.212571440569965
2163,2023-03-31 00:00:00-04:00,206.8150125619656,211.7348951625561,206.34597518603744,211.50537109375,25440300,0.0,0.0,1.9726669545584663
2164,2023-04-03 00:00:00-04:00,208.41173525289776,213.05220879238408,207.7730482882532,212.6330718994141,17924600,0.0,0.0,0.5331783300974502
2165,2023-04-04 00:00:00-04:00,212.95238876290344,215.79655020190452,212.10412581372853,214.2796630859375,21026400,0.0,0.0,0.7743815069851001
2166,2023-04-05 00:00:00-04:00,213.71083318715085,214.74870897044156,209.50947522675585,211.0463104248047,19396600,0.0,0.0,-1.5089405193978056
2167,2023-04-06 00:00:00-04:00,208.8208864466511,216.495118831795,208.22211078878,215.65684509277344,26104400,0.0,0.0,2.1846080410922397
2168,2023-04-10 00:00:00-04:00,214.26968956029,215.21773829960347,210.227992063746,214.30960083007807,16106100,0.0,0.0,-0.6247166706513707
2169,2023-04-11 00:00:00-04:00,215.03811554529773,215.5770167063372,212.9723683679748,213.41146850585935,16710100,0.0,0.0,-0.4190817027048821
2170,2023-04-12 00:00:00-04:00,214.39941569286063,216.395314215924,212.14405584369817,213.56114196777344,18972200,0.0,0.0,0.07013374818232165
2171,2023-04-13 00:00:00-04:00,215.2875813070475,220.69646426069372,215.24767003828296,219.8981170654297,23310400,0.0,0.0,2.967288449231331
2172,2023-04-14 00:00:00-04:00,217.43318450771375,221.65450551414355,217.1038594323899,221.0357818603516,21591200,0.0,0.0,0.5173599529201045
2173,2023-04-17 00:00:00-04:00,219.33926410394503,220.52682617570932,216.68473060955725,218.4111785888672,15481900,0.0,0.0,-1.1874110378846336
2174,2023-04-18 00:00:00-04:00,219.4590227551522,219.98793463832703,215.766613583508,217.4431610107422,12281000,0.0,0.0,-0.4432088066092854
2175,2023-04-19 00:00:00-04:00,213.03223724768884,216.88432213595595,212.4933361009247,215.25765991210935,15898100,0.0,0.0,-1.0050907503707962
2176,2023-04-20 00:00:00-04:00,213.0422195534453,216.30551813924563,212.33368405372164,212.6330718994141,16475400,0.0,0.0,-1.2192774063263911
2177,2023-04-21 00:00:00-04:00,209.77891824004809,212.97235278994296,209.15020534065573,212.4534149169922,17717200,0.0,0.0,-0.084491551957111
2178,2023-04-24 00:00:00-04:00,213.24179669434207,213.48131000552263,210.2779013162826,212.35362243652344,15750900,0.0,0.0,-0.04697146454799572
2179,2023-04-25 00:00:00-04:00,210.38767277185104,210.8267576603072,206.70523752282844,207.12437438964844,19198200,0.0,0.0,-2.4625188809473286
2180,2023-04-26 00:00:00-04:00,212.0642145461589,213.67091343958492,208.4516431523363,208.97056579589844,41992700,0.0,0.0,0.8913443488678396
2181,2023-04-27 00:00:00-04:00,239.39805993521207,241.1943717429768,236.2844629534187,238.0707855224609,71196500,0.0,0.0,13.925511287070291
2182,2023-04-28 00:00:00-04:00,238.5198526034937,239.93693875779,235.2665434234189,239.82717895507807,39554000,0.0,0.0,0.737761010349347
2183,2023-05-01 00:00:00-04:00,238.1306435598714,243.49961536154385,235.97508476727347,242.6812896728516,29143900,0.0,0.0,1.1900697536487925
2184,2023-05-02 00:00:00-04:00,242.681296994508,244.4177342121109,238.49990233008927,238.7493896484375,24350100,0.0,0.0,-1.6201908394810838
2185,2023-05-03 00:00:00-04:00,238.978913455732,241.25423657837476,232.27269312768036,236.54391479492188,34463900,0.0,0.0,-0.9237614624955537
2186,2023-05-04 00:00:00-04:00,235.57590693272016,237.71151780396383,232.45232078259588,233.04112243652344,17889400,0.0,0.0,-1.4808211665200854
2187,2023-05-05 00:00:00-04:00,231.7637416630852,234.19872506679496,229.3786435403859,232.30262756347656,26978900,0.0,0.0,-0.31689466018943735
2188,2023-05-08 00:00:00-04:00,230.94542890952764,235.1368129917381,229.7977932869872,232.7916412353516,16400500,0.0,0.0,0.21050716343766762
2189,2023-05-09 00:00:00-04:00,230.9853469063061,235.39628089388336,230.6061213073409,232.89141845703125,16865600,0.0,0.0,0.0428611702508519
2190,2023-05-10 00:00:00-04:00,235.68567988763945,236.26449229797117,230.24685935120044,232.60202026367188,19119000,0.0,0.0,-0.12426314171501973
2191,2023-05-11 00:00:00-04:00,232.5720861973925,237.72150821313235,231.8236242262965,235.30645751953125,20449000,0.0,0.0,1.1626886356333799
2192,2023-05-12 00:00:00-04:00,236.2545045125046,236.47405455974356,230.9753445959373,233.33050537109372,16155300,0.0,0.0,-0.8397356236062969
2193,2023-05-15 00:00:00-04:00,236.4341389459209,239.7672858492421,234.84740326306704,238.3701629638672,20653200,0.0,0.0,2.159879431434941
2194,2023-05-16 00:00:00-04:00,235.30646081558712,239.148571745364,235.03702546601684,238.33026123046875,18163800,0.0,0.0,-0.016739399303300484
2195,2023-05-17 00:00:00-04:00,237.96099801951357,243.3399439222208,237.65163618528968,241.9927215576172,21193100,0.0,0.0,1.536716448947617
2196,2023-05-18 00:00:00-04:00,240.8051740038925,246.5832938676105,240.69539896957323,246.3437957763672,22943300,0.0,0.0,1.7980186307851476
2197,2023-05-19 00:00:00-04:00,246.9625099994267,248.1800093414924,242.9108383514857,245.13626098632807,21599800,0.0,0.0,-0.4901827489641075
2198,2023-05-22 00:00:00-04:00,244.9067396594907,253.0500095452948,244.61732583711043,247.81077575683597,27738500,0.0,0.0,1.091031885591609
2199,2023-05-23 00:00:00-04:00,246.3038573197851,251.0940168695984,246.14418178170857,246.2340087890625,17748100,0.0,0.0,-0.6362786133725984
2200,2023-05-24 00:00:00-04:00,244.77699554531569,249.07815445941657,244.44767045916095,248.69894409179688,17724300,0.0,0.0,1.0010539627959947
2201,2023-05-25 00:00:00-04:00,252.88033414696315,255.0957827026857,248.6590130783554,252.1717987060547,22371400,0.0,0.0,1.3964090707904164
2202,2023-05-26 00:00:00-04:00,252.4112911983355,261.7720598397688,252.1917563772381,261.50262451171875,25727200,0.0,0.0,3.7001860848605794
2203,2023-05-30 00:00:00-04:00,264.70607169282937,268.0990934764975,260.7542006956158,261.9816589355469,23816500,0.0,0.0,0.18318532164738333
2204,2023-05-31 00:00:00-04:00,259.46680239257256,264.4565485924297,257.9199932526144,264.1771240234375,25473700,0.0,0.0,0.8380224389795021
2205,2023-06-01 00:00:00-04:00,265.3547325801843,273.4381286043791,265.34477379583825,272.05096435546875,25609500,0.0,0.0,2.9805155768645175
2206,2023-06-02 00:00:00-04:00,272.1008800971909,274.7853663509112,270.56402953311,272.05096435546875,19405300,0.0,0.0,0.0
2207,2023-06-05 00:00:00-04:00,269.74567407721,275.0048861935861,269.00720136690074,270.8334655761719,20742900,0.0,0.0,-0.4475259928525932
2208,2023-06-06 00:00:00-04:00,269.5860245890637,276.0028309472649,269.136935245273,270.5639953613281,19419000,0.0,0.0,-0.09949664612919351
2209,2023-06-07 00:00:00-04:00,271.1128751547608,273.687570715166,262.26104008398505,263.0594177246094,26163600,0.0,0.0,-2.7736793384857683
2210,2023-06-08 00:00:00-04:00,260.08554381789634,267.1011262360083,258.3491217673098,264.03741455078125,20899400,0.0,0.0,0.37177791794389403
2211,2023-06-09 00:00:00-04:00,261.9417412752677,267.4005251237774,261.1633420452698,264.4066772460937,16938500,0.0,0.0,0.1398524129395451
2212,2023-06-12 00:00:00-04:00,266.62212299416825,271.19271730419376,264.7858695154295,270.494140625,15442500,0.0,0.0,2.302310759436854
2213,2023-06-13 00:00:00-04:00,274.31630790428846,275.1545816600006,268.5381729415276,270.7636108398437,16164000,0.0,0.0,0.09962146101245573
2214,2023-06-14 00:00:00-04:00,271.33246171391454,274.42608031580784,267.76977524722145,272.7894592285156,19175100,0.0,0.0,0.7481981727117004
2215,2023-06-15 00:00:00-04:00,271.7415888350014,283.40761887290216,270.8634190117818,281.2520446777344,25973500,0.0,0.0,3.102240633913067
2216,2023-06-16 00:00:00-04:00,284.1660462240308,287.2596949604887,279.5555256058552,280.4237365722656,43102500,0.0,0.0,-0.29450740755248006
2217,2023-06-20 00:00:00-04:00,278.1584258775176,284.21595512481133,275.65356333016274,283.7469177246094,20701600,0.0,0.0,1.185057011565549
2218,2023-06-21 00:00:00-04:00,282.9485471944832,283.41758455613854,277.78913621627447,281.0624389648437,20556200,0.0,0.0,-0.946082086562472
2219,2023-06-22 00:00:00-04:00,278.5076825612574,284.67503249880536,277.22034986727573,284.2958068847656,17563100,0.0,0.0,1.150409116148876
2220,2023-06-23 00:00:00-04:00,280.93271385679907,289.0759837028212,278.3779661154975,288.1379089355469,50988400,0.0,0.0,1.3514452052184378
2221,2023-06-26 00:00:00-04:00,288.10795745923605,289.1957184750635,277.0307148161855,277.89892578125,24232700,0.0,0.0,-3.5535008885579256
2222,2023-06-27 00:00:00-04:00,281.431691686825,288.7566358902752,280.07446480295914,286.4613342285156,26108300,0.0,0.0,3.0811232620616913
2223,2023-06-28 00:00:00-04:00,284.23594914641353,288.9562302130759,283.47749787354684,284.7049865722656,16722100,0.0,0.0,-0.6131185770603564
2224,2023-06-29 00:00:00-04:00,283.91657789689623,285.98234027198833,280.11439347288405,280.9526672363281,15395700,0.0,0.0,-1.3179675498887211
2225,2023-06-30 00:00:00-04:00,284.1760612764705,288.45724197939484,283.8367621584879,286.3915100097656,19676000,0.0,0.0,1.9358573196468498
2226,2023-07-03 00:00:00-04:00,286.1120698160715,288.8065145902039,284.2658575631505,285.4334411621094,8629300,0.0,0.0,-0.33453116247181836
2227,2023-07-05 00:00:00-04:00,287.0601064737382,297.50863673262216,285.7727433653956,293.7663269042969,33865500,0.0,0.0,2.9193796312937614
2228,2023-07-06 00:00:00-04:00,295.2832314475797,297.50863888371725,290.71260662274045,291.3912048339844,47600500,0.0,0.0,-0.8085072565468865
2229,2023-07-07 00:00:00-04:00,291.5808143282504,295.592589938903,288.0680438143164,289.9342041015625,25546200,0.0,0.0,-0.5000153430341103
2230,2023-07-10 00:00:00-04:00,294.9438953795231,297.51862155801746,286.46132656114065,293.49688720703125,37058300,0.0,0.0,1.2287902065603706
2231,2023-07-11 00:00:00-04:00,293.29730203135784,299.5644226063135,291.30140337111726,297.6783142089844,27585900,0.0,0.0,1.4246921123233447
2232,2023-07-12 00:00:00-04:00,301.1311960406663,308.81541769909563,299.48458581528723,308.70562744140625,36677100,0.0,0.0,3.704439559772621
2233,2023-07-13 00:00:00-04:00,312.9768642988968,315.59148667317925,309.6537064270408,312.7673034667969,30281000,0.0,0.0,1.315711689175969
2234,2023-07-14 00:00:00-04:00,311.150597402942,314.2342568537195,306.7296591902152,308.236572265625,22576000,0.0,0.0,-1.4485948981725505
2235,2023-07-17 00:00:00-04:00,306.909331314604,311.0707627738948,304.0851177862169,309.9830017089844,25323100,0.0,0.0,0.5665873554596912
2236,2023-07-18 00:00:00-04:00,310.2424810792583,313.5556800412025,306.98915663849425,311.4100646972656,20764600,0.0,0.0,0.46036814290255634
2237,2023-07-19 00:00:00-04:00,312.38806910733126,318.0264765784164,309.8832066111429,315.3619689941406,21763700,0.0,0.0,1.2690355081223181
2238,2023-07-20 00:00:00-04:00,312.8571225590703,314.8929477691506,301.6002550612692,301.8996276855469,23836900,0.0,0.0,-4.2688537719156265
2239,2023-07-21 00:00:00-04:00,303.94540947623074,304.8335684694879,290.602832916278,293.65655517578125,42089700,0.0,0.0,-2.7304016811678378
2240,2023-07-24 00:00:00-04:00,295.17342461636883,296.9098465461787,287.70875334679454,291.011962890625,24915700,0.0,0.0,-0.9005732167542524
2241,2023-07-25 00:00:00-04:00,294.5846440691247,297.68825164483206,291.2614559833411,293.8661193847656,19585600,0.0,0.0,0.9807694727702154
2242,2023-07-26 00:00:00-04:00,300.5723554768425,301.15115267714043,291.30139784839207,297.9577331542969,47256900,0.0,0.0,1.3923394020710411
2243,2023-07-27 00:00:00-04:00,324.45327413831006,324.6828134429445,309.20460993054485,311.0707702636719,64229200,0.0,0.0,4.400972235409117
2244,2023-07-28 00:00:00-04:00,316.23016093830813,325.5310551906099,313.6055495568866,324.8125305175781,39220300,0.0,0.0,4.417567180053061
2245,2023-07-31 00:00:00-04:00,323.0262135910245,324.99217494384266,316.93871672785684,317.9466552734375,25799600,0.0,0.0,-2.113796297575121
2246,2023-08-01 00:00:00-04:00,316.8888067952412,323.47527779953515,314.01470814209523,322.0481872558594,22817900,0.0,0.0,1.2900063310603116
2247,2023-08-02 00:00:00-04:00,317.34787107097463,317.7370859086103,310.0129377712597,313.6654357910156,20461100,0.0,0.0,-2.6029494332113323
2248,2023-08-03 00:00:00-04:00,309.2944353764332,315.3021099670653,309.2944353764332,312.5477600097656,15180200,0.0,0.0,-0.3563273646748466
2249,2023-08-04 00:00:00-04:00,314.3141100982032,317.7570474429473,309.5638920323345,310.0928039550781,17600200,0.0,0.0,-0.7854658931520708
2250,2023-08-07 00:00:00-04:00,312.5876698714396,316.41979152477785,309.82333082217264,315.91082763671875,16236500,0.0,0.0,1.8762201532685152
2251,2023-08-08 00:00:00-04:00,313.75527152484995,317.2381354876812,309.4740602589901,311.9989013671875,15183500,0.0,0.0,-1.2383007884838149
2252,2023-08-09 00:00:00-04:00,312.238359921198,312.9868218436165,302.2289303635878,304.5840759277344,19955800,0.0,0.0,-2.3765549836749944
2253,2023-08-10 00:00:00-04:00,307.3085072147654,311.69947800570696,303.2468462897714,305.1130065917969,14358900,0.0,0.0,0.17365670298141733
2254,2023-08-11 00:00:00-04:00,301.9495088237461,304.09509359851813,299.74401907598605,301.0214233398437,13967800,0.0,0.0,-1.34100584490231
2255,2023-08-14 00:00:00-04:00,300.3627658681484,305.58202077442024,297.6383535458258,305.56207275390625,15641900,0.0,0.0,1.5084140403310409
2256,2023-08-15 00:00:00-04:00,305.5122206505999,306.59998175909925,299.4147344447042,301.330810546875,11623600,0.0,0.0,-1.384747187010682
2257,2023-08-16 00:00:00-04:00,299.5843766341896,300.4625463908284,293.676503681837,293.6864929199219,18547700,0.0,0.0,-2.536852309619353
2258,2023-08-17 00:00:00-04:00,292.44903924037266,295.44288723309444,284.36567402402125,284.50537109375,23950100,0.0,0.0,-3.126164140165355
2259,2023-08-18 00:00:00-04:00,278.4577813147775,285.1041270532733,273.81732333819104,282.66912841796875,34061200,0.0,0.0,-0.6454158207003347
2260,2023-08-21 00:00:00-04:00,282.8687564178452,289.9042871776798,281.27203136132323,289.3055114746094,20181500,0.0,0.0,2.3477565780822607
2261,2023-08-22 00:00:00-04:00,291.95002308405617,292.29931139123346,286.16192996937525,287.0101928710937,12999900,0.0,0.0,-0.7933891725105058
2262,2023-08-23 00:00:00-04:00,287.90837735758254,296.7901201694689,287.0800928263882,293.6365966796875,18287000,0.0,0.0,2.308769504771546
2263,2023-08-24 00:00:00-04:00,297.8878608577233,298.84588364162585,286.0521969844205,286.1619567871094,18360900,0.0,0.0,-2.5455409772140225
2264,2023-08-25 00:00:00-04:00,285.54323318468863,287.79860830960723,275.46393933655094,284.9145202636719,23701400,0.0,0.0,-0.4359197628654554
2265,2023-08-28 00:00:00-04:00,287.409389312014,290.8523264701454,285.21388873943823,289.6647644042969,14239300,0.0,0.0,1.6672523872173661
2266,2023-08-29 00:00:00-04:00,287.9881995532897,298.5365311085154,287.5890259188007,297.37890625,20844500,0.0,0.0,2.6631274471948574
2267,2023-08-30 00:00:00-04:00,296.56060487552486,297.6783032111664,292.8282538093701,294.4948425292969,17717000,0.0,0.0,-0.9698279400753962
2268,2023-08-31 00:00:00-04:00,295.193391404985,300.4825409795748,295.05369433927655,295.2832336425781,17229900,0.0,0.0,0.26770965036606587
2269,2023-09-01 00:00:00-04:00,298.75607544203484,301.12121039736184,293.8661299896506,295.772216796875,12819800,0.0,0.0,0.16559800848319206
2270,2023-09-05 00:00:00-04:00,296.4108985922246,300.7719627400396,294.9040158155621,299.53448486328125,14956000,0.0,0.0,1.2720153728942085
2271,2023-09-06 00:00:00-04:00,301.0912571834107,302.67799282310125,295.0536764531733,298.5564880371094,15418100,0.0,0.0,-0.3265055863662103
2272,2023-09-07 00:00:00-04:00,297.3888862152248,306.4203150407696,291.6207405799884,298.0575256347656,33748700,0.0,0.0,-0.16712495703048447
2273,2023-09-08 00:00:00-04:00,298.60637285874617,304.6240055587086,296.1713742763573,297.27911376953125,17548000,0.0,0.0,-0.2611616209242218
2274,2023-09-11 00:00:00-04:00,300.79190853751135,308.40626673056096,300.66217025296453,306.9292907714844,19489300,0.0,0.0,3.2461671725227736
2275,2023-09-12 00:00:00-04:00,305.7017878936075,308.0270267582652,299.6143216824322,301.0413818359375,13480400,0.0,0.0,-1.9183274821204854
2276,2023-09-13 00:00:00-04:00,301.73994237328435,306.5500654143922,300.7020970060301,304.4344177246094,13210900,0.0,0.0,1.1270994930926204
2277,2023-09-14 00:00:00-04:00,306.11095115377924,312.22838508804153,304.40446641933414,311.08074951171875,19343100,0.0,0.0,2.1831735835866173
2278,2023-09-15 00:00:00-04:00,310.9709361112268,311.3601509182711,298.1373239962612,299.6941223144531,28106400,0.0,0.0,-3.6603445295597337
2279,2023-09-18 00:00:00-04:00,297.5785208565908,302.9774305263259,297.1893059894115,301.9295654296875,14234200,0.0,0.0,0.7459082273521656
2280,2023-09-19 00:00:00-04:00,301.85971196816644,305.5421472818013,299.19517396574133,304.44439697265625,15924400,0.0,0.0,0.8329199359426109
2281,2023-09-20 00:00:00-04:00,304.42442262366103,307.4282597705547,298.81595241497274,299.05548095703125,19379500,0.0,0.0,-1.770082178950072
2282,2023-09-21 00:00:00-04:00,295.0935978977116,299.64424392551115,292.6685581361263,295.12353515625,21300500,0.0,0.0,-1.3147880748409335
2283,2023-09-22 00:00:00-04:00,298.6861943373648,304.75374275079054,297.6583078418494,298.4666442871094,25369600,0.0,0.0,1.132782964628487
2284,2023-09-25 00:00:00-04:00,295.03371490458176,300.33282269859654,293.0976910280687,300.2130432128906,18987000,0.0,0.0,0.5851236509032853
2285,2023-09-26 00:00:00-04:00,297.0495714933828,299.6841416243141,295.4029613546765,298.3468933105469,19417200,0.0,0.0,-0.6216085358491275
2286,2023-09-27 00:00:00-04:00,299.8338896723783,300.68212224253574,286.2018981112432,297.1294250488281,36429800,0.0,0.0,-0.4080713722906082
2287,2023-09-28 00:00:00-04:00,298.32697524738137,305.7018049619745,296.0915784930252,303.336669921875,22167100,0.0,0.0,2.089071074676241
2288,2023-09-29 00:00:00-04:00,306.7496704602723,310.0029950273142,298.7460973285918,299.5943603515625,25356600,0.0,0.0,-1.2337148592276526
2289,2023-10-02 00:00:00-04:00,302.1191760193366,306.55007356307704,301.0114668609001,306.1908264160156,16265600,0.0,0.0,2.2017991449212904
2290,2023-10-03 00:00:00-04:00,303.636075085301,306.1409072123018,299.0255540201875,300.3228759765625,17362300,0.0,0.0,-1.9164357430749623
2291,2023-10-04 00:00:00-04:00,298.117410171548,306.2706390295386,297.88787086503925,304.9533386230469,16880500,0.0,0.0,1.5418281512613596
2292,2023-10-05 00:00:00-04:00,304.005302483509,305.5820489895082,298.88581766210666,304.1649780273437,19130000,0.0,0.0,-0.2585184340866298
2293,2023-10-06 00:00:00-04:00,300.82184105304185,315.66134235138594,300.2929291393852,314.7831420898437,21784000,0.0,0.0,3.490922633948168
2294,2023-10-09 00:00:00-04:00,311.8591545549184,319.6730841312484,311.18055634380585,317.7071228027344,22503700,0.0,0.0,0.9288873265189457
2295,2023-10-10 00:00:00-04:00,318.46556941551506,323.9942169550636,317.5075466339491,321.17999267578125,19038000,0.0,0.0,1.093104190554528
2296,2023-10-11 00:00:00-04:00,322.3476020640163,328.1656328829338,322.287727544473,327.1477355957031,22036300,0.0,0.0,1.858068078962205
2297,2023-10-12 00:00:00-04:00,327.32736080285633,329.8621604779355,322.0282526116243,323.4952392578125,20530500,0.0,0.0,-1.116466947643635
2298,2023-10-13 00:00:00-04:00,322.86654617496146,324.38341819585526,311.72942797485547,314.044677734375,21341000,0.0,0.0,-2.921391222053127
2299,2023-10-16 00:00:00-04:00,317.9865621466158,321.16003343752936,314.8729349190277,320.49139404296875,16536100,0.0,0.0,2.0528022812239755
2300,2023-10-17 00:00:00-04:00,317.5274691187984,323.73471436045065,316.649268950077,323.3355407714844,16387800,0.0,0.0,0.8874331047199036
2301,2023-10-18 00:00:00-04:00,320.7309259171606,325.2715828487301,314.9128647014633,316.3199768066406,16851000,0.0,0.0,-2.1697472378398253
2302,2023-10-19 00:00:00-04:00,319.22402692592283,321.2299147643274,311.11069424490825,312.16851806640625,18709200,0.0,0.0,-1.3124238254392906
2303,2023-10-20 00:00:00-04:00,313.4957908806943,314.65338520611687,305.8415067606528,308.0170288085937,22287400,0.0,0.0,-1.3298872299894904
2304,2023-10-23 00:00:00-04:00,308.8652974202778,316.7091640223113,306.6299008129797,313.3660583496094,17796800,0.0,0.0,1.736601889092193
2305,2023-10-24 00:00:00-04:00,316.1303943376672,317.6971821286606,309.9930119171805,311.9090576171875,19525500,0.0,0.0,-0.4649516734822501
2306,2023-10-25 00:00:00-04:00,309.3643025332962,310.2425028455452,298.2271839874978,298.915771484375,42192500,0.0,0.0,-4.1657290211685405
2307,2023-10-26 00:00:00-04:00,294.3950232906214,294.3950232906214,278.82700918832205,287.7586669921875,66684100,0.0,0.0,-3.732524529161785
2308,2023-10-27 00:00:00-04:00,293.87613496309183,298.6962169137372,292.36922170201143,296.1215209960937,29596300,0.0,0.0,2.9062040394193467
2309,2023-10-30 00:00:00-04:00,298.47665086728256,308.7655056582078,298.4367243680998,302.0393371582031,28435100,0.0,0.0,1.9984417688397205
2310,2023-10-31 00:00:00-04:00,302.6879856491129,303.05722200011667,296.2512007819035,300.65216064453125,19434200,0.0,0.0,-0.4592701489558926
2311,2023-11-01 00:00:00-04:00,301.2309872352754,312.09863873232484,301.2309872352754,311.2104797363281,20434600,0.0,0.0,3.5118054928200637
2312,2023-11-02 00:00:00-04:00,316.6492893702,318.16619174308374,307.69768325151733,310.23248291015625,21631800,0.0,0.0,-0.3142557496779941
2313,2023-11-03 00:00:00-04:00,311.9090501077141,314.90289809001814,310.3821888549389,313.9548645019531,16754100,0.0,0.0,1.1998684202501497
2314,2023-11-06 00:00:00-05:00,315.33202828595523,317.67718475842656,313.80516708722075,315.1523742675781,12887700,0.0,0.0,0.381427364575071
2315,2023-11-07 00:00:00-05:00,316.409798241186,320.3417208651516,314.4737741895888,318.16619873046875,14055600,0.0,0.0,0.9563070784076588
2316,2023-11-08 00:00:00-05:00,317.48761598809165,320.67104634747074,314.23429141108136,319.1242370605469,13609700,0.0,0.0,0.30111254240734464
2317,2023-11-09 00:00:00-05:00,318.7649516119763,323.51516916533245,318.1461975165666,319.8926086425781,16103100,0.0,0.0,0.24077506274946536
2318,2023-11-10 00:00:00-05:00,319.2838856774431,328.4251044676552,318.80485907335105,328.09576416015625,19096200,0.0,0.0,2.564346688842578
2319,2023-11-13 00:00:00-05:00,325.53106451975066,331.6484679713699,325.0320898840398,328.5149230957031,16908900,0.0,0.0,0.12775505853293012
2320,2023-11-14 00:00:00-05:00,333.8539411344656,337.40663792710046,332.64640064868735,335.62030029296875,17179400,0.0,0.0,2.1628780605487785
2321,2023-11-15 00:00:00-05:00,337.23697563678485,337.70601299260073,329.34319358102937,332.0276794433594,14531200,0.0,0.0,-1.0704420580260776
2322,2023-11-16 00:00:00-05:00,328.6945463958003,333.8938535684029,325.710687822204,333.5046691894531,18932600,0.0,0.0,0.4448393424818953
2323,2023-11-17 00:00:00-05:00,329.58273944379016,334.8119839330931,328.6746019430533,334.3529357910156,14494400,0.0,0.0,0.25434924303282536
2324,2023-11-20 00:00:00-05:00,334.2032280070651,341.16889405277084,333.50465137294304,339.2727966308594,16960500,0.0,0.0,1.4714573473698644
2325,2023-11-21 00:00:00-05:00,337.63614751794205,339.20293510864514,335.21113821309183,336.2889404296875,12027900,0.0,0.0,-0.8794858387713322
2326,2023-11-22 00:00:00-05:00,338.51438013888924,342.2167940418173,337.8856671948073,340.7897033691406,10702700,0.0,0.0,1.3383618663469488
2327,2023-11-24 00:00:00-05:00,339.4325050764876,341.15893789867715,336.07937954452484,337.5364074707031,5467500,0.0,0.0,-0.9546344464854806
2328,2023-11-27 00:00:00-05:00,335.490586823439,339.2029594205829,333.51466670971433,334.0136413574219,15684500,0.0,0.0,-1.0436699672425775
2329,2023-11-28 00:00:00-05:00,332.7162672623898,338.68401462286795,332.7162672623898,338.2947998046875,12637200,0.0,0.0,1.2817316172678117
2330,2023-11-29 00:00:00-05:00,338.9933987919285,339.2029596166881,330.10166691004014,331.5187683105469,16024500,0.0,0.0,-2.002996054935735
2331,2023-11-30 00:00:00-05:00,331.20939567731216,332.8160793731298,321.738836457418,326.4790954589844,23146400,0.0,0.0,-1.5201772367957278
2332,2023-12-01 00:00:00-05:00,324.8125503415451,326.1896947984947,320.102228409744,324.1539001464844,15264700,0.0,0.0,-0.7122034288998158
2333,2023-12-04 00:00:00-05:00,316.6393567879821,320.2020128104224,313.0167957861336,319.3637390136719,19037100,0.0,0.0,-1.4777428655486924
2334,2023-12-05 00:00:00-05:00,318.3258860533385,321.21993299939373,314.7432516379291,317.6372985839844,16952100,0.0,0.0,-0.5405874928128829
2335,2023-12-06 00:00:00-05:00,321.2698045152591,321.5891555941713,316.3898483709241,316.79901123046875,11294300,0.0,0.0,-0.263913387140835
2336,2023-12-07 00:00:00-05:00,317.11833745109374,327.5668678190054,317.11833745109374,325.9202575683594,15905100,0.0,0.0,2.87919027981276
2337,2023-12-08 00:00:00-05:00,322.4274331366407,332.4867790560137,322.3376213549493,332.067626953125,14077500,0.0,0.0,1.8861575008040976
2338,2023-12-11 00:00:00-05:00,328.724491780473,329.21350764456645,319.34377449566205,324.6129455566406,25802500,0.0,0.0,-2.244928680607783
2339,2023-12-12 00:00:00-05:00,323.9343398089598,333.7840942516144,323.894413310678,333.5346069335937,18485500,0.0,0.0,2.748399747784047
2340,2023-12-13 00:00:00-05:00,333.24519136230106,337.676088543412,331.9578587356906,334.05352783203125,16353300,0.0,0.0,0.1555823256867761
2341,2023-12-14 00:00:00-05:00,333.16535353219643,334.0136164610714,327.9660466180231,332.4867553710937,19607300,0.0,0.0,-0.4690183848994889
2342,2023-12-15 00:00:00-05:00,331.30917029088386,337.96550535993714,330.5407603124004,334.2331848144531,30001600,0.0,0.0,0.5252628608950705
2343,2023-12-18 00:00:00-05:00,336.78792716452153,346.84724230321007,336.3288485774128,343.91326904296875,18993900,0.0,0.0,2.896206800617196
2344,2023-12-19 00:00:00-05:00,344.87131346645555,352.87488652403607,344.4122653055084,349.6415100097656,17729400,0.0,0.0,1.6656062683295891
2345,2023-12-20 00:00:00-05:00,347.93500778861016,354.23206526209253,347.0767860326023,348.563720703125,16369900,0.0,0.0,-0.30825553482208834
2346,2023-12-21 00:00:00-05:00,352.2561215665551,355.67908003266274,348.49383357014017,353.36383056640625,15289600,0.0,0.0,1.3771111501789113
2347,2023-12-22 00:00:00-05:00,354.8507946441659,356.4674980739121,350.4997503642189,352.6653137207031,11764200,0.0,0.0,-0.1976763848703711
2348,2023-12-26 00:00:00-05:00,354.2620009769664,356.24794073010463,352.72518103151623,354.1023254394531,9898600,0.0,0.0,0.40747180480813494
2349,2023-12-27 00:00:00-05:00,355.3398213142632,358.2638055096414,354.5813700862484,357.09619140625,13207900,0.0,0.0,0.8454804590964926
2350,2023-12-28 00:00:00-05:00,358.96238000261314,361.1578502178149,357.07624118298907,357.585205078125,11798800,0.0,0.0,0.13694172148666084
2351,2023-12-29 00:00:00-05:00,358.2538146934847,359.26175324680366,351.09853516278366,353.234130859375,14980500,0.0,0.0,-1.2167936919536104
2352,2024-01-02 00:00:00-05:00,350.599548159297,352.4357711788527,339.31274424531915,345.5798645019531,19042200,0.0,0.0,-2.1669101846981786
2353,2024-01-03 00:00:00-05:00,344.27254418678,347.2364546857272,342.47621725878497,343.7635803222656,15451100,0.0,0.0,-0.525575812209178
2354,2024-01-04 00:00:00-05:00,343.7935199027151,347.4360286089438,342.69576962625035,346.4081420898437,12099900,0.0,0.0,0.7692966675233226
2355,2024-01-05 00:00:00-05:00,346.2784209841403,352.77508073132583,345.5499374797681,351.228271484375,13920700,0.0,0.0,1.3914596133485668
2356,2024-01-08 00:00:00-05:00,353.97262881201056,358.2438505968456,351.32803880361155,357.92449951171875,13890200,0.0,0.0,1.9065173765892673
2357,2024-01-09 00:00:00-05:00,355.6691348933328,359.900460759222,354.6312590633981,356.697021484375,13463900,0.0,0.0,-0.342943282457131
2358,2024-01-10 00:00:00-05:00,359.43140084658063,372.17520202063497,358.3436093453036,369.7102661132813,22117200,0.0,0.0,3.6482627678673607
2359,2024-01-11 00:00:00-05:00,371.3668729877802,372.0155339332328,362.1857273667746,368.9119262695313,17205400,0.0,0.0,-0.21593661765004768
2360,2024-01-12 00:00:00-05:00,369.400908407222,376.2867523345747,368.7821847276475,373.7220153808594,19295700,0.0,0.0,1.3038583924266378
2361,2024-01-16 00:00:00-05:00,372.8837601906556,374.839732345478,366.4769425618507,366.7064514160156,15306900,0.0,0.0,-1.8772145274059349
2362,2024-01-17 00:00:00-05:00,365.54880071675547,367.7842277621965,357.8745684927736,367.6145629882813,12724800,0.0,0.0,0.24763992254814848
2363,2024-01-18 00:00:00-05:00,370.7281737498061,376.0771978061011,370.1893030582543,375.3586730957031,16354300,0.0,0.0,2.1065841473937086
2364,2024-01-19 00:00:00-05:00,378.22277926826257,383.5717728210466,377.1948927222241,382.6636657714844,21470100,0.0,0.0,1.946136641930929
2365,2024-01-22 00:00:00-05:00,387.1544306961552,389.5495028483164,380.3783466391495,380.9970703125,17680500,0.0,0.0,-0.43552487681953744
2366,2024-01-23 00:00:00-05:00,383.8312370753378,387.5835360147507,381.2964374436072,384.4100646972656,15506100,0.0,0.0,0.8958059393911366
2367,2024-01-24 00:00:00-05:00,389.2001965560051,395.337578179928,387.01468532356034,389.8987731933594,15698500,0.0,0.0,1.427826428118184
2368,2024-01-25 00:00:00-05:00,389.3698811426095,394.6789481277553,384.8691201769832,392.3736877441406,15091100,0.0,0.0,0.6347582298120935
2369,2024-01-26 00:00:00-05:00,393.5413174199935,395.9763161785505,390.7869675722823,393.3317565917969,13163700,0.0,0.0,0.24417255223316836
2370,2024-01-29 00:00:00-05:00,394.1799684982034,402.10368805973474,392.2938602332264,400.1976013183594,18742400,0.0,0.0,1.7455607414094354
2371,2024-01-30 00:00:00-05:00,402.76235330769697,405.5266618978656,398.7506080957021,399.2395935058594,18614700,0.0,0.0,-0.23938369678979665
2372,2024-01-31 00:00:00-05:00,388.2022889668955,397.18383292756914,386.3061913328637,389.3399658203125,20180800,0.0,0.0,-2.479620720634157
2373,2024-02-01 00:00:00-05:00,393.1321546986917,399.6786997538912,392.24396519195153,393.9704284667969,29727100,0.0,0.0,1.189310898697049
2374,2024-02-02 00:00:00-05:00,458.6575062233519,484.9634352591941,452.08102396439136,474.0159301757813,84615500,0.0,0.0,20.317642118596346
2375,2024-02-05 00:00:00-05:00,468.9163947737333,470.9322412790763,458.2782521978265,458.4678649902344,40832400,0.0,0.0,-3.280072292039038
2376,2024-02-06 00:00:00-05:00,463.0484743727712,466.1620713104096,452.0710320923823,453.7875061035156,21655200,0.0,0.0,-1.02086956232329
2377,2024-02-07 00:00:00-05:00,457.0607555146133,470.5530183817272,455.24448057433045,468.6269836425781,23066000,0.0,0.0,3.270137969747755
2378,2024-02-08 00:00:00-05:00,467.3596158426929,469.6249497528505,464.07635417198367,469.0361633300781,18815100,0.0,0.0,0.08731458105966095
2379,2024-02-09 00:00:00-05:00,471.9801257459084,472.61879745065966,466.5113527093112,467.1500244140625,18413100,0.0,0.0,-0.4021308085552233
2380,2024-02-12 00:00:00-05:00,467.229880059543,478.16739573973024,465.623165867634,467.93841552734375,19382000,0.0,0.0,0.1687661505038074
2381,2024-02-13 00:00:00-05:00,455.9330869289211,466.9305075881856,454.15673841216994,459.1764221191406,20916600,0.0,0.0,-1.8724672130901676
2382,2024-02-14 00:00:00-05:00,466.9703831698174,473.1377021982341,465.13416021257007,472.3094177246094,16858400,0.0,0.0,2.860119765047786
2383,2024-02-15 00:00:00-05:00,474.30532791901646,487.6179675287885,471.2516055886262,483.0373840332031,24212300,0.0,0.0,2.271385220366051
2384,2024-02-16 00:00:00-05:00,477.1295204056999,477.9777833931674,468.2477778160304,472.349365234375,23306500,0.0,0.0,-2.2126690711983144
2385,2024-02-20 00:00:00-05:00,468.75672648120405,475.2034701576696,465.6032031727022,470.7825622558594,18015500,0.0,0.0,-0.33170426252996377
2386,2024-02-21 00:00:00-05:00,466.0372841891846,468.5348044688694,461.3319645187047,467.5657653808594,12977100,0.5,0.0,-0.683287176055547
2387,2024-02-22 00:00:00-05:00,479.7636546284226,489.5039838965959,475.5878079616881,485.6478271484375,21625800,0.0,0.0,3.867276671304043
2388,2024-02-23 00:00:00-05:00,487.5658978834182,493.869636644299,481.8715699255284,483.5498962402344,18374300,0.0,0.0,-0.43198605881168417
2389,2024-02-26 00:00:00-05:00,482.9904715889214,485.65783676432864,480.123323075863,481.2621765136719,12101400,0.0,0.0,-0.4731093408043896
2390,2024-02-27 00:00:00-05:00,479.503930265912,486.7866775379917,479.443992217465,486.56689453125,10809600,0.0,0.0,1.1022511795974133
2391,2024-02-28 00:00:00-05:00,484.5189253817392,490.56291215291833,482.2711571712054,483.5398864746094,12715500,0.0,0.0,-0.622115497511766
2392,2024-02-29 00:00:00-05:00,487.95553368380894,491.212309945067,482.1312992102992,489.6438598632813,17732000,0.0,0.0,1.2623515783102723
2393,2024-03-01 00:00:00-05:00,491.621862806572,503.74983580777047,491.36214143122834,501.8017578125,16273600,0.0,0.0,2.483008354809857
2394,2024-03-04 00:00:00-05:00,502.5010884739618,503.9196934303916,495.9276284049608,497.6958618164063,12324100,0.0,0.0,-0.8182306921347804
2395,2024-03-05 00:00:00-05:00,494.5090222702621,495.0884335688094,487.4060891297427,489.7337646484375,15325300,0.0,0.0,-1.5997917159508046
2396,2024-03-06 00:00:00-05:00,497.1364119380128,502.47111160067936,493.7997285004937,495.5979309082031,11757900,0.0,0.0,1.1974192271540174
2397,2024-03-07 00:00:00-05:00,502.7808102255021,519.3343517619579,500.8827008767997,511.6819763183594,18586400,0.0,0.0,3.2453818724952344
2398,2024-03-08 00:00:00-05:00,513.6799984785457,523.0506997194376,498.854721324041,505.44818115234375,18575200,0.0,0.0,-1.2182948500294777
2399,2024-03-11 00:00:00-04:00,496.51702309541247,496.826713165905,475.5278532616841,483.1103210449219,20428300,0.0,0.0,-4.41941645857643
2400,2024-03-12 00:00:00-04:00,492.7707501004761,501.8117613011618,484.2492121415657,499.2543029785156,15448200,0.0,0.0,3.3416760583122818
2401,2024-03-13 00:00:00-04:00,494.8986465489502,500.4830982739187,490.5429552980861,495.0784606933594,12090700,0.0,0.0,-0.836415882696151
2402,2024-03-14 00:00:00-04:00,499.7638249279838,500.8527401487646,487.67582026261385,491.3421630859375,12620000,0.0,0.0,-0.7546879745463309
2403,2024-03-15 00:00:00-04:00,488.5249761131619,491.3421558734782,480.82260146886966,483.6198425292969,29141700,0.0,0.0,-1.5716787885939998
2404,2024-03-18 00:00:00-04:00,491.4220821217734,496.92662655343065,486.3271346729207,496.487060546875,11755300,0.0,0.0,2.660605890420764
2405,2024-03-19 00:00:00-04:00,487.68579998065405,496.1374000116134,480.8026195040247,495.7477722167969,10903100,0.0,0.0,-0.1489038464091652
2406,2024-03-20 00:00:00-04:00,499.004567162851,507.69595019724767,494.6788753203798,505.0185852050781,11711100,0.0,0.0,1.8700664950697998
2407,2024-03-21 00:00:00-04:00,514.199496876756,514.5291256581454,505.50811394519394,507.2563781738281,9712500,0.0,0.0,0.4431110130018734
2408,2024-03-22 00:00:00-04:00,506.4971268572002,509.4641822517732,503.8397615469674,509.0745544433594,8117000,0.0,0.0,0.35843339734373814
2409,2024-03-25 00:00:00-04:00,505.2883291529085,506.7169034577373,499.7438157550026,502.5210571289063,8380600,0.0,0.0,-1.2873354712491736
2410,2024-03-26 00:00:00-04:00,504.6289883304503,509.4941531106155,494.71881413396113,495.3981628417969,11205400,0.0,0.0,-1.4174320033085275
2411,2024-03-27 00:00:00-04:00,498.8047544512027,499.39419608540464,487.58591249815765,493.3701477050781,9989700,0.0,0.0,-0.40937074233082793
2412,2024-03-28 00:00:00-04:00,492.3511669908998,492.4011356901767,484.668791971983,485.0983581542969,15212800,0.0,0.0,-1.6765889848134652
2413,2024-04-01 00:00:00-04:00,486.7167628265939,496.9365962682512,481.3021254622119,490.8626403808594,9247000,0.0,0.0,1.1882708175913859
2414,2024-04-02 00:00:00-04:00,484.6188594471736,497.036523429203,484.1692935849497,496.8766784667969,11081000,0.0,0.0,1.225197762304986
2415,2024-04-03 00:00:00-04:00,498.43511473288487,506.73686978339606,498.25530058797256,506.23736572265625,12099200,0.0,0.0,1.8839055366300261
2416,2024-04-04 00:00:00-04:00,515.9077526597656,529.4742999076504,510.0735489381281,510.4132385253906,26476300,0.0,0.0,0.8248843498095626
2417,2024-04-05 00:00:00-04:00,516.3473092696523,530.1736081311907,513.8997272423497,526.8169555664062,19242000,0.0,0.0,3.2138110462038183
2418,2024-04-08 00:00:00-04:00,528.7550664307926,530.96283543328,518.3753570490694,518.7349853515625,13260600,0.0,0.0,-1.5341135340176004
2419,2024-04-09 00:00:00-04:00,521.711998556606,525.3484028000144,506.2373723094794,516.3873291015625,10881400,0.0,0.0,-0.4525733402016341
2420,2024-04-10 00:00:00-04:00,508.7848382930651,522.0416646615256,505.2982793303336,519.3143920898438,11418500,0.0,0.0,0.56683478143702
2421,2024-04-11 00:00:00-04:00,520.5930978302217,523.3403701129957,516.7768795604691,522.6410522460938,10369500,0.0,0.0,0.6405869367229977
2422,2024-04-12 00:00:00-04:00,517.236445938548,519.6740281517286,508.82478428694736,511.3922424316406,11944900,0.0,0.0,-2.1523012335350256
2423,2024-04-15 00:00:00-04:00,516.2074602970727,518.0157235782406,496.7867699734714,499.7338562011719,13512900,0.0,0.0,-2.2797346661016626
2424,2024-04-16 00:00:00-04:00,497.6159249399938,504.2693227434633,496.6169168101151,499.2643127441406,9847900,0.0,0.0,-0.0939587044593293
2425,2024-04-17 00:00:00-04:00,502.60100606269367,502.6609441126732,486.6568445346499,493.6798706054688,12193700,0.0,0.0,-1.1185342104621188
2426,2024-04-18 00:00:00-04:00,499.32425998961423,511.70198558069575,498.5450348534492,501.3022766113281,14808700,0.0,0.0,1.5439977320750087
2427,2024-04-19 00:00:00-04:00,502.301260995854,502.301260995854,475.2581348717085,480.59283447265625,25111000,0.0,0.0,-4.131128683209317
2428,2024-04-22 00:00:00-04:00,489.2342624654885,491.5219996188045,472.93044247285314,481.252197265625,17271100,0.0,0.0,0.1371977993996243
2429,2024-04-23 00:00:00-04:00,490.7627451333199,498.2653059649864,488.4850078105141,495.6079406738281,15079200,0.0,0.0,2.9829979976755405
2430,2024-04-24 00:00:00-04:00,507.5560535644507,509.4941317201748,484.0993323678636,493.010498046875,37772700,0.0,0.0,-0.5240922135794746
2431,2024-04-25 00:00:00-04:00,420.9820069093959,445.32782940916064,414.0888571223123,440.9421997070313,82890700,0.0,0.0,-10.561296066943605
2432,2024-04-26 00:00:00-04:00,441.0221093747606,445.9971807117141,431.531532379888,442.8503112792969,32691400,0.0,0.0,0.4327350780971573
2433,2024-04-29 00:00:00-04:00,439.1240062342096,439.3238200528809,428.1349169280736,432.1908874511719,21502600,0.0,0.0,-2.4070038016530404
2434,2024-04-30 00:00:00-04:00,430.6224487262678,439.1839558462486,429.29378130777536,429.7433471679688,18429500,0.0,0.0,-0.5663100158444623
2435,2024-05-01 00:00:00-04:00,428.1748720345524,449.5136701314341,426.6863292540787,438.7543640136719,20344900,0.0,0.0,2.0968368457792597
2436,2024-05-02 00:00:00-04:00,438.4047333512728,443.519650206714,431.8512423193252,441.2419128417969,15221300,0.0,0.0,0.5669570566476434
2437,2024-05-03 00:00:00-04:00,445.4876706637111,453.71951806420014,443.4097472490281,451.5116882324219,16489100,0.0,0.0,2.327470508067342
2438,2024-05-06 00:00:00-04:00,455.1280908376387,465.6976134704472,452.8903224788121,465.2180786132813,15094600,0.0,0.0,3.035666791820435
2439,2024-05-07 00:00:00-04:00,465.82749570933896,471.06228839991655,460.852424393517,467.7755432128906,13406800,0.0,0.0,0.5497345690504085
2440,2024-05-08 00:00:00-04:00,463.0402758734785,475.1082808680196,462.5407718002601,472.1312561035156,11683900,0.0,0.0,0.9311544722300003
2441,2024-05-09 00:00:00-04:00,469.5338183630929,475.6077743436721,467.1661739867633,474.9484558105469,9437700,0.0,0.0,0.5966984118529917
2442,2024-05-10 00:00:00-04:00,476.6167930475471,477.02639004616856,469.13423178475136,475.7276916503906,10750000,0.0,0.0,0.1640674541227627
2443,2024-05-13 00:00:00-04:00,472.2810956873846,472.8805066656765,462.3909212511497,467.5458068847656,14668800,0.0,0.0,-1.7198672495268186
2444,2024-05-14 00:00:00-04:00,462.9103886742812,472.0713065686463,459.62364341602097,471.3819885253906,10478600,0.0,0.0,0.820493218875229
2445,2024-05-15 00:00:00-04:00,474.5088871111657,482.0214171870226,470.7326376426436,481.0623779296875,13100500,0.0,0.0,2.0536188568807567
2446,2024-05-16 00:00:00-04:00,474.52885350111865,477.21618776308856,472.28108524769226,472.7606201171875,16608200,0.0,0.0,-1.7257133780088307
2447,2024-05-17 00:00:00-04:00,470.3629792075229,472.3310264212493,467.95539646980393,471.4419250488281,10807300,0.0,0.0,-0.2789350492078846
2448,2024-05-20 00:00:00-04:00,469.4838843636068,472.7306607963086,466.5767670376952,468.3749694824219,11745100,0.0,0.0,-0.65054790493837
2449,2024-05-21 00:00:00-04:00,466.656679458762,470.2331456880293,461.8114838617431,464.1691589355469,11742200,0.0,0.0,-0.8979580082007055
2450,2024-05-22 00:00:00-04:00,467.4059165923389,473.2501200963479,465.1881173826697,467.3160095214844,10078600,0.0,0.0,0.6779533981003727
2451,2024-05-23 00:00:00-04:00,472.4109567953882,473.8894692764857,461.0822085617498,465.3179931640625,11747900,0.0,0.0,-0.42755144628315866
2452,2024-05-24 00:00:00-04:00,467.1561742870544,479.374054624763,465.8374762457989,477.7456665039063,12012300,0.0,0.0,2.6707914850526926
2453,2024-05-28 00:00:00-04:00,476.1072862257536,480.3830398479666,474.369021817074,479.4440002441406,10175800,0.0,0.0,0.35548909373945836
2454,2024-05-29 00:00:00-04:00,474.1891860529296,479.374040505202,473.2301468181317,473.8894653320313,9226200,0.0,0.0,-1.158536744495886
2455,2024-05-30 00:00:00-04:00,471.2021740877535,471.2621121360596,464.24905561117134,466.5867309570313,10735200,0.0,0.0,-1.5410206196255771
2456,2024-05-31 00:00:00-04:00,465.3379662238409,468.6546804715597,454.00921789591,466.366943359375,16919800,0.0,0.0,-0.04710541107877386
2457,2024-06-03 00:00:00-04:00,470.3929590804151,479.1243109723493,467.7755626264992,477.0163879394531,11279400,0.0,0.0,2.283490442818925
2458,2024-06-04 00:00:00-04:00,476.52687605790095,478.4150160497743,472.7606263986606,476.5168762207031,7088700,0.0,0.0,-0.10471584024769331
2459,2024-06-05 00:00:00-04:00,483.9695079441245,496.15738901832015,483.430035009485,494.5689697265625,15690500,0.0,0.0,3.7883429541954783
2460,2024-06-06 00:00:00-04:00,492.4910385505248,502.3212748842156,490.4031152187954,493.270263671875,10667300,0.0,0.0,-0.2625935176251648
2461,2024-06-07 00:00:00-04:00,495.4181249943293,498.4151493818342,489.68382808884206,492.4710388183594,9380700,0.0,0.0,-0.1620257518801682
2462,2024-06-10 00:00:00-04:00,493.3701495167784,502.1614395147608,492.9206141424005,502.10150146484375,11236900,0.0,0.0,1.9555388819598063
2463,2024-06-11 00:00:00-04:00,499.66389747820887,507.0965202187346,497.7757575257644,506.9666442871094,9673700,0.0,0.0,0.9689560393808749
2464,2024-06-12 00:00:00-04:00,513.480182437513,513.5001821121251,503.9696359513561,508.3352966308594,11983200,0.0,0.0,0.2699689139656458
2465,2024-06-13 00:00:00-04:00,505.20839456425085,508.85476815340303,500.8627030868519,503.6000061035156,9954600,0.0,0.0,-0.9315289649820202
2466,2024-06-14 00:00:00-04:00,502.6499938964844,507.1499938964844,500.75,504.1600036621094,10243300,0.5,0.0,0.11119887843660248
2467,2024-06-17 00:00:00-04:00,501.6700134277344,510.75,496.010009765625,506.6300048828125,11266600,0.0,0.0,0.48992407227101964
2468,2024-06-18 00:00:00-04:00,504.55999755859375,506.0,495.0199890136719,499.489990234375,13060400,0.0,0.0,-1.4093153938028236
2469,2024-06-20 00:00:00-04:00,502.0,503.6700134277344,496.7699890136719,501.7000122070313,11801200,0.0,0.0,0.44245570799512635
2470,2024-06-21 00:00:00-04:00,503.4500122070313,503.4500122070313,492.3900146484375,494.7799987792969,23130700,0.0,0.0,-1.3793129877140209
2471,2024-06-24 00:00:00-04:00,499.2000122070313,507.7999877929688,494.2900085449219,498.9100036621094,13525300,0.0,0.0,0.8347154074542118
2472,2024-06-25 00:00:00-04:00,497.0499877929688,510.7099914550781,495.5,510.6000061035156,12109800,0.0,0.0,2.343108447535447
2473,2024-06-26 00:00:00-04:00,506.6499938964844,513.8099975585938,504.6799926757813,513.1199951171875,8882300,0.0,0.0,0.4935348577259857
2474,2024-06-27 00:00:00-04:00,514.25,522.8800048828125,513.9000244140625,519.5599975585938,10121200,0.0,0.0,1.255067528587639
2475,2024-06-28 00:00:00-04:00,517.1500244140625,521.8800048828125,503.8399963378906,504.2200012207031,15855100,0.0,0.0,-2.9524975767905692
2476,2024-07-01 00:00:00-04:00,504.9500122070313,506.5799865722656,493.1700134277344,504.6799926757813,10328200,0.0,0.0,0.09122832374053313
2477,2024-07-02 00:00:00-04:00,500.760009765625,510.5,499.4500122070313,509.5,7739500,0.0,0.0,0.9550620976003676
2478,2024-07-03 00:00:00-04:00,506.3699951171875,511.2799987792969,506.0199890136719,509.9599914550781,6005600,0.0,0.0,0.0902829156188556
2479,2024-07-05 00:00:00-04:00,511.6000061035156,540.8699951171875,511.6000061035156,539.9099731445312,21354100,0.0,0.0,5.87300615563906
2480,2024-07-08 00:00:00-04:00,542.3499755859375,542.8099975585938,526.6500244140625,529.3200073242188,14917500,0.0,0.0,-1.9614317843833606
2481,2024-07-09 00:00:00-04:00,533.75,537.47998046875,528.1900024414062,530.0,8753200,0.0,0.0,0.12846532652690534
2482,2024-07-10 00:00:00-04:00,530.7899780273438,538.8800048828125,528.3599853515625,534.6900024414062,10983300,0.0,0.0,0.8849061210200571
2483,2024-07-11 00:00:00-04:00,530.8900146484375,535.4600219726562,508.3699951171875,512.7000122070312,16458300,0.0,0.0,-4.112661567257336
2484,2024-07-12 00:00:00-04:00,497.760009765625,508.0899963378906,494.2300109863281,498.8699951171875,19750500,0.0,0.0,-2.6974871777961096
2485,2024-07-15 00:00:00-04:00,498.6300048828125,506.6799926757813,493.3699951171875,496.1600036621094,12539200,0.0,0.0,-0.543225987051299
2486,2024-07-16 00:00:00-04:00,501.5,503.9500122070313,485.7900085449219,489.7900085449219,14075800,0.0,0.0,-1.2838590515501402
2487,2024-07-17 00:00:00-04:00,479.1700134277344,479.1700134277344,459.1199951171875,461.989990234375,28076600,0.0,0.0,-5.675905556574278
2488,2024-07-18 00:00:00-04:00,475.0,479.239990234375,464.5400085449219,475.8500061035156,19267200,0.0,0.0,3.000068434839731
2489,2024-07-19 00:00:00-04:00,476.05999755859375,486.7099914550781,475.7099914550781,476.7900085449219,15149400,0.0,0.0,0.19754175251638362
2490,2024-07-22 00:00:00-04:00,486.5799865722656,492.05999755859375,483.8999938964844,487.3999938964844,12023100,0.0,0.0,2.225295237193059
2491,2024-07-23 00:00:00-04:00,489.8399963378906,495.2200012207031,487.7200012207031,488.6900024414063,9455500,0.0,0.0,0.2646714323094379
2492,2024-07-24 00:00:00-04:00,472.30999755859375,476.2999877929688,460.5799865722656,461.2699890136719,17649700,0.0,0.0,-5.610921707165895
2493,2024-07-25 00:00:00-04:00,463.260009765625,463.5499877929688,442.6499938964844,453.4100036621094,18240500,0.0,0.0,-1.703988019764613
2494,2024-07-26 00:00:00-04:00,464.2000122070313,469.7699890136719,459.4200134277344,465.7000122070313,14222400,0.0,0.0,2.710572869071659
2495,2024-07-29 00:00:00-04:00,469.8800048828125,473.9599914550781,465.0199890136719,465.7099914550781,11339600,0.0,0.0,0.0021428489983321697
2496,2024-07-30 00:00:00-04:00,467.0,472.7300109863281,456.7000122070313,463.1900024414063,11390400,0.0,0.0,-0.5411069248908107
2497,2024-07-31 00:00:00-04:00,471.0199890136719,476.5,466.75,474.8299865722656,24285800,0.0,0.0,2.5130041817627014
2498,2024-08-01 00:00:00-04:00,521.0,527.1699829101562,492.1000061035156,497.739990234375,43083100,0.0,0.0,4.824885603264795
2499,2024-08-02 00:00:00-04:00,489.0,501.1499938964844,476.1499938964844,488.1400146484375,24044700,0.0,0.0,-1.9287129373344314
2500,2024-08-05 00:00:00-04:00,451.3500061035156,483.4800109863281,450.7999877929688,475.7300109863281,21396200,0.0,0.0,-2.542304111464244
2501,2024-08-06 00:00:00-04:00,479.0,502.55999755859375,478.6499938964844,494.0899963378906,20955000,0.0,0.0,3.859328805743578
2502,2024-08-07 00:00:00-04:00,503.1300048828125,510.1499938964844,486.8599853515625,488.9200134277344,20105300,0.0,0.0,-1.0463646194975085
2503,2024-08-08 00:00:00-04:00,497.5,509.9599914550781,494.7200012207031,509.6300048828125,16156800,0.0,0.0,4.235864944428003
2504,2024-08-09 00:00:00-04:00,507.7099914550781,518.3400268554688,505.7000122070313,517.77001953125,13696600,0.0,0.0,1.5972400703347933
2505,2024-08-12 00:00:00-04:00,516.8599853515625,518.02001953125,509.1000061035156,515.9500122070312,9767400,0.0,0.0,-0.35150882738758105
2506,2024-08-13 00:00:00-04:00,520.010009765625,531.5,518.1500244140625,528.5399780273438,13743800,0.0,0.0,2.4401522477841553
2507,2024-08-14 00:00:00-04:00,528.0599975585938,534.0,523.1300048828125,526.760009765625,11444200,0.0,0.0,-0.3367707904257444
2508,2024-08-15 00:00:00-04:00,531.7899780273438,539.77001953125,526.7000122070312,537.3300170898438,13482100,0.0,0.0,2.0066077774054447
2509,2024-08-16 00:00:00-04:00,531.9000244140625,533.6599731445312,524.6599731445312,527.4199829101562,14776700,0.0,0.0,-1.8443105474285293
2510,2024-08-19 00:00:00-04:00,526.8699951171875,531.6599731445312,522.760009765625,529.280029296875,9879700,0.0,0.0,0.35266892552221485
2511,2024-08-20 00:00:00-04:00,528.3499755859375,531.0900268554688,525.8800048828125,526.72998046875,7944400,0.0,0.0,-0.4817957767106029
2512,2024-08-21 00:00:00-04:00,527.1500244140625,539.4000244140625,526.9299926757812,535.1599731445312,13423300,0.0,0.0,1.6004391222005587
2513,2024-08-22 00:00:00-04:00,537.0,544.22998046875,528.5900268554688,531.9299926757812,15708300,0.0,0.0,-0.6035541951635581
2514,2024-08-23 00:00:00-04:00,536.9199829101562,539.8699951171875,525.0599975585938,528.0,11323900,0.0,0.0,-0.738817650798762
2515,2024-08-26 00:00:00-04:00,527.5999755859375,528.0,514.9500122070312,521.1199951171875,9573600,0.0,0.0,-1.3030312278053957
