,Date,Open,High,Low,Close,Volume,Dividends,Stock Splits,Return (%)
0,2022-08-15 00:00:00-04:00,78.74065354504717,80.8796522834639,78.74065354504717,79.67278289794922,1980100,0.0,0.0,0.0
1,2022-08-16 00:00:00-04:00,79.57465800360458,80.56566387395729,79.37842262681583,79.8690185546875,1878800,0.0,0.0,0.24630199875110836
2,2022-08-17 00:00:00-04:00,78.90744811118994,79.9180745359906,77.61227514678231,78.20098876953125,2502200,0.0,0.0,-2.0884565947359546
3,2022-08-18 00:00:00-04:00,77.92624823342028,80.59999429770922,77.92624823342028,80.06524658203125,1939600,0.0,0.0,2.3839312543658675
4,2022-08-19 00:00:00-04:00,78.79951147219259,79.7512687208847,78.34816414015394,79.31954193115234,1704000,0.0,0.0,-0.9313712037530397
5,2022-08-22 00:00:00-04:00,79.2312490271684,79.2312490271684,78.02437964911938,78.15193939208984,1724600,0.0,0.0,-1.4720238047717826
6,2022-08-23 00:00:00-04:00,78.7602622167873,79.36860382558375,78.102865509702,78.25004577636719,1065800,0.0,0.0,0.12553288509598026
7,2022-08-24 00:00:00-04:00,78.16175306260625,79.29502854873272,77.81832989695548,78.8583984375,1430200,0.0,0.0,0.7774470354579011
8,2022-08-25 00:00:00-04:00,78.50517270855319,81.27213380303358,78.26477797763263,81.18382263183594,1551700,0.0,0.0,2.9488605404267343
9,2022-08-26 00:00:00-04:00,81.18381848906006,81.66460792636668,79.0840683500527,79.30974578857422,1641000,0.0,0.0,-2.308436314659079
10,2022-08-29 00:00:00-04:00,78.15193211546608,80.44791744435335,77.66133619193634,79.4765396118164,1191200,0.0,0.0,0.21030684386107446
11,2022-08-30 00:00:00-04:00,80.04563709184649,80.04563709184649,77.49453964605522,78.1911849975586,1802800,0.0,0.0,-1.6172755136746098
12,2022-08-31 00:00:00-04:00,78.75045577901385,80.8403916131794,78.07343104311684,80.05543518066406,3016500,0.0,0.0,2.3842203992223476
13,2022-09-01 00:00:00-04:00,80.05544772864917,81.38006285187797,79.63354237597395,80.96795654296875,2421100,0.0,0.0,1.139861847287893
14,2022-09-02 00:00:00-04:00,81.02683668765287,82.11596040022137,79.4373029619284,79.54523468017578,2232200,0.0,0.0,-1.7571418664097616
15,2022-09-06 00:00:00-04:00,80.16337989170073,81.14457184869046,79.55504566934344,80.71285247802734,2013300,0.0,0.0,1.467866431655085
16,2022-09-07 00:00:00-04:00,81.04644450727677,82.8714619290094,80.14767242228673,81.34080505371094,1759100,0.0,0.0,0.7780081565752495
17,2022-09-08 00:00:00-04:00,81.31138150142868,84.33344708913263,81.31138150142868,84.17646026611328,2184400,0.0,0.0,3.4861410709297713
18,2022-09-09 00:00:00-04:00,84.87309176868472,86.1584506473816,83.8281200930391,85.86409759521484,1905300,0.0,0.0,2.0048803712656937
19,2022-09-12 00:00:00-04:00,86.8943477922603,86.9924729659256,85.81503825503958,86.4724349975586,1733800,0.0,0.0,0.7084886691660186
20,2022-09-13 00:00:00-04:00,85.26557215303319,86.37431623418658,84.15682058598016,84.7553482055664,1974200,0.0,0.0,-1.9857042212823806
21,2022-09-14 00:00:00-04:00,84.75535522287947,86.86491934477911,84.63761698363874,86.39395141601562,3600300,0.0,0.0,1.9333331112922014
22,2022-09-15 00:00:00-04:00,86.22713138992252,86.59998905928039,84.68666058656822,85.16744995117188,3631800,0.0,0.0,-1.4196612664904462
23,2022-09-16 00:00:00-04:00,84.98103469523102,85.22633268073025,83.29632531612363,83.9605941772461,6245600,0.0,0.0,-1.4170387567288834
24,2022-09-19 00:00:00-04:00,83.79378712656319,88.01290767256832,83.64660684900373,87.67930603027344,4407400,0.0,0.0,4.429115693460806
25,2022-09-20 00:00:00-04:00,86.74716902667514,88.48387518675568,85.91315002338244,86.09957885742188,4626000,0.0,0.0,-1.8017103970988546
26,2022-09-21 00:00:00-04:00,87.12003735908716,88.39558244969574,85.58938025599657,85.63843536376953,2155100,0.0,0.0,-0.5355932047193646
27,2022-09-22 00:00:00-04:00,86.34487991924172,86.34487991924172,83.03826080013785,83.77415466308594,1863300,0.0,0.0,-2.176920552979067
28,2022-09-23 00:00:00-04:00,82.20916920450681,82.75372353757771,80.60982157237315,82.27294158935547,2678800,0.0,0.0,-1.7919763914871933
29,2022-09-26 00:00:00-04:00,82.09632945547132,83.35225396589829,80.11432499106013,81.36043548583984,1973300,0.0,0.0,-1.1091205515297742
30,2022-09-27 00:00:00-04:00,82.11595349758439,83.80850804833261,81.51742583248847,82.39068603515625,1777800,0.0,0.0,1.266279541357318
31,2022-09-28 00:00:00-04:00,82.52804825181009,83.92133890159968,81.61553951916481,83.42092895507812,1564300,0.0,0.0,1.2504361469720893
32,2022-09-29 00:00:00-04:00,83.45037002115346,84.58854867699918,80.52641500790025,81.4781723022461,1823700,0.0,0.0,-2.328860008114031
33,2022-09-30 00:00:00-04:00,81.71366226150165,82.86165501636634,80.67360121718667,81.62535858154297,3267800,0.0,0.0,0.18064504288446415
34,2022-10-03 00:00:00-04:00,83.43075341892526,85.2753991446229,82.29257460719127,84.96141052246094,2026700,0.0,0.0,4.087028833797146
35,2022-10-04 00:00:00-04:00,86.63925775090465,87.78233985857084,85.52069945484511,87.6596908569336,1679100,0.0,0.0,3.175889286535938
36,2022-10-05 00:00:00-04:00,86.03090629632887,87.7872406998198,83.98021132777683,86.51168823242188,1766700,0.0,0.0,-1.3096129056459183
37,2022-10-06 00:00:00-04:00,86.57056284905569,88.21797736777035,84.33343907494265,84.65723419189453,1677300,0.0,0.0,-2.143587853175599
38,2022-10-07 00:00:00-04:00,84.09795310220156,84.13720167476015,81.80196775177237,82.80278015136719,2017200,0.0,0.0,-2.1905440902118434
39,2022-10-10 00:00:00-04:00,83.35224923042972,84.01946002442554,82.35143678238605,83.12657928466797,982800,0.0,0.0,0.3910486250689349
40,2022-10-11 00:00:00-04:00,82.82240438095201,83.71528503652296,80.99738701315268,81.32117462158203,1534200,0.0,0.0,-2.171874120915418
41,2022-10-12 00:00:00-04:00,81.5468678717425,82.01783584052092,80.14376300967618,80.61473846435547,1878400,0.0,0.0,-0.8686989096184039
42,2022-10-13 00:00:00-04:00,79.04480492771167,82.73408800111231,77.80850871344732,82.24349212646484,2746500,0.0,0.0,2.0204167291686392
43,2022-10-14 00:00:00-04:00,82.62615634401628,83.16581480071143,79.19198522006265,79.73164367675781,1693300,0.0,0.0,-3.054160742402079
44,2022-10-17 00:00:00-04:00,81.65479630296687,84.66705532788838,81.5762991493642,83.5877456665039,1678900,0.0,0.0,4.836350803677414
45,2022-10-18 00:00:00-04:00,84.87309003875902,85.75616414905892,82.92052046802318,84.88290405273438,1598900,0.0,0.0,1.549459643759099
46,2022-10-19 00:00:00-04:00,83.48961747810611,84.60818316195336,82.96958695452204,84.07833862304688,1325800,0.0,0.0,-0.9478533264927647
47,2022-10-20 00:00:00-04:00,84.74555176052182,85.0987814628281,82.59673898580871,82.96958923339844,2076500,0.0,0.0,-1.3187099172110806
48,2022-10-21 00:00:00-04:00,83.10695824258065,85.8150502207339,82.0865251644541,85.63843536376953,1749200,0.0,0.0,3.2166558314076665
49,2022-10-24 00:00:00-04:00,85.92100208540921,86.06032964054269,83.9605798420467,85.93277740478516,1325000,0.0,0.0,0.3437031979453442
50,2022-10-25 00:00:00-04:00,85.85428921264217,86.89435020647306,85.11839530510524,86.4920654296875,1647200,0.0,0.0,0.6508436498774195
51,2022-10-26 00:00:00-04:00,87.99328842587049,87.99328842587049,85.68748899645458,87.11021423339844,1370100,0.0,0.0,0.7146884522181374
52,2022-10-27 00:00:00-04:00,88.11594353457643,91.38821779566032,88.11594353457643,91.29010009765624,3345800,0.0,0.0,4.798387767774792
53,2022-10-28 00:00:00-04:00,91.14292204354332,93.46049701154853,90.09304692875408,91.98674774169922,1958000,0.0,0.0,0.7631141200390434
54,2022-10-31 00:00:00-04:00,92.36940072769362,93.62532510566672,91.61878955670343,92.76187896728516,2276600,0.0,0.0,0.8426553222237176
55,2022-11-01 00:00:00-04:00,93.44871716482314,94.42990909322376,92.23694453437632,93.72344970703124,1467400,0.0,0.0,1.0366011883881754
56,2022-11-02 00:00:00-04:00,92.89924847334784,94.47896801560807,91.23122525419234,91.33914947509766,1966100,0.0,0.0,-2.5439740421278056
57,2022-11-03 00:00:00-04:00,90.4266489774364,93.65476373656776,90.4266489774364,92.63433074951172,1484400,0.0,0.0,1.4179913890780993
58,2022-11-04 00:00:00-04:00,93.30152729186293,94.4004648336824,91.0006387443308,92.54601287841795,1974300,0.0,0.0,-0.09534032402369608
59,2022-11-07 00:00:00-05:00,93.27210449730669,93.27210449730669,91.21160289670782,91.74144744873048,2120300,0.0,0.0,-0.8693680091269473
60,2022-11-08 00:00:00-05:00,87.87555156923021,91.353882836953,84.46100766176764,85.89354705810547,4345400,0.0,0.0,-6.374327583934292
61,2022-11-09 00:00:00-05:00,85.36369188984429,88.22877032677253,84.70629513972237,85.70710754394531,2241500,0.0,0.0,-0.2170588135497975
62,2022-11-10 00:00:00-05:00,88.79786390584265,94.03742487898862,86.54111961884803,93.35059356689452,4885600,0.0,0.0,8.918147213205273
63,2022-11-11 00:00:00-05:00,93.4977771814117,94.0668702808318,89.8820874202911,90.57382202148438,3133200,0.0,0.0,-2.974562281085358
64,2022-11-14 00:00:00-05:00,90.40774890453362,93.08067485433094,90.40774890453362,92.29451751708984,1997000,0.141,0.0,1.8997713215605616
65,2022-11-15 00:00:00-05:00,92.87431984452871,93.11016407114936,91.04651021917492,91.88179779052734,2537200,0.0,0.0,-0.4471768612757332
66,2022-11-16 00:00:00-05:00,92.67776421294272,92.88412882050832,89.70020595080076,90.0932846069336,1384600,0.0,0.0,-1.9465369927471499
67,2022-11-17 00:00:00-05:00,88.86492146677371,89.87709397948187,87.33192290363141,88.49150085449219,1792500,0.0,0.0,-1.7779169218103186
68,2022-11-18 00:00:00-05:00,88.5602930183513,91.82283337380665,88.46791813992856,91.6852569580078,2515700,0.0,0.0,3.609110561665285
69,2022-11-21 00:00:00-05:00,92.44192074146804,92.58932617584011,91.154595442479,91.77368927001952,1744800,0.0,0.0,0.0964520523209389
70,2022-11-22 00:00:00-05:00,92.92343970291802,94.69228994999466,92.46157283299512,94.60384368896484,1567600,0.0,0.0,3.0838407406924118
71,2022-11-23 00:00:00-05:00,94.3680069181244,96.19581648489088,92.78095983368962,94.9477996826172,1135900,0.0,0.0,0.36357507289366264
72,2022-11-25 00:00:00-05:00,94.9281338313466,95.76342130735443,94.33851958342062,95.47844696044922,631700,0.0,0.0,0.5588831753930323
73,2022-11-28 00:00:00-05:00,94.40732379672951,94.91832089895838,92.74657009411764,93.16912841796876,1590100,0.0,0.0,-2.4186804624472646
74,2022-11-29 00:00:00-05:00,93.0511947015032,93.46392392724157,91.70490270628773,92.79569244384766,1436200,0.0,0.0,-0.400815141734312
75,2022-11-30 00:00:00-05:00,92.51070855527072,95.26225166079914,92.13728795413762,94.4564437866211,3361800,0.0,0.0,1.7896858130331816
76,2022-12-01 00:00:00-05:00,95.32121874548754,96.08771806778208,92.25521395895694,92.8350067138672,1748600,0.0,0.0,-1.7165976271737993
77,2022-12-02 00:00:00-05:00,91.38061493091918,91.87196140382044,89.46436668554512,90.44705963134766,1848700,0.0,0.0,-2.572248515993103
78,2022-12-05 00:00:00-05:00,89.43489034548398,90.0245046349129,88.24583273755246,88.50132751464844,2397000,0.0,0.0,-2.1512386634013447
79,2022-12-06 00:00:00-05:00,88.30480171950572,89.30714537306413,88.24584253322385,89.20887756347656,1237500,0.0,0.0,0.7994795882706018
80,2022-12-07 00:00:00-05:00,89.30713378191841,91.58698115627432,89.02215192295489,90.3782730102539,1237200,0.0,0.0,1.3108509811092128
81,2022-12-08 00:00:00-05:00,90.73205589586792,91.37571867802224,89.35628405376642,89.8279800415039,1002400,0.0,0.0,-0.6088774994489676
82,2022-12-09 00:00:00-05:00,89.77882929216167,90.27017577143256,88.13773385076152,88.1672134399414,1384600,0.0,0.0,-1.848829953423381
83,2022-12-12 00:00:00-05:00,88.42271128568119,89.3464375223078,87.52845713940803,89.30712890625,1554100,0.0,0.0,1.2929017736112325
84,2022-12-13 00:00:00-05:00,90.38810682982394,91.105468532346,88.82562103715539,89.26782989501953,1629900,0.0,0.0,-0.04400433841258433
85,2022-12-14 00:00:00-05:00,89.95571711676894,90.69273685855192,88.3244431562267,89.27765655517578,2561600,0.0,0.0,0.011008064347262092
86,2022-12-15 00:00:00-05:00,89.23834223821635,89.27765085495062,87.88222869896808,88.14755249023438,2245100,0.0,0.0,-1.2658307896365684
87,2022-12-16 00:00:00-05:00,86.62438517066256,87.06659399987863,84.44280561884517,86.67351531982422,3911700,0.0,0.0,-1.6722383421518883
88,2022-12-19 00:00:00-05:00,86.85039907426344,87.1353809256798,85.49428552023068,86.21165466308594,1238100,0.0,0.0,-0.5328740331276727
89,2022-12-20 00:00:00-05:00,86.47698111576675,86.59490697088054,85.6171247694452,86.04459381103516,1306600,0.0,0.0,-0.19377989287371333
90,2022-12-21 00:00:00-05:00,86.46715287957008,88.60942386765427,85.20930706956695,88.09842681884766,1409500,0.0,0.0,2.386940209541777
91,2022-12-22 00:00:00-05:00,87.58741572461719,87.82817818484189,85.03241567689216,85.81857299804688,1548300,0.0,0.0,-2.5878485043651533
92,2022-12-23 00:00:00-05:00,86.0052842216196,86.70300281814154,85.62203456851728,86.51628875732422,600700,0.0,0.0,0.8130125390144016
93,2022-12-27 00:00:00-05:00,86.90936442889893,87.37123130185812,85.75960801206469,86.12320709228516,634400,0.0,0.0,-0.4543441133283532
94,2022-12-28 00:00:00-05:00,86.4278431809796,86.8110928371342,84.92432414570345,85.11103820800781,752000,0.0,0.0,-1.1752568424359233
95,2022-12-29 00:00:00-05:00,85.65152192215794,86.17234799095488,84.78674731976095,85.26826477050781,870800,0.0,0.0,0.18473110634105172
96,2022-12-30 00:00:00-05:00,85.10120618564241,85.10120618564241,83.64682484866341,84.71795654296875,1343300,0.0,0.0,-0.6453845742260267
97,2023-01-03 00:00:00-05:00,84.51159656739668,84.62952242444459,79.39176702386808,80.49238586425781,4030600,0.0,0.0,-4.987809965137369
98,2023-01-04 00:00:00-05:00,80.53168472165844,82.29070601206521,79.88311126951169,81.96642303466797,2612200,0.0,0.0,1.8312752872004179
99,2023-01-05 00:00:00-05:00,81.48490216525408,82.46759517013372,80.46781880382704,80.98373413085938,1906300,0.0,0.0,-1.1988920187391394
100,2023-01-06 00:00:00-05:00,82.17278119113469,83.68612912355805,81.64212613711467,82.05485534667969,1914100,0.0,0.0,1.3226374744458091
101,2023-01-09 00:00:00-05:00,82.39880579455763,83.7352688620844,82.133481985827,82.54621124267578,1301500,0.0,0.0,0.5988139201758669
102,2023-01-10 00:00:00-05:00,81.95658941905721,82.04502818139264,80.16808863965095,81.64212799072266,1376700,0.0,0.0,-1.0952450007611247
103,2023-01-11 00:00:00-05:00,81.56352226039792,82.91472518941053,81.01321655755298,82.65431213378906,1696200,0.0,0.0,1.2397816764176284
104,2023-01-12 00:00:00-05:00,82.428287429996,83.33237070212235,81.33749758314963,82.88032531738281,1496700,0.0,0.0,0.27344391086083775
105,2023-01-13 00:00:00-05:00,82.35949287198466,84.2217001911176,82.00572281392648,83.6861343383789,1366200,0.0,0.0,0.9722561028933319
106,2023-01-17 00:00:00-05:00,82.47741438272914,83.54854603182933,81.56350969707269,81.92710876464844,2763600,0.0,0.0,-2.1019319241321055
107,2023-01-18 00:00:00-05:00,81.87797814261509,83.04738517866879,80.35480103678636,80.43341827392578,2084900,0.0,0.0,-1.8231944386241872
108,2023-01-19 00:00:00-05:00,80.18775152859885,80.37446560759659,79.35737470023906,79.44090270996094,1635500,0.0,0.0,-1.2339591991287868
109,2023-01-20 00:00:00-05:00,79.71605466570247,81.6617825048329,79.05764469234919,81.56351470947266,1795100,0.0,0.0,2.6719384185013295
110,2023-01-23 00:00:00-05:00,81.49473443081685,82.83119757031393,81.12917099905648,82.68379211425781,1596200,0.0,0.0,1.3735031021842925
111,2023-01-24 00:00:00-05:00,82.54621007047302,82.77223275402486,81.54386653273805,82.45777130126953,1176000,0.0,0.0,-0.2733556446902541
112,2023-01-25 00:00:00-05:00,81.97623930413508,82.11381570931565,81.0623346140917,81.95658874511719,1535200,0.0,0.0,-0.6078051204188029
113,2023-01-26 00:00:00-05:00,82.18260252783507,84.58037554463188,81.8386615206761,84.39366149902344,2161100,0.0,0.0,2.973614191636842
114,2023-01-27 00:00:00-05:00,84.39366865752083,85.16017546365869,83.37166708002265,85.08155822753906,1455100,0.0,0.0,0.8151047321528715
115,2023-01-30 00:00:00-05:00,84.43297569494052,85.34688043000341,80.82649440068191,80.9738998413086,3045800,0.0,0.0,-4.8279068599626385
116,2023-01-31 00:00:00-05:00,81.44557841394779,84.02023630744458,80.95423200279313,83.88265991210938,2509000,0.0,0.0,3.5922193157317706
117,2023-02-01 00:00:00-05:00,83.97602022165817,84.38383865858513,81.44067084135041,83.93180084228516,2623400,0.0,0.0,0.05858294220435489
118,2023-02-02 00:00:00-05:00,84.00059299656847,85.17982148613123,82.30544173396315,83.85318756103516,2389600,0.0,0.0,-0.09366328431069659
119,2023-02-03 00:00:00-05:00,82.91962585763135,83.6861326327027,81.61264997253777,81.76004791259766,1807200,0.0,0.0,-2.4961956835736765
120,2023-02-06 00:00:00-05:00,81.57334987676012,82.39880841672614,81.08200336563193,81.81902313232422,1502000,0.0,0.0,0.0721320757903765
121,2023-02-07 00:00:00-05:00,81.88780974993418,84.77692208092766,80.90511674680722,84.44281005859375,2032900,0.0,0.0,3.206817712827159
122,2023-02-08 00:00:00-05:00,83.28323305241288,83.52890630625481,82.68378971325036,82.88032531738281,2005900,0.0,0.0,-1.8503466904130184
123,2023-02-09 00:00:00-05:00,83.46012178729532,83.98094790890478,82.4774287284539,82.95894622802734,1975000,0.0,0.0,0.09486076501685758
124,2023-02-10 00:00:00-05:00,82.75257127592126,85.49428546820455,82.71326265878236,85.30757141113281,1350300,0.0,0.0,2.8310692094013046
125,2023-02-13 00:00:00-05:00,85.38619820780424,85.78910595558548,84.45264281260096,84.89485168457031,1173500,0.0,0.0,-0.48380198818863684
126,2023-02-14 00:00:00-05:00,84.43297260430873,86.08586129091302,83.67630236623913,84.57054901123047,2383100,0.0,0.0,-0.38200511209419696
127,2023-02-15 00:00:00-05:00,83.03755487535685,84.98820099499808,82.89997846115035,84.52142333984375,2030600,0.0,0.0,-0.058088391243849014
128,2023-02-16 00:00:00-05:00,83.52889355956306,86.39835492718602,83.45519459359818,84.14798736572266,3037600,0.0,0.0,-0.44182404811095033
129,2023-02-17 00:00:00-05:00,83.72543723650823,84.5509032219598,80.48255496523672,83.0866928100586,3570700,0.0,0.0,-1.2612239328452124
130,2023-02-21 00:00:00-05:00,80.19757931938848,81.57335107014494,78.5171751264288,78.97904205322266,5056000,0.0,0.0,-4.943813043836376
131,2023-02-22 00:00:00-05:00,77.93738282504437,77.93738282504437,75.07774996912983,76.45352172851562,3341000,0.0,0.0,-3.1977094923551053
132,2023-02-23 00:00:00-05:00,76.65005136984323,78.07004240622379,76.65005136984323,77.84893798828125,1584900,0.0,0.0,1.8251824483909385
133,2023-02-24 00:00:00-05:00,76.6575991012956,78.31442123332155,76.41104823357826,78.17634582519531,1529100,0.282,0.0,0.4205681482300383
134,2023-02-27 00:00:00-05:00,78.32428949629865,78.99490825716617,76.91895385583871,77.28878021240234,1326200,0.0,0.0,-1.1353378102087253
135,2023-02-28 00:00:00-05:00,76.73649347827147,76.91401041282485,73.37354338785016,73.85678100585938,3584800,0.0,0.0,-4.440488253419539
136,2023-03-01 00:00:00-05:00,73.10726041245918,74.34987888954821,71.8252004178686,73.32422637939453,2594400,0.0,0.0,-0.7210639554174336
137,2023-03-02 00:00:00-05:00,73.10727721788098,75.67141284475954,72.97907344619189,75.12899780273438,1949900,0.0,0.0,2.4613576064227205
138,2023-03-03 00:00:00-05:00,75.17830563227237,78.10732407777633,74.9514754879388,77.89036560058594,2304600,0.0,0.0,3.675501974752904
139,2023-03-06 00:00:00-05:00,77.27891286718905,77.79173541642027,76.28284514802777,77.71284484863281,2295000,0.0,0.0,-0.22791105239309273
140,2023-03-07 00:00:00-05:00,77.97912041378049,77.97912041378049,76.25326406812721,76.82526397705078,2203900,0.0,0.0,-1.14212891486708
141,2023-03-08 00:00:00-05:00,76.67733504964579,77.36767460635441,76.03630116176672,76.992919921875,1261600,0.0,0.0,0.21823022290468064
142,2023-03-09 00:00:00-05:00,76.96332546009747,79.08366458406846,76.33215579400414,77.55504608154297,3110500,0.0,0.0,0.7301011057099238
143,2023-03-10 00:00:00-05:00,78.09746826925893,78.67932480236719,76.17436666638203,76.48009490966797,2895700,0.0,0.0,-1.3860492981266126
144,2023-03-13 00:00:00-04:00,75.86863261767613,77.52052642585475,75.43470068675833,76.03628540039062,2242400,0.0,0.0,-0.5802941403270201
145,2023-03-14 00:00:00-04:00,76.4307828984474,78.00870723410414,76.10533388805474,76.85485076904297,2142800,0.0,0.0,1.076545710172394
146,2023-03-15 00:00:00-04:00,76.22366588812976,76.80552231460005,75.29663223333544,76.26311492919922,1957000,0.0,0.0,-0.7699394819228544
147,2023-03-16 00:00:00-04:00,75.56292011599449,77.94953094561919,74.98105609811468,77.34794616699219,1962900,0.0,0.0,1.4224848261182421
148,2023-03-17 00:00:00-04:00,76.64773614415473,77.37752461711652,74.93667249382698,75.7108383178711,3896500,0.0,0.0,-2.1165498636338986
149,2023-03-20 00:00:00-04:00,75.99683001232879,77.34793135085727,75.84890552471973,75.93766021728516,1629500,0.0,0.0,0.29958973438088954
150,2023-03-21 00:00:00-04:00,76.50966760699013,77.03235424631788,74.92187940593675,75.46428680419922,2045700,0.0,0.0,-0.6233710806093362
151,2023-03-22 00:00:00-04:00,75.21773979304098,75.2769171211515,73.37354401056152,73.39326477050781,1863400,0.0,0.0,-2.744373691710511
152,2023-03-23 00:00:00-04:00,73.63982735917823,74.09348015141887,71.76603885269762,72.3873519897461,1655400,0.0,0.0,-1.3705791449761695
153,2023-03-24 00:00:00-04:00,71.55893196203267,72.505686530401,70.17825291908085,72.42679595947266,2777200,0.0,0.0,0.05449014039380362
154,2023-03-27 00:00:00-04:00,72.42678266827816,74.38439708852599,72.42678266827816,74.23152923583984,3225500,0.0,0.0,2.4918032786885203
155,2023-03-28 00:00:00-04:00,74.03429923707782,75.75029128505795,73.82127590222849,74.46823120117188,1752200,0.0,0.0,0.3188698491984665
156,2023-03-29 00:00:00-04:00,75.23746931827765,75.50374096469223,74.38440535898111,74.83312225341797,2299500,0.0,0.0,0.4899955945782519
157,2023-03-30 00:00:00-04:00,75.631950974163,76.37160362020329,74.95146813208248,75.7601547241211,1737800,0.0,0.0,1.2387996689003256
158,2023-03-31 00:00:00-04:00,75.76015470111831,77.5155957766592,75.67139999520562,77.41697692871094,2984400,0.0,0.0,2.1869308617743943
159,2023-04-03 00:00:00-04:00,76.92387782334636,77.46629279201157,75.42485171997282,75.56291961669922,1894900,0.0,0.0,-2.3948975865061506
160,2023-04-04 00:00:00-04:00,75.61223292043864,75.90809702853956,74.08362175961541,74.97119903564453,1316200,0.0,0.0,-0.7830832689581735
161,2023-04-05 00:00:00-04:00,74.83312353196027,76.05602136550065,74.63588582933043,75.44457244873047,1204800,0.0,0.0,0.631407019195307
162,2023-04-06 00:00:00-04:00,75.55305414122746,75.91795216135799,75.10926555588532,75.89822387695312,1223000,0.0,0.0,0.6013042601983543
163,2023-04-10 00:00:00-04:00,75.47414915608041,76.30256397026868,74.81339464747118,76.26311492919922,1485500,0.0,0.0,0.48076362476894285
164,2023-04-11 00:00:00-04:00,76.68718841712874,76.73649407902995,76.11026025634747,76.35187530517578,1371500,0.0,0.0,0.11638703199963185
165,2023-04-12 00:00:00-04:00,76.85484056740324,76.8745613271714,75.60236540839155,75.75028991699219,1171100,0.0,0.0,-0.7879117386168644
166,2023-04-13 00:00:00-04:00,75.63195602132099,76.51953323649151,75.11912593899424,76.07574462890625,1324700,0.0,0.0,0.4296415396834785
167,2023-04-14 00:00:00-04:00,75.26705107032416,75.57770758158472,74.45836449858966,75.37553405761719,1328400,0.0,0.0,-0.9204123794051
168,2023-04-17 00:00:00-04:00,75.5234693289632,75.76508438219179,73.62996032717568,74.00471496582031,1093300,0.0,0.0,-1.8186525759791183
169,2023-04-18 00:00:00-04:00,74.30057414088401,74.90215892690047,73.14671775752898,73.45244598388672,1235200,0.0,0.0,-0.7462618864063741
170,2023-04-19 00:00:00-04:00,73.93567782756016,74.35974563483731,73.47511796256057,73.71871185302734,1039300,0.0,0.0,0.3625010244029614
171,2023-04-20 00:00:00-04:00,73.7088502275952,75.51360450558298,73.6595445652408,75.41498565673828,1926900,0.0,0.0,2.3010084699971234
172,2023-04-21 00:00:00-04:00,75.76015286099242,75.90314905842382,74.9120172457931,75.49388122558594,1178900,0.0,0.0,0.1046152408047396
173,2023-04-24 00:00:00-04:00,75.37552778588602,76.26804067824126,74.55697714046933,76.22366333007812,1094300,0.0,0.0,0.9666771566711585
174,2023-04-25 00:00:00-04:00,75.58262956066665,76.07573127101762,74.7936638144511,75.8686294555664,1722400,0.0,0.0,-0.4657790756845248
175,2023-04-26 00:00:00-04:00,75.4544340668607,75.90808678704174,74.41891735235593,74.81340026855469,3100600,0.0,0.0,-1.390863647576146
176,2023-04-27 00:00:00-04:00,75.21773535672253,76.17435392661699,74.93174297162194,75.69111633300781,1865700,0.0,0.0,1.1732070208043233
177,2023-04-28 00:00:00-04:00,75.83905156439852,76.40118726517503,75.24733096212886,76.3321533203125,2233400,0.0,0.0,0.8469117888080913
178,2023-05-01 00:00:00-04:00,76.45048591128933,76.57869717150932,75.70097672845174,75.98697662353516,1788300,0.0,0.0,-0.4522035364689314
179,2023-05-02 00:00:00-04:00,75.67139812964584,76.33215267115875,74.90215307668797,75.7305679321289,2554000,0.0,0.0,-0.3374376805075241
180,2023-05-03 00:00:00-04:00,76.13491260282258,76.52939553569372,75.09940336868895,75.45443725585938,1607000,0.0,0.0,-0.3646224817922983
181,2023-05-04 00:00:00-04:00,75.91794895795232,79.26117823059224,73.87650800807366,77.50572967529297,3830400,0.0,0.0,2.718584213248909
182,2023-05-05 00:00:00-04:00,78.02842767778122,79.34007268250275,77.20001278224217,78.39331817626953,2359300,0.0,0.0,1.1451908196917548
183,2023-05-08 00:00:00-04:00,78.63986524781754,78.74834823511335,77.00277134486021,77.62407684326172,2360100,0.0,0.0,-0.9812587997336086
184,2023-05-09 00:00:00-04:00,76.90415247219798,78.00869558007727,76.73649215835006,77.86076354980469,3158300,0.0,0.0,0.30491403720123156
185,2023-05-10 00:00:00-04:00,78.74834987672168,79.0146290416844,77.65859919635403,78.35880279541016,1629400,0.0,0.0,0.6396536880695969
186,2023-05-11 00:00:00-04:00,77.77190303856867,78.73192898824998,77.43539559443191,78.30635070800781,2497400,0.282,0.0,-0.06693834710478352
187,2023-05-12 00:00:00-04:00,78.63295111086417,79.56328677931413,78.04902216215488,79.02883911132812,1991000,0.0,0.0,0.9226434341377487
188,2023-05-15 00:00:00-04:00,79.80081749245953,80.25608605548983,78.36573196879739,79.44451904296875,2048300,0.0,0.0,0.5259851167180418
189,2023-05-16 00:00:00-04:00,79.36534867975035,79.36534867975035,77.52447584659433,78.18758392333984,3709100,0.0,0.0,-1.5821546089908045
190,2023-05-17 00:00:00-04:00,78.27665923527056,79.80082325687118,77.90056975627931,79.56329345703125,2329500,0.0,0.0,1.7594987140672425
191,2023-05-18 00:00:00-04:00,79.44452016145468,80.63218419345677,78.74380087438225,80.56290435791016,2849300,0.0,0.0,1.2563719492315384
192,2023-05-19 00:00:00-04:00,80.88951346060671,82.37903371740724,80.69156567753524,81.45365142822266,2407100,0.0,0.0,1.1056541188674718
193,2023-05-22 00:00:00-04:00,81.87922914573423,83.09657591156153,81.46354257968353,82.6709976196289,1908300,0.0,0.0,1.494526236775262
194,2023-05-23 00:00:00-04:00,82.50274341132341,83.6903998363511,82.30974905348302,83.17575073242188,2232200,0.0,0.0,0.6105564555000775
195,2023-05-24 00:00:00-04:00,83.17575085244732,83.50235901262863,81.70107581987392,82.45325469970703,2430300,0.0,0.0,-0.8686378257517946
196,2023-05-25 00:00:00-04:00,82.34438661331158,82.34438661331158,81.05776005584656,81.89901733398438,1863100,0.0,0.0,-0.6721837333664715
197,2023-05-26 00:00:00-04:00,82.09696287809669,83.08667916379254,81.46354505932622,82.98770904541016,2267100,0.0,0.0,1.3293098584884033
198,2023-05-30 00:00:00-04:00,82.99759924066458,84.17041049458186,82.28005652223813,82.83924102783203,2198200,0.0,0.0,-0.17890362233867751
199,2023-05-31 00:00:00-04:00,82.67100121097315,83.68051606403353,81.60210579629842,83.15596008300781,5214700,0.0,0.0,0.3823297404057291
200,2023-06-01 00:00:00-04:00,84.00216224841904,88.2450781234888,83.91803727775819,87.96597290039062,3646900,0.0,0.0,5.784327199855999
201,2023-06-02 00:00:00-04:00,87.74824008826553,88.13422879414885,86.37252765206716,86.63975524902344,3225600,0.0,0.0,-1.507648477745993
202,2023-06-05 00:00:00-04:00,86.91687123303319,87.89668809872722,86.28345350663149,86.61006164550781,1819000,0.0,0.0,-0.03427249237982766
203,2023-06-06 00:00:00-04:00,86.243869672197,88.96558924139308,86.243869672197,88.62908935546875,2311500,0.0,0.0,2.3311699259893848
204,2023-06-07 00:00:00-04:00,88.62909965080499,89.94541662028405,88.21341305687531,89.87613677978516,2452100,0.0,0.0,1.4070407733907997
205,2023-06-08 00:00:00-04:00,90.54913194287477,91.51707878466686,90.12355367991736,91.3508071899414,3075700,0.0,0.0,1.6407808156791326
206,2023-06-09 00:00:00-04:00,91.35080294549483,92.80567933174449,91.14295591080996,92.33061981201172,2530100,0.0,0.0,1.0725823363914477
207,2023-06-12 00:00:00-04:00,92.0436015625,93.05310870883862,91.9248329066634,92.785888671875,1720700,0.0,0.0,0.4930854583129918
208,2023-06-13 00:00:00-04:00,92.99373547835287,94.3496494232405,92.62753775722496,93.28075408935548,2429900,0.0,0.0,0.5333412489376688
209,2023-06-14 00:00:00-04:00,93.55787098639009,94.0230388075878,91.81596836369287,92.24154663085938,2573200,0.0,0.0,-1.1140641696577913
210,2023-06-15 00:00:00-04:00,92.7561991639192,92.78588944039052,92.00401277259397,92.49887084960938,3712300,0.0,0.0,0.2789678058844558
211,2023-06-16 00:00:00-04:00,92.62753648592876,93.54797286342992,91.7862792174662,91.93473815917967,4963400,0.0,0.0,-0.6098806236747523
212,2023-06-20 00:00:00-04:00,92.17226695236022,92.39990500068458,90.94502097909216,91.0439910888672,1846900,0.0,0.0,-0.9688906371497996
213,2023-06-21 00:00:00-04:00,89.94540247417027,90.09881482273084,88.26783387434479,89.5693130493164,2684900,0.0,0.0,-1.6197423046968362
214,2023-06-22 00:00:00-04:00,89.56931379729626,89.75240887328982,86.96140956307998,88.33216857910156,3205600,0.0,0.0,-1.381214646062634
215,2023-06-23 00:00:00-04:00,88.71815874962529,89.76725549569683,88.20350965276056,89.43075561523438,2875900,0.0,0.0,1.2436998364293794
216,2023-06-26 00:00:00-04:00,89.3218857266003,90.26211308229568,88.76764707911126,89.6979751586914,1890400,0.0,0.0,0.2988004983506043
217,2023-06-27 00:00:00-04:00,90.03448674467333,90.079022162845,89.0546697902186,89.91571807861328,1472800,0.0,0.0,0.2427512098647222
218,2023-06-28 00:00:00-04:00,89.96520409145845,89.96520409145845,88.78743939714249,89.61880493164062,1605400,0.0,0.0,-0.3302127295619961
219,2023-06-29 00:00:00-04:00,89.57921791126417,90.40563005553857,89.2130201885644,89.93551635742188,1738700,0.0,0.0,0.35339840340744555
220,2023-06-30 00:00:00-04:00,91.10337860441238,91.34090837651844,90.10376313501874,90.6085205078125,2666400,0.0,0.0,0.7483185482762611
221,2023-07-03 00:00:00-04:00,90.0740758120488,90.79656442826048,89.40106847655908,90.6580047607422,1089100,0.0,0.0,0.05461324459594685
222,2023-07-05 00:00:00-04:00,90.47985459385866,92.25144752542366,90.41057476082251,91.19245147705078,2087300,0.0,0.0,0.5895196102308375
223,2023-07-06 00:00:00-04:00,90.5293463109839,90.5293463109839,88.92600327268867,90.06417846679688,2263300,0.0,0.0,-1.2372438639154715
224,2023-07-07 00:00:00-04:00,90.06417704873006,90.76687466684412,89.72767715453554,90.39078521728516,1334000,0.0,0.0,0.3626377945685544
225,2023-07-10 00:00:00-04:00,90.44026471476889,92.66712619128988,90.44026471476889,92.63743591308594,1539300,0.0,0.0,2.4854864247502606
226,2023-07-11 00:00:00-04:00,92.87496128567292,93.45889774942442,91.90504367263732,93.38961791992188,1260900,0.0,0.0,0.8119633271603588
227,2023-07-12 00:00:00-04:00,93.96365861191428,95.1711135862178,93.11250207432111,95.07213592529295,1532600,0.0,0.0,1.8016114026869312
228,2023-07-13 00:00:00-04:00,94.86429753085716,95.0820363059242,93.90427159584456,94.2902603149414,1462400,0.0,0.0,-0.8224024870609248
229,2023-07-14 00:00:00-04:00,93.91417138335834,94.55254257290969,93.72513371296472,94.02304077148438,1259900,0.0,0.0,-0.28340100299276694
230,2023-07-17 00:00:00-04:00,93.49848894444136,95.9232905705573,93.49848894444136,95.19090270996094,1951400,0.0,0.0,1.2421018602397194
231,2023-07-18 00:00:00-04:00,95.01276261591988,95.65607970631902,92.92446066684926,94.38924407958984,1925300,0.0,0.0,-0.8421588697542726
232,2023-07-19 00:00:00-04:00,93.85479134024668,94.5574889532201,92.96404522840164,93.75582122802734,1785300,0.0,0.0,-0.6710752456375091
233,2023-07-20 00:00:00-04:00,94.51789557217938,96.3191787250254,94.26056725007705,95.8936004638672,1600300,0.0,0.0,2.280156269593636
234,2023-07-21 00:00:00-04:00,96.57650783221963,97.14064575964932,95.31956403979557,95.60658264160156,5081100,0.0,0.0,-0.2993086304792447
235,2023-07-24 00:00:00-04:00,95.60658729951832,95.81442680386192,94.77522928214393,95.5571060180664,1077800,0.0,0.0,-0.05175022699077658
236,2023-07-25 00:00:00-04:00,94.96326623162362,97.15054567526816,94.91378495225676,96.51712036132812,854800,0.0,0.0,1.0046498719626484
237,2023-07-26 00:00:00-04:00,95.67586593855714,97.22972011431766,95.67586593855714,96.33897399902344,1243000,0.0,0.0,-0.18457488333444294
238,2023-07-27 00:00:00-04:00,96.72497813949276,96.74476914324823,94.22098953652817,94.43872833251952,897900,0.0,0.0,-1.9724578616782673
239,2023-07-28 00:00:00-04:00,95.27008113914007,95.66596911940763,94.28036496393878,94.75542449951172,1135900,0.0,0.0,0.3353456495910345
240,2023-07-31 00:00:00-04:00,94.85439924815014,95.6956640789832,94.41892924438956,95.65607452392578,1170200,0.0,0.0,0.9504996987467429
241,2023-08-01 00:00:00-04:00,95.25028139022716,96.09153861839026,95.08203145478156,95.3096694946289,1469600,0.0,0.0,-0.3621359448638395
242,2023-08-02 00:00:00-04:00,95.00285279150656,95.03749648181336,93.45889798670989,94.5673828125,2040300,0.0,0.0,-0.7788157131011109
243,2023-08-03 00:00:00-04:00,94.98306817498332,102.50886673265882,94.7752286719778,100.0998992919922,3511000,0.0,0.0,5.850343231409494
244,2023-08-04 00:00:00-04:00,100.87187796367058,103.62824133278092,100.7432175700484,102.87110900878906,2723600,0.0,0.0,2.768444060780939
245,2023-08-07 00:00:00-04:00,103.5045182917166,103.5737981211916,101.71808031282433,102.68305206298828,1759800,0.0,0.0,-0.18280831966603905
246,2023-08-08 00:00:00-04:00,101.90118134506656,103.8509235112079,101.90118134506656,103.7321548461914,1207300,0.0,0.0,1.0216903005177302
247,2023-08-09 00:00:00-04:00,103.54411677440925,104.81095236602796,103.23532125716414,104.0290756225586,1646700,0.0,0.0,0.28623793346185256
248,2023-08-10 00:00:00-04:00,104.88023393715498,105.75118153307233,104.0290773441498,104.63280487060548,1563700,0.0,0.0,0.5803466429302517
249,2023-08-11 00:00:00-04:00,104.6347814767512,105.9020297464472,104.18821348021952,105.74622344970705,1414100,0.282,0.0,1.0641199769789944
250,2023-08-14 00:00:00-04:00,105.64698429699882,106.77827772788842,104.90568735871776,106.182861328125,2404000,0.0,0.0,0.4129110848347439
251,2023-08-15 00:00:00-04:00,105.57752115664805,105.77103167947868,104.81340481732788,105.4286651611328,1709600,0.0,0.0,-0.7102805081335983
252,2023-08-16 00:00:00-04:00,105.5874538241579,105.63706744515882,104.1981437269063,104.29737854003906,1835200,0.0,0.0,-1.0730351364732993
253,2023-08-17 00:00:00-04:00,104.67447937305526,105.3343942744322,103.77142517768762,104.01951599121094,1800600,0.0,0.0,-0.2664137418578072
254,2023-08-18 00:00:00-04:00,103.73172934900931,104.73401835179205,103.7118854152996,103.96989440917967,1660800,0.0,0.0,-0.04770410779016965
255,2023-08-21 00:00:00-04:00,103.8011966983198,105.64302571664209,103.48364075424328,105.29966735839844,1377000,0.0,0.0,1.278998076102078
256,2023-08-22 00:00:00-04:00,104.85310802006818,105.73134407350598,104.70425201352803,105.44852447509766,1276900,0.0,0.0,0.1413652297614254
257,2023-08-23 00:00:00-04:00,106.13324316557474,108.42560734814828,106.13324316557474,107.61186981201172,1393500,0.0,0.0,2.051565299450875
258,2023-08-24 00:00:00-04:00,108.06836782621028,109.40805680345488,106.02409422418911,106.10348510742188,1498700,0.0,0.0,-1.4016898946416
259,2023-08-25 00:00:00-04:00,106.00424261326538,106.6195105570712,104.76378854431633,105.0615005493164,1383800,0.0,0.0,-0.9820455539707673
260,2023-08-28 00:00:00-04:00,105.4931724347827,106.53019018290468,104.42638500143318,104.56531524658205,1088000,0.0,0.0,-0.4722808070892204
261,2023-08-29 00:00:00-04:00,104.4263862392852,105.35920252903772,103.99966974666106,104.73401641845705,1131500,0.0,0.0,0.16133568906397944
262,2023-08-30 00:00:00-04:00,104.53554827579232,105.45646282791238,104.28745744631176,104.9324951171875,1167400,0.0,0.0,0.1895073878742881
263,2023-08-31 00:00:00-04:00,105.14087883825904,105.279809081661,102.9775267424036,103.36455535888672,2035500,0.0,0.0,-1.4942366104510496
264,2023-09-01 00:00:00-04:00,104.82333066769564,106.58974366798414,104.3966141539338,106.4706573486328,1338800,0.0,0.0,3.004997195568193
265,2023-09-05 00:00:00-04:00,105.73630919730506,105.91493488832856,104.34799092650532,105.24012756347656,1433200,0.0,0.0,-1.1557454568228431
266,2023-09-06 00:00:00-04:00,105.51798474866192,106.96683416534135,105.18057731128144,105.82561492919922,1337800,0.0,0.0,0.5563347168783261
267,2023-09-07 00:00:00-04:00,107.03629805085548,110.10766344351568,106.3614907550313,107.71110534667967,1951100,0.0,0.0,1.7816956875156498
268,2023-09-08 00:00:00-04:00,107.40347589335688,108.82255561746926,107.40347589335688,107.81034088134766,1428100,0.0,0.0,0.0921312007230668
269,2023-09-11 00:00:00-04:00,107.96912488988578,109.55392912511128,107.8202688877992,109.1401138305664,1820700,0.0,0.0,1.2334372921446013
270,2023-09-12 00:00:00-04:00,108.7034759690646,109.25423789924776,107.3240915981791,107.67141723632812,1557100,0.0,0.0,-1.3456982430111286
271,2023-09-13 00:00:00-04:00,107.94927573187869,109.24926919802716,107.6813409792024,108.43553161621094,1894600,0.0,0.0,0.7096724455717407
272,2023-09-14 00:00:00-04:00,108.92180302338204,111.75996279984436,108.68859703128196,111.60118103027344,2308300,0.0,0.0,2.9193838651216053
273,2023-09-15 00:00:00-04:00,111.60117005673575,111.81949118286288,108.9614877517922,109.09049224853516,4287700,0.0,0.0,-2.249697322698785
274,2023-09-18 00:00:00-04:00,109.58667218851204,111.39277297080596,109.56682825513768,109.89430236816406,1358500,0.0,0.0,0.7368287584564426
275,2023-09-19 00:00:00-04:00,110.24163419476083,110.52942045724728,109.45767385866291,109.69583892822266,1972100,0.0,0.0,-0.18059484037354911
276,2023-09-20 00:00:00-04:00,110.0828569559192,110.33094777141788,109.07064975998216,109.2889633178711,924500,0.0,0.0,-0.3709125289773185
277,2023-09-21 00:00:00-04:00,108.79278033505555,109.7950693371328,108.67370159061956,109.10041809082033,1443800,0.0,0.0,-0.1725199153938095
278,2023-09-22 00:00:00-04:00,108.624083450058,109.89430723391732,107.78553526916296,109.5172119140625,1210500,0.0,0.0,0.38202770487572035
279,2023-09-25 00:00:00-04:00,108.88209834640422,112.05765775717968,108.65881812662218,111.35308074951172,2115200,0.0,0.0,1.6763290476110804
280,2023-09-26 00:00:00-04:00,110.80728878271638,110.86186149547277,107.1057703734662,107.66149139404295,2309700,0.0,0.0,-3.3152107967025835
281,2023-09-27 00:00:00-04:00,108.14775612431056,110.4401129321584,108.14775612431056,109.90423583984376,2819500,0.0,0.0,2.0831445085525813
282,2023-09-28 00:00:00-04:00,109.92406919163912,110.1324721278623,108.00384880739642,108.48514556884766,1550700,0.0,0.0,-1.2912061670344088
283,2023-09-29 00:00:00-04:00,109.19964651519209,109.86452803651105,107.81033653268796,108.24697875976562,2867500,0.0,0.0,-0.2195386362189855
284,2023-10-02 00:00:00-04:00,107.4729349020333,107.4729349020333,101.97524200291927,103.9301986694336,2892500,0.0,0.0,-3.9878989139385923
285,2023-10-03 00:00:00-04:00,102.4218110504912,104.11875131480636,101.6229583241694,104.08898162841795,2557000,0.0,0.0,0.15277846190728805
286,2023-10-04 00:00:00-04:00,103.8408850019776,105.78591597217886,103.42905336401552,105.34928131103516,1973900,0.0,0.0,1.2107906743830776
287,2023-10-05 00:00:00-04:00,106.1630238460101,107.67141265513474,105.79584671780027,107.05614471435548,1589200,0.0,0.0,1.6201946345328677
288,2023-10-06 00:00:00-04:00,105.7363015061327,109.73552397250928,104.32714001450157,109.32865142822266,2095800,0.0,0.0,2.122724220950256
289,2023-10-09 00:00:00-04:00,109.32865274348536,110.63559642016564,109.13018313045517,110.52941131591795,1258400,0.0,0.0,1.0983030267080807
290,2023-10-10 00:00:00-04:00,110.1126323749612,112.62331034713507,110.1126323749612,112.13705444335938,1464400,0.0,0.0,1.4544935219517496
291,2023-10-11 00:00:00-04:00,113.04010097505972,114.29841532981122,112.4446769706128,114.19123840332033,1353300,0.0,0.0,1.8318511843901986
292,2023-10-12 00:00:00-04:00,114.03246898276772,115.27292309194692,113.58590096078458,114.8362808227539,1299700,0.0,0.0,0.5648790821895622
293,2023-10-13 00:00:00-04:00,115.87825815527262,116.49352612128122,112.12712612678688,112.82178497314452,1699400,0.0,0.0,-1.7542329263681933
294,2023-10-16 00:00:00-04:00,113.89353164669704,116.22559143888364,113.73475745702773,115.93780517578124,1701700,0.0,0.0,2.7618958549347816
295,2023-10-17 00:00:00-04:00,115.16376533585748,117.08894501192916,114.82635787293631,116.25536346435548,1214600,0.0,0.0,0.2739040023163941
296,2023-10-18 00:00:00-04:00,116.43398118622092,117.73893370315874,114.92558481614734,115.18360137939452,1050700,0.0,0.0,-0.9219033453794823
297,2023-10-19 00:00:00-04:00,115.11413845151397,115.7194806473374,113.23857249105475,113.41719818115234,981000,0.0,0.0,-1.5335544097322962
298,2023-10-20 00:00:00-04:00,113.23857163504825,113.91337895130128,111.06529368381128,111.2439193725586,1654400,0.0,0.0,-1.9161810055671968
299,2023-10-23 00:00:00-04:00,110.9759771042573,112.16680990111703,109.5559056248491,111.25383758544922,950800,0.0,0.0,0.008915734852354973
300,2023-10-24 00:00:00-04:00,112.39506505424448,114.41948701510252,112.39506505424448,113.39734649658205,1930900,0.0,0.0,1.926683121817252
301,2023-10-25 00:00:00-04:00,113.35766520821464,113.39735307836077,110.81720996438092,111.1744613647461,1575000,0.0,0.0,-1.9602620347936917
302,2023-10-26 00:00:00-04:00,111.14468911029836,112.16682209341388,110.29125607036808,111.85919189453124,1652700,0.0,0.0,0.6159063164143941
303,2023-10-27 00:00:00-04:00,112.1370534862022,112.49430488176024,109.05377845592942,109.93400573730467,1128700,0.0,0.0,-1.7210799797675702
304,2023-10-30 00:00:00-04:00,111.005753528323,112.36529390370664,110.6534612439812,112.16681671142578,1271600,0.0,0.0,2.0310466803661997
305,2023-10-31 00:00:00-04:00,112.25613252531178,112.64315358353474,110.32101966306634,112.05765533447266,1942000,0.0,0.0,-0.0973205624921758
306,2023-11-01 00:00:00-04:00,112.72253585752372,114.49886695084751,111.9683452526266,113.97291564941406,2751300,0.0,0.0,1.7091740044218096
307,2023-11-02 00:00:00-04:00,114.0324795402567,116.99964392420614,113.5065205895197,116.2950668334961,1894600,0.0,0.0,2.0374587864586013
308,2023-11-03 00:00:00-04:00,117.74390782614744,117.763751760979,115.95765084606028,116.17597198486328,1853200,0.0,0.0,-0.10240748113875542
309,2023-11-06 00:00:00-05:00,118.0813028539432,124.66464342297812,117.15840471408907,123.77747344970705,2530800,0.0,0.0,6.543092633504433
310,2023-11-07 00:00:00-05:00,123.4896897588902,124.01960836186028,117.7538311759701,118.95458984375,2271500,0.0,0.0,-3.8964146476270334
311,2023-11-08 00:00:00-05:00,119.50037945496238,120.55228963694988,118.05648912476356,120.25457763671876,1730200,0.0,0.0,1.0928437437145888
312,2023-11-09 00:00:00-05:00,120.66144621079316,123.40533761427332,119.59961781609682,119.70877838134766,1603200,0.0,0.0,-0.45386983688880944
313,2023-11-10 00:00:00-05:00,120.52251668676952,121.78778137626873,120.4490842877709,120.84007263183594,1219700,0.0,0.0,0.9450386728401705
314,2023-11-13 00:00:00-05:00,120.45304362164808,121.30250931500196,119.98663927301727,120.79045104980467,891600,0.0,0.0,-0.0410638465788149
315,2023-11-14 00:00:00-05:00,123.10266399695246,125.74234630080454,122.4377748664409,125.55379486083984,1433300,0.0,0.0,3.9434771288925363
316,2023-11-15 00:00:00-05:00,125.6133388982872,126.2682946901159,120.7606833313821,121.05838775634766,1982200,0.0,0.0,-3.5804629477546035
317,2023-11-16 00:00:00-05:00,122.34349476063063,123.16906650590668,120.86144967250512,121.02059173583984,1474500,0.282,0.0,-0.03122131494422975
318,2023-11-17 00:00:00-05:00,121.54776163787056,122.8607159118098,120.95096562038418,121.04048919677734,1487900,0.0,0.0,0.0164413846041489
319,2023-11-20 00:00:00-05:00,121.79642540582576,122.1942919409268,120.8316091131975,121.62733459472656,1041600,0.0,0.0,0.48483396080396535
320,2023-11-21 00:00:00-05:00,122.24402740175198,122.52253169812188,121.19962870169194,121.85610961914062,984700,0.0,0.0,0.1880950735098752
321,2023-11-22 00:00:00-05:00,122.24402509265651,123.17900270014118,121.323959227189,122.59215545654295,1376700,0.0,0.0,0.6040286693074659
322,2023-11-24 00:00:00-05:00,122.41312160759854,123.63655990193048,122.39323169530876,123.19890594482422,532500,0.0,0.0,0.4949341872827695
323,2023-11-27 00:00:00-05:00,123.26853570860344,124.71079343596256,122.71152708374862,124.43228912353516,1073200,0.0,0.0,1.001131600359595
324,2023-11-28 00:00:00-05:00,124.3129288688897,125.82481260624904,123.09943934340065,123.78575134277344,2003000,0.0,0.0,-0.5195900399452169
325,2023-11-29 00:00:00-05:00,122.89056572513648,123.27848352718036,119.12079360774668,119.93641662597656,2078800,0.0,0.0,-3.1096751241891596
326,2023-11-30 00:00:00-05:00,119.94635633324516,121.2095820537478,119.87175967555427,120.39395904541016,2650000,0.0,0.0,0.38148748504005514
327,2023-12-01 00:00:00-05:00,119.97621392028866,120.29450567096389,119.0113899167399,119.24015808105467,1454900,0.0,0.0,-0.9583545333203047
328,2023-12-04 00:00:00-05:00,118.3648531521166,118.91192063492778,117.4199266876322,118.2852783203125,1946900,0.0,0.0,-0.8008038366513093
329,2023-12-05 00:00:00-05:00,118.07143145705952,118.3051777864432,115.26648309312915,117.67853546142578,1805900,0.0,0.0,-0.5129487519517695
330,2023-12-06 00:00:00-05:00,118.70302384188608,119.03126430125933,111.62103141617256,112.02883911132812,2629800,0.0,0.0,-4.800957394604543
331,2023-12-07 00:00:00-05:00,112.65548808130325,112.83452765266024,108.8658184190261,109.94005584716795,3497000,0.0,0.0,-1.8645049620521825
332,2023-12-08 00:00:00-05:00,109.40293499931438,111.01429111009948,109.06475336483228,110.61642456054688,2627300,0.0,0.0,0.6152159084939601
333,2023-12-11 00:00:00-05:00,110.95461347885238,115.67926071870956,110.07930555450692,115.53005981445312,2582900,0.0,0.0,4.442048523469255
334,2023-12-12 00:00:00-05:00,115.54000611483612,115.77872300338014,113.24233045082848,113.87891387939452,1846200,0.0,0.0,-1.429191621393111
335,2023-12-13 00:00:00-05:00,113.97838015903253,116.12685495101049,112.92404026408398,115.80856323242188,1731100,0.0,0.0,1.6944746725201298
336,2023-12-14 00:00:00-05:00,116.01744408556988,117.18119749654495,114.75422593316227,114.98299407958984,2456400,0.0,0.0,-0.7128740136212119
337,2023-12-15 00:00:00-05:00,115.05262530852404,120.22487556999305,114.99294797872732,118.1161880493164,5714900,0.0,0.0,2.724919449877783
338,2023-12-18 00:00:00-05:00,118.93180914772344,120.8912957229466,118.27533576475582,118.72293090820312,2019800,0.0,0.0,0.513683068262738
339,2023-12-19 00:00:00-05:00,119.13073402578162,120.40390850435784,118.61848340349523,120.1651840209961,1012700,0.0,0.0,1.2148058523825611
340,2023-12-20 00:00:00-05:00,119.19041562708831,119.48383925913828,116.37551877893176,116.38546752929688,1324300,0.0,0.0,-3.145433947855314
341,2023-12-21 00:00:00-05:00,116.86291239357864,117.79789771111334,116.1865414893634,117.67853546142578,904600,0.0,0.0,1.1110218136155314
342,2023-12-22 00:00:00-05:00,114.38619130549372,117.35028899312172,113.4114186840482,114.71443176269533,1188400,0.0,0.0,-2.518814231591171
343,2023-12-26 00:00:00-05:00,114.97303919969632,117.21102991165309,114.97303919969632,116.94247436523438,740700,0.0,0.0,1.9422513526005991
344,2023-12-27 00:00:00-05:00,116.65402939721513,117.131470787847,116.25616283646744,116.79328155517578,541300,0.0,0.0,-0.12757794878928141
345,2023-12-28 00:00:00-05:00,118.07639824317457,118.1460243227526,116.32578991406062,116.48493957519533,559700,0.0,0.0,-0.26400660712215807
346,2023-12-29 00:00:00-05:00,116.10697120783648,116.6440823456965,115.31123807474812,116.26611328125,849900,0.0,0.0,-0.18785801387145584
347,2024-01-02 00:00:00-05:00,115.77872831643148,116.6043000968447,114.35636049293493,114.6348648071289,1362800,0.0,0.0,-1.4030300214603941
348,2024-01-03 00:00:00-05:00,114.88352854858884,116.54063677918238,114.88352854858884,115.23165893554688,1372400,0.0,0.0,0.5206043810686012
349,2024-01-04 00:00:00-05:00,115.58973964497434,116.48394338502068,114.38619881159748,114.74427795410156,1348900,0.0,0.0,-0.42295753263251745
350,2024-01-05 00:00:00-05:00,114.49560952356164,117.03399035562715,114.49560952356164,115.61957550048828,1729900,0.0,0.0,0.7628245712930859
351,2024-01-08 00:00:00-05:00,115.56985203353496,116.53467598734753,114.4160397538946,116.40536499023438,1351700,0.0,0.0,0.679633605593688
352,2024-01-09 00:00:00-05:00,115.81851940739726,116.30590197270708,114.5552936139118,115.86824798583984,1514000,0.0,0.0,-0.4614194581491926
353,2024-01-10 00:00:00-05:00,115.40074975368744,115.8085650560335,114.35138042313828,115.23165893554688,1090500,0.0,0.0,-0.5494076775638845
354,2024-01-11 00:00:00-05:00,114.38619897914369,114.67465204373188,110.88498996679834,112.30735778808594,1609300,0.0,0.0,-2.5377584376326645
355,2024-01-12 00:00:00-05:00,113.3318590517114,113.80929284996724,112.13825937872498,112.30735778808594,1556900,0.0,0.0,0.0
356,2024-01-16 00:00:00-05:00,111.77023488428368,112.2327493333006,110.70594624591526,111.21321868896484,1417000,0.0,0.0,-0.974236346282531
357,2024-01-17 00:00:00-05:00,110.63632741255142,111.40221429682572,108.85588039841667,111.32263946533205,1484500,0.0,0.0,0.09838828302706215
358,2024-01-18 00:00:00-05:00,110.77557360934448,111.3027435594293,109.66154879443108,110.81536102294922,1614900,0.0,0.0,-0.45568308909959
359,2024-01-19 00:00:00-05:00,110.85513891660256,113.99827623856042,110.85513891660256,113.83912658691406,1684200,0.0,0.0,2.7286519991922775
360,2024-01-22 00:00:00-05:00,113.84908180518411,116.74852423353094,113.7197783973804,116.58440399169922,1876700,0.0,0.0,2.4115411696251865
361,2024-01-23 00:00:00-05:00,117.10163570351288,119.91652520148676,116.53467830343487,118.05651092529295,1929400,0.0,0.0,1.262696281141129
362,2024-01-24 00:00:00-05:00,118.5041003346717,118.88206938685096,114.72437945818584,115.05261993408205,1514600,0.0,0.0,-2.5444517779386167
363,2024-01-25 00:00:00-05:00,117.27072068703887,119.9463578894673,116.4153102539433,119.90657806396484,1425800,0.0,0.0,4.218902735690699
364,2024-01-26 00:00:00-05:00,119.42913439273464,121.75664875101508,119.42913439273464,120.62272644042967,1558800,0.0,0.0,0.5972552865971981
365,2024-01-29 00:00:00-05:00,120.44368008767316,121.0922004712821,119.36447217143052,120.3641128540039,1801500,0.0,0.0,-0.21439872406919802
366,2024-01-30 00:00:00-05:00,120.68240944804714,121.65717450090594,120.0557671825363,121.2294692993164,1285500,0.0,0.0,0.7189488833454272
367,2024-01-31 00:00:00-05:00,122.12466675206088,123.51719584067632,120.71721833227986,121.3488311767578,1666100,0.0,0.0,0.09845945720234894
368,2024-02-01 00:00:00-05:00,121.34883621393844,127.018409952399,121.34883621393844,126.94878387451172,1937400,0.0,0.0,4.6147561896142
369,2024-02-02 00:00:00-05:00,126.3321064624254,132.35976733712278,125.75520029884144,129.0177001953125,3781700,0.0,0.0,1.629725199136911
370,2024-02-05 00:00:00-05:00,127.21734126441204,127.73456244977646,125.1782800078272,126.35198211669922,1878000,0.0,0.0,-2.066164622821365
371,2024-02-06 00:00:00-05:00,127.078099291674,130.79315722022395,126.51114189809272,130.3107452392578,2656900,0.0,0.0,3.1331230869827253
372,2024-02-07 00:00:00-05:00,131.25568975125668,133.08586538161484,130.11181859927217,131.7928009033203,2087600,0.0,0.0,1.1373242178466247
373,2024-02-08 00:00:00-05:00,131.8425274253687,133.25494646137614,129.47522563879542,130.0222930908203,1228700,0.0,0.0,-1.343402523024606
374,2024-02-09 00:00:00-05:00,129.326035317,131.80273547396172,129.3061378153713,131.4645538330078,1245300,0.0,0.0,1.109241121582194
375,2024-02-12 00:00:00-05:00,131.1164351028348,131.4844554189903,127.2770291572846,127.82408905029295,1206900,0.0,0.0,-2.769160717906627
376,2024-02-13 00:00:00-05:00,127.227294921875,128.12248517766125,126.0535927677332,127.227294921875,1503700,0.0,0.0,-0.46688705771502637
377,2024-02-14 00:00:00-05:00,127.61521029802206,128.7441468469833,127.00846552545543,127.98323059082033,1372300,0.0,0.0,0.5941615511117382
378,2024-02-15 00:00:00-05:00,129.2265575596595,130.91748087076974,128.14237901529813,130.79812622070312,1348900,0.0,0.0,2.1994253597820146
379,2024-02-16 00:00:00-05:00,130.55941809923308,131.95195495962875,129.79353876223095,130.4599609375,1295700,0.0,0.0,-0.25853985295822834
380,2024-02-20 00:00:00-05:00,130.30079402429712,131.35513389871377,128.6993867120192,131.09652709960938,2121200,0.0,0.0,0.48793986870372397
381,2024-02-21 00:00:00-05:00,131.5839186073144,131.87336581001685,129.4453999268476,130.69866943359375,983400,0.0,0.0,-0.30348452000816817
382,2024-02-22 00:00:00-05:00,131.6933181430405,133.34446165112632,130.94732121584653,132.67803955078125,1529900,0.0,0.0,1.5144531507210068
383,2024-02-23 00:00:00-05:00,132.77751003071947,133.43397578273044,130.6489327685114,133.27484130859375,2052200,0.0,0.0,0.4498120109651449
384,2024-02-26 00:00:00-05:00,133.9611558510504,134.47838466880097,132.2204962468901,132.5089569091797,1494700,0.0,0.0,-0.5746653996313356
385,2024-02-27 00:00:00-05:00,134.27944539354715,155.8337812143261,134.27944539354715,154.9286346435547,4888300,0.0,0.0,16.919367759978087
386,2024-02-28 00:00:00-05:00,157.63412377393092,170.067406208906,155.66469608588795,169.918212890625,8227500,0.0,0.0,9.67515029197601
387,2024-02-29 00:00:00-05:00,170.26634333513013,170.39167786998945,162.49803054943746,167.55091857910156,4536900,0.0,0.0,-1.3931963332543096
388,2024-03-01 00:00:00-05:00,166.1484357936236,169.40098677988465,164.16906691206702,169.08270263671875,4554500,0.0,0.0,0.9142200297123537
389,2024-03-04 00:00:00-05:00,172.03683301300688,176.09007967292993,168.7146487217558,175.0506591796875,3818200,0.0,0.0,3.529607966931514
390,2024-03-05 00:00:00-05:00,176.4431935078839,184.5894824225419,174.48370702165994,175.82650756835938,4323800,0.0,0.0,0.4432136344459492
391,2024-03-06 00:00:00-05:00,175.82650508317616,179.8449351498823,174.07588926305584,179.0193634033203,2073600,0.0,0.0,1.815912673872333
392,2024-03-07 00:00:00-05:00,181.13519186707745,181.43418009453745,175.61393878963042,178.9725341796875,1967800,0.353,0.0,-0.02615874771452198
393,2024-03-08 00:00:00-05:00,178.97254347901836,179.22169781365216,167.89016354080215,169.99302673339844,3196900,0.0,0.0,-5.017254456079656
394,2024-03-11 00:00:00-04:00,169.7338858780804,170.3816962319202,165.83710867838005,167.34201049804688,2601700,0.0,0.0,-1.559485283775297
395,2024-03-12 00:00:00-04:00,166.0065466291836,168.48811390884646,163.64455334893236,167.80044555664062,2617000,0.0,0.0,0.27395096857587564
396,2024-03-13 00:00:00-04:00,170.6607620927165,170.73051740014174,165.8769957263165,167.2921905517578,1639000,0.0,0.0,-0.30289252403161715
397,2024-03-14 00:00:00-04:00,167.28221701690742,167.820383658515,162.7177080363845,164.08306884765625,3012300,0.0,0.0,-1.9182734672296031
398,2024-03-15 00:00:00-04:00,163.62461953919166,167.8203850255156,162.1197329043432,164.96009826660156,4530900,0.0,0.0,0.5345033007394528
399,2024-03-18 00:00:00-04:00,167.1227560608155,170.5012880710377,165.6278301234221,168.26885986328125,2006800,0.0,0.0,2.005795117393916
400,2024-03-19 00:00:00-04:00,168.42832874091673,173.42137608877206,167.69082644226157,171.82679748535156,1922200,0.0,0.0,2.114436161843103
401,2024-03-20 00:00:00-04:00,172.33507535876495,176.17205835093935,172.06698808192326,175.1156463623047,1969200,0.0,0.0,1.9140488707726222
402,2024-03-21 00:00:00-04:00,176.8597227285439,177.20852967892156,171.78692882785765,173.54098510742188,2212100,0.0,0.0,-0.8992121992485558
403,2024-03-22 00:00:00-04:00,174.4080242359969,177.7666196078462,173.6256760204168,177.63706970214844,1608100,0.0,0.0,2.360298111821302
404,2024-03-25 00:00:00-04:00,179.39110536265048,188.41049453481824,178.93265473556784,186.6265411376953,3570600,0.0,0.0,5.060583047569911
405,2024-03-26 00:00:00-04:00,189.25760807823517,198.15740795257167,183.85594445415856,184.7828063964844,4228700,0.0,0.0,-0.9879274030217267
406,2024-03-27 00:00:00-04:00,187.443783766374,189.4768763689262,181.72319498498447,184.2645721435547,2452100,0.0,0.0,-0.28045588387577425
407,2024-03-28 00:00:00-04:00,184.4041000032212,186.19801420606552,182.71484156729056,184.22471618652344,2050800,0.0,0.0,-0.021629744973550302
408,2024-04-01 00:00:00-04:00,185.4007097594907,188.17130455707297,182.7796014697312,185.3508758544922,1977500,0.0,0.0,0.6112967311229456
409,2024-04-02 00:00:00-04:00,184.06026784928864,187.73280025108028,183.4971766286943,187.49362182617188,1875500,0.0,0.0,1.1560484739019161
410,2024-04-03 00:00:00-04:00,187.8424165402046,192.5564271199691,186.2378621464491,189.61639404296875,2555800,0.0,0.0,1.1321836957018938
411,2024-04-04 00:00:00-04:00,192.78564334853493,194.83867245119012,182.34109882245892,182.49058532714844,3747800,0.0,0.0,-3.7580129881625846
412,2024-04-05 00:00:00-04:00,181.7032682562657,194.19088145275128,180.80630358752845,192.42686462402344,4330700,0.0,0.0,5.444817484179998
413,2024-04-08 00:00:00-04:00,194.20583225807343,196.97143913455665,187.47367764748088,191.33058166503903,1663500,0.0,0.0,-0.5697140891041341
414,2024-04-09 00:00:00-04:00,191.9484923153209,194.1809052678845,184.4240288841926,187.46371459960935,1958600,0.0,0.0,-2.0210397270413294
415,2024-04-10 00:00:00-04:00,182.8792784081349,193.17433715918665,181.88266108710965,190.4336395263672,3861900,0.0,0.0,1.5842665515836574
416,2024-04-11 00:00:00-04:00,190.9219880599841,193.6228124920333,189.3572915618456,192.22755432128903,2267300,0.0,0.0,0.942015706565047
417,2024-04-12 00:00:00-04:00,191.31066449726444,192.59629412914364,189.70611002844493,191.02163696289065,1801400,0.0,0.0,-0.6273384492957779
418,2024-04-15 00:00:00-04:00,193.4334492275314,195.3369919312772,184.15494454394343,184.77284240722656,2531500,0.0,0.0,-3.2712496107852096
419,2024-04-16 00:00:00-04:00,184.40410053899217,187.63811885918972,182.49059711945645,186.01861572265625,2982700,0.0,0.0,0.6742188403878524
420,2024-04-17 00:00:00-04:00,187.28432227578008,188.40052879194903,182.0122234194033,184.77284240722656,3282900,0.0,0.0,-0.6697035727257883
421,2024-04-18 00:00:00-04:00,185.5003778352169,187.63114605089365,182.47065281017143,183.2380523681641,1654200,0.0,0.0,-0.8306361579262234
422,2024-04-19 00:00:00-04:00,182.67994595719773,185.3309515062968,177.04904933985517,180.28805541992188,3413600,0.0,0.0,-1.6099259461211934
423,2024-04-22 00:00:00-04:00,180.98570459511643,183.2280934808684,177.60717261553705,182.6002197265625,2327500,0.0,0.0,1.2824833576773553
424,2024-04-23 00:00:00-04:00,183.3476841688468,189.1081308919595,183.3476841688468,187.6132049560547,2387300,0.0,0.0,2.7453336239129156
425,2024-04-24 00:00:00-04:00,186.09833737001003,193.71249265546305,183.02577376749764,185.5302734375,2266400,0.0,0.0,-1.110226499804523
426,2024-04-25 00:00:00-04:00,184.97217210622532,189.88449950054857,184.77782443838504,187.3740081787109,2908900,0.0,0.0,0.9937649026491746
427,2024-04-26 00:00:00-04:00,186.28270815020196,188.7393812494445,185.00206653069483,187.7327880859375,1826600,0.0,0.0,0.19147794868346057
428,2024-04-29 00:00:00-04:00,187.7925858460349,189.7758596980491,185.5103389772316,187.97198486328125,2205500,0.0,0.0,0.12741342616946483
429,2024-04-30 00:00:00-04:00,187.9719862162472,188.75930717808023,185.08180218054844,185.3110198974609,2173200,0.0,0.0,-1.4156178473913261
430,2024-05-01 00:00:00-04:00,185.6199698536393,187.5683584761584,183.2978497481934,183.9356842041016,2717000,0.0,0.0,-0.7421769596434924
431,2024-05-02 00:00:00-04:00,184.37420030271707,186.54681871494924,182.97894216707928,185.5502014160156,3071000,0.0,0.0,0.8777618214214966
432,2024-05-03 00:00:00-04:00,188.68955888146343,196.602702829582,187.36405602197905,194.2008514404297,3480200,0.0,0.0,4.662161484276028
433,2024-05-06 00:00:00-04:00,197.08106864703169,198.23714835051072,193.46334302630527,197.0312347412109,2708000,0.0,0.0,1.4574515403962707
434,2024-05-07 00:00:00-04:00,198.02785251133133,204.38627568878243,196.6824282939329,199.88156127929688,2797300,0.0,0.0,1.4466368958351739
435,2024-05-08 00:00:00-04:00,197.86839546567356,207.56549291119157,197.4398573187209,207.29640197753903,3992100,0.0,0.0,3.709617160675127
436,2024-05-09 00:00:00-04:00,204.7350816242919,215.2194997238896,202.313308920402,215.1796417236328,4313500,0.0,0.0,3.802883055803319
437,2024-05-10 00:00:00-04:00,219.7740439744517,219.7740439744517,211.1433347926044,214.20294189453125,2744700,0.0,0.0,-0.4538997375764686
438,2024-05-13 00:00:00-04:00,216.26594593134908,217.93528288723067,211.87086015463572,212.8674774169922,1919300,0.0,0.0,-0.6234575798667708
439,2024-05-14 00:00:00-04:00,213.84417358506028,217.17287159630712,210.0570249413265,217.00344848632807,1951000,0.0,0.0,1.9429793219345681
440,2024-05-15 00:00:00-04:00,219.39533612779303,223.9598452764081,219.0166166800507,222.5546112060547,2682200,0.0,0.0,2.558098849786883
441,2024-05-16 00:00:00-04:00,222.97318611404384,224.0395739333015,215.5085322079333,215.60818481445312,3539800,0.0,0.0,-3.1212233051285287
442,2024-05-17 00:00:00-04:00,215.62812061965425,216.97555220335195,209.1999420467733,212.3891143798828,3057300,0.0,0.0,-1.4930186613001606
443,2024-05-20 00:00:00-04:00,213.22626183742744,214.5119066315172,210.43573044048543,214.3424835205078,2326200,0.0,0.0,0.9197124562284165
444,2024-05-21 00:00:00-04:00,215.19956141542548,221.91676733986745,214.7710232855747,221.8370361328125,1881100,0.0,0.0,3.4965315737734315
445,2024-05-22 00:00:00-04:00,221.3487066248193,223.6459021833195,217.1230438323718,219.3654327392578,1573700,0.0,0.0,-1.1141527296979148
446,2024-05-23 00:00:00-04:00,223.0230128909754,227.27857291911172,219.99330306194665,220.4118804931641,2658300,0.0,0.0,0.47703402529699623
447,2024-05-24 00:00:00-04:00,222.55460755636705,235.5006718002109,220.89025848479463,229.849853515625,2670600,0.0,0.0,4.28197109944517
448,2024-05-28 00:00:00-04:00,231.95271479798797,233.98580738937773,221.0696557574556,230.48768615722656,2602200,0.0,0.0,0.277499694624872
449,2024-05-29 00:00:00-04:00,226.35836881749168,228.454470584214,218.48303853516845,220.32960510253903,3809400,0.353,0.0,-4.407212039847641
450,2024-05-30 00:00:00-04:00,221.91664810178537,224.87113637017484,219.59097818697293,224.5417633056641,2040800,0.0,0.0,1.9117531668813914
451,2024-05-31 00:00:00-04:00,223.64342087403932,224.06263817425912,207.6132823737773,216.84608459472656,5618300,0.0,0.0,-3.427281676977645
452,2024-06-03 00:00:00-04:00,215.09934779042456,216.7961841468636,203.6706383901032,207.872802734375,4922600,0.0,0.0,-4.138088025486897
453,2024-06-04 00:00:00-04:00,206.60517741774612,208.11236459927875,196.47403877981677,202.7623291015625,4666700,0.0,0.0,-2.458461888996022
454,2024-06-05 00:00:00-04:00,204.1098134407452,212.45427096485832,204.06987928053843,208.94081115722656,4502200,0.0,0.0,3.0471548058462528
455,2024-06-06 00:00:00-04:00,209.110492910086,209.4199141142791,195.8452086769835,202.22332763671875,4842100,0.0,0.0,-3.215017441208723
456,2024-06-07 00:00:00-04:00,201.70429807380336,203.6207266142874,197.15277838635123,197.6318817138672,4558700,0.0,0.0,-2.2704828253542586
457,2024-06-10 00:00:00-04:00,199.15903958935297,214.37071139772243,197.76364369759924,214.23097229003903,5719600,0.0,0.0,8.398994348596101
458,2024-06-11 00:00:00-04:00,210.76741320201452,219.1517897589866,210.0587265386192,217.90411376953125,3701900,0.0,0.0,1.7145706991980925
459,2024-06-12 00:00:00-04:00,220.85861827851144,221.3576886766992,211.7555638588819,217.72445678710935,3137900,0.0,0.0,-0.08244772405349154
460,2024-06-13 00:00:00-04:00,219.90040129004336,219.95031137705317,213.7219071865719,219.52110290527344,2238200,0.0,0.0,0.8251926056799697
461,2024-06-14 00:00:00-04:00,218.3932161296476,218.46307806776247,210.56779569639664,214.50045776367188,2373800,0.0,0.0,-2.2870899768429265
462,2024-06-17 00:00:00-04:00,213.4723753800024,214.32080118141295,208.32198024960323,211.62582397460935,3321100,0.0,0.0,-1.3401527526014312
463,2024-06-18 00:00:00-04:00,212.39437050036076,220.78873814018465,208.72621530739295,220.00021362304688,2714700,0.0,0.0,3.9571681239820133
464,2024-06-20 00:00:00-04:00,223.4038851214078,227.34653830511863,218.882293205378,221.8966827392578,3075100,0.0,0.0,0.8620305794158956
465,2024-06-21 00:00:00-04:00,222.58539759172345,224.162461877647,215.33890089298885,217.72445678710935,5513400,0.0,0.0,-1.880256117686574
466,2024-06-24 00:00:00-04:00,217.59470369635503,220.4394111900582,214.9506265328544,215.6982421875,2474100,0.0,0.0,-0.9306325203468413
467,2024-06-25 00:00:00-04:00,216.0974916353536,222.04641773695437,213.78179757835903,221.95657348632807,2305100,0.0,0.0,2.9014289756649436
468,2024-06-26 00:00:00-04:00,220.1599255359415,221.7868846978092,207.06430776611512,209.9189910888672,4237000,0.0,0.0,-5.4233953103454136
469,2024-06-27 00:00:00-04:00,207.20405001215116,207.53343831174269,200.88581676817537,204.39927673339844,4733600,0.0,0.0,-2.629449735270517
470,2024-06-28 00:00:00-04:00,204.8683961471692,206.914587802762,199.06920062245263,199.8976593017578,10579100,0.0,0.0,-2.202364657832012
471,2024-07-01 00:00:00-04:00,207.8029390203585,213.192893337196,202.7623248510379,204.6687774658203,4168400,0.0,0.0,2.386780405897704
472,2024-07-02 00:00:00-04:00,203.08173762471523,211.4062283953486,202.72240632085376,205.7667236328125,1905300,0.0,0.0,0.5364502493183432
473,2024-07-03 00:00:00-04:00,204.92828344485648,212.03504100586895,201.63441578716237,209.679443359375,1612700,0.0,0.0,1.9015318208325471
474,2024-07-05 00:00:00-04:00,209.6095760405012,212.36443927122497,207.68317153320697,210.8971710205078,1601600,0.0,0.0,0.5807568169883481
475,2024-07-08 00:00:00-04:00,211.4361752857032,216.02761399670288,210.8572517727123,215.32891845703125,1634400,0.0,0.0,2.1013783234164363
476,2024-07-09 00:00:00-04:00,216.63648090014271,221.95657339732935,214.6601663043074,215.5585021972656,1773200,0.0,0.0,0.10662002200143572
477,2024-07-10 00:00:00-04:00,217.77435193598475,219.55105656791287,213.34261958765987,219.14181518554688,2584300,0.0,0.0,1.6623389714417458
478,2024-07-11 00:00:00-04:00,219.15178802204076,220.13296211817888,214.78991767121036,216.4368438720703,2438200,0.0,0.0,-1.234347407036973
479,2024-07-12 00:00:00-04:00,215.85792880981043,220.72886089777168,211.91229044430185,216.73629760742188,1760700,0.0,0.0,0.1383561735582184
480,2024-07-15 00:00:00-04:00,216.5965577124547,219.24162479050784,211.2445271286107,212.48422241210935,2164300,0.0,0.0,-1.961865752184433
481,2024-07-16 00:00:00-04:00,213.74187840693983,214.61025606213056,203.68061693381048,204.4990997314453,4049600,0.0,0.0,-3.7579838117001607
482,2024-07-17 00:00:00-04:00,201.7542001252566,202.6824637372492,185.4246164046021,186.32293701171875,6748700,0.0,0.0,-8.888138257623668
483,2024-07-18 00:00:00-04:00,190.0160598993693,192.48146890258815,177.73894019995694,186.9318084716797,5484900,0.0,0.0,0.3267828801575057
484,2024-07-19 00:00:00-04:00,187.6704400589117,189.58686859359105,186.0534415840103,188.94805908203125,2827000,0.0,0.0,1.0786022062462486
485,2024-07-22 00:00:00-04:00,191.88260266317656,196.4540895880255,188.25934650061436,190.06597900390625,1868800,0.0,0.0,0.591654620484694
486,2024-07-23 00:00:00-04:00,189.31737316712585,191.80474455136212,187.94992507653905,189.5169982910156,1856600,0.0,0.0,-0.28883691640542164
487,2024-07-24 00:00:00-04:00,187.9399334042952,187.9399334042952,174.3752029471303,174.75450134277344,4910100,0.0,0.0,-7.789537129315116
488,2024-07-25 00:00:00-04:00,176.3714757216096,176.51121482392352,165.56160906626187,170.11312866210938,5542000,0.0,0.0,-2.6559388427770503
489,2024-07-26 00:00:00-04:00,176.21176498932402,176.740793609875,171.1212561961006,174.7145538330078,3469300,0.0,0.0,2.7049206649053525
490,2024-07-29 00:00:00-04:00,175.7226926401691,176.820638392877,170.80984649776912,172.35894775390625,2100100,0.0,0.0,-1.34825979142702
491,2024-07-30 00:00:00-04:00,173.14748507680773,174.704582281487,165.4418369143109,168.37637329101562,3517100,0.0,0.0,-2.310628206304055
492,2024-07-31 00:00:00-04:00,192.9206540412299,196.1346686595813,182.65976775930477,189.44712829589844,7483700,0.0,0.0,12.514080564299167
493,2024-08-01 00:00:00-04:00,187.94193388297072,193.90881638369237,176.2916222250902,177.2398681640625,4482100,0.0,0.0,-6.4436237390568145
494,2024-08-02 00:00:00-04:00,174.14562316065968,175.00402484095065,161.13785482656849,166.7693634033203,6099200,0.0,0.0,-5.907533597943182
495,2024-08-05 00:00:00-04:00,155.9495228843624,172.43879780857353,155.31071338645617,169.65399169921875,5430800,0.0,0.0,1.7297111633880702
496,2024-08-06 00:00:00-04:00,173.31716399683057,183.4882209564783,168.07692491492693,180.70339965820312,6322100,0.0,0.0,6.512907741406981
497,2024-08-07 00:00:00-04:00,189.73659052461687,189.73659052461687,176.5711102760124,179.32598876953125,6154900,0.0,0.0,-0.7622495709971311
498,2024-08-08 00:00:00-04:00,182.90931030893032,187.2811720948238,176.09200649268504,186.68228149414065,3338800,0.0,0.0,4.102189969834025
499,2024-08-09 00:00:00-04:00,186.7321920212644,189.74658165238853,182.72965269623856,189.5169982910156,3204000,0.0,0.0,1.5184712626109098
500,2024-08-12 00:00:00-04:00,190.0,190.8300018310547,183.6999969482422,187.3300018310547,2232300,0.353,0.0,-1.1539843284150364
501,2024-08-13 00:00:00-04:00,189.33999633789065,190.8500061035156,187.07000732421875,189.41000366210935,2349000,0.0,0.0,1.1103410082334397
502,2024-08-14 00:00:00-04:00,188.9600067138672,189.88999938964844,182.2100067138672,186.1499938964844,2327600,0.0,0.0,-1.7211391703684797
