,Unnamed: 0,Date,Open,High,Low,Close,Volume,Dividends,Stock Splits,Return (%)
0,170,2021-08-16 04:00:00+00:00,151.99000549316406,152.02999877929688,144.89999389648438,148.57000732421875,7715200,0.0,0.0,0.0
1,171,2021-08-17 04:00:00+00:00,145.0,148.1999969482422,143.5800018310547,143.89999389648438,7855100,0.0,0.0,-3.1433083378283655
2,172,2021-08-18 04:00:00+00:00,144.02000427246094,148.67999267578125,141.6999969482422,146.74000549316406,5190100,0.0,0.0,1.97360091531531
3,173,2021-08-19 04:00:00+00:00,143.79100036621094,145.27999877929688,141.9199981689453,142.64999389648438,4732400,0.0,0.0,-2.787250540801034
4,174,2021-08-20 04:00:00+00:00,142.0,143.94900512695312,141.5,143.6999969482422,2996200,0.0,0.0,0.7360694684079405
5,175,2021-08-23 04:00:00+00:00,144.89999389648438,147.6300048828125,144.14999389648438,146.7899932861328,4727400,0.0,0.0,2.1503106496262303
6,176,2021-08-24 04:00:00+00:00,147.0,161.97999572753906,146.5,161.4199981689453,22096800,0.0,0.0,9.966622761740119
7,177,2021-08-25 04:00:00+00:00,158.76400756835938,163.0590057373047,158.0,160.35000610351562,7267700,0.0,0.0,-0.662862146925447
8,178,2021-08-26 04:00:00+00:00,159.33999633789062,159.5,151.4499969482422,152.72999572753906,7243000,0.0,0.0,-4.752111060761289
9,179,2021-08-27 04:00:00+00:00,152.25100708007812,156.44000244140625,151.4499969482422,154.17999267578125,4818800,0.0,0.0,0.9493858369700403
10,180,2021-08-30 04:00:00+00:00,154.41000366210938,157.49000549316406,151.9199981689453,156.02000427246094,3968700,0.0,0.0,1.1934178778623794
11,181,2021-08-31 04:00:00+00:00,155.94000244140625,158.14999389648438,153.5800018310547,154.99000549316406,7404000,0.0,0.0,-0.660170972369778
12,182,2021-09-01 04:00:00+00:00,154.83999633789062,158.63999938964844,154.2899932861328,156.58999633789062,4324700,0.0,0.0,1.0323187225108832
13,183,2021-09-02 04:00:00+00:00,156.5,159.4600067138672,156.5,157.1999969482422,3301000,0.0,0.0,0.3895527330081139
14,184,2021-09-03 04:00:00+00:00,158.0500030517578,160.63999938964844,157.1999969482422,158.0,4456400,0.0,0.0,0.5089078036186079
15,185,2021-09-07 04:00:00+00:00,159.72000122070312,165.73500061035156,159.5500030517578,165.0,11008800,0.0,0.0,4.430379746835444
16,186,2021-09-08 04:00:00+00:00,163.22999572753906,166.5500030517578,161.60000610351562,163.92999267578125,5866500,0.0,0.0,-0.6484892874053072
17,187,2021-09-09 04:00:00+00:00,163.0,166.97000122070312,160.8300018310547,166.0,5935800,0.0,0.0,1.2627386181324196
18,188,2021-09-10 04:00:00+00:00,166.9499969482422,168.23599243164062,165.00999450683594,165.1999969482422,3985300,0.0,0.0,-0.48192954925169174
19,189,2021-09-13 04:00:00+00:00,160.25,162.99000549316406,154.7899932861328,160.32000732421875,7520900,0.0,0.0,-2.9539889310968626
20,190,2021-09-14 04:00:00+00:00,160.66000366210938,164.6999969482422,159.41000366210938,163.3000030517578,4655500,0.0,0.0,1.8587796852532312
21,191,2021-09-15 04:00:00+00:00,162.32000732421875,166.6300048828125,160.49000549316406,166.3699951171875,5656000,0.0,0.0,1.8799706111803705
22,192,2021-09-16 04:00:00+00:00,165.25999450683594,169.4499969482422,165.0399932861328,168.14999389648438,6094800,0.0,0.0,1.0699037275580192
23,193,2021-09-17 04:00:00+00:00,169.3000030517578,170.0,163.61000061035156,166.58999633789062,20024700,0.0,0.0,-0.9277416682834438
24,194,2021-09-20 04:00:00+00:00,162.24000549316406,166.5399932861328,159.44500732421875,161.63999938964844,6846800,0.0,0.0,-2.9713650621626897
25,195,2021-09-21 04:00:00+00:00,164.0,170.00999450683594,162.9600067138672,169.2899932861328,8592500,0.0,0.0,4.732735662812848
26,196,2021-09-22 04:00:00+00:00,170.0290069580078,171.80999755859375,167.37100219726562,169.9600067138672,4353600,0.0,0.0,0.39577851869951886
27,197,2021-09-23 04:00:00+00:00,171.5500030517578,176.0,170.5,175.1300048828125,5370800,0.0,0.0,3.041891012424558
28,198,2021-09-24 04:00:00+00:00,174.52999877929688,176.9600067138672,173.61000061035156,175.8800048828125,4084900,0.0,0.0,0.428253285610225
29,199,2021-09-27 04:00:00+00:00,175.0,176.31900024414062,172.02000427246094,174.25999450683594,3551400,0.0,0.0,-0.9210884301805389
30,200,2021-09-28 04:00:00+00:00,172.51600646972656,173.55999755859375,166.89999389648438,168.5800018310547,4362800,0.0,0.0,-3.259493202588404
31,201,2021-09-29 04:00:00+00:00,170.10000610351562,171.2209930419922,166.5500030517578,168.07000732421875,2788700,0.0,0.0,-0.3025237283761806
32,202,2021-09-30 04:00:00+00:00,168.10000610351562,169.5,165.7100067138672,167.75,2662500,0.0,0.0,-0.19040120799270754
33,203,2021-10-01 04:00:00+00:00,170.30999755859375,173.1999969482422,168.5500030517578,173.00999450683594,4963000,0.0,0.0,3.135615205267328
34,204,2021-10-04 04:00:00+00:00,171.99000549316406,172.25999450683594,164.02999877929688,164.5,4459400,0.0,0.0,-4.9187878024582465
35,205,2021-10-05 04:00:00+00:00,165.6699981689453,166.58999633789062,162.42999267578125,164.74000549316406,4340100,0.0,0.0,0.14589999584442293
36,206,2021-10-06 04:00:00+00:00,161.38999938964844,167.32000732421875,160.6300048828125,167.25,2461500,0.0,0.0,1.5236095806371086
37,207,2021-10-07 04:00:00+00:00,170.0,171.27000427246094,168.60000610351562,169.60000610351562,2119600,0.0,0.0,1.4050858615938022
38,208,2021-10-08 04:00:00+00:00,170.10000610351562,174.10000610351562,169.47999572753906,169.97000122070312,2265100,0.0,0.0,0.2181574904907002
39,209,2021-10-11 04:00:00+00:00,170.0,171.5399932861328,166.6300048828125,166.6699981689453,2046300,0.0,0.0,-1.9415208731291433
40,210,2021-10-12 04:00:00+00:00,172.69400024414062,175.89999389648438,171.22999572753906,172.75,6028100,0.0,0.0,3.6479281801465424
41,211,2021-10-13 04:00:00+00:00,173.0,175.19000244140625,171.8000030517578,173.5800018310547,3521900,0.0,0.0,0.4804641569057466
42,212,2021-10-14 04:00:00+00:00,175.24000549316406,176.75,170.0399932861328,170.5,4139400,0.0,0.0,-1.774399008275418
43,213,2021-10-15 04:00:00+00:00,171.89999389648438,172.9499969482422,168.5800018310547,169.17999267578125,3592700,0.0,0.0,-0.7741978441165642
44,214,2021-10-18 04:00:00+00:00,167.5,172.6999969482422,167.11000061035156,172.32000732421875,2793700,0.0,0.0,1.856020087703314
45,215,2021-10-19 04:00:00+00:00,172.57000732421875,172.80999755859375,170.05999755859375,170.74000549316406,2776600,0.0,0.0,-0.9168998165615894
46,216,2021-10-20 04:00:00+00:00,170.05999755859375,171.94000244140625,168.1999969482422,169.75999450683594,2687000,0.0,0.0,-0.5739785374244688
47,217,2021-10-21 04:00:00+00:00,169.07400512695312,171.52999877929688,167.6999969482422,170.5,2889400,0.0,0.0,0.4359127692680653
48,218,2021-10-22 04:00:00+00:00,169.3000030517578,169.44000244140625,165.16000366210938,166.63999938964844,2986000,0.0,0.0,-2.263929976745782
49,219,2021-10-25 04:00:00+00:00,166.69000244140625,170.32899475097656,166.64999389648438,169.24000549316406,2620800,0.0,0.0,1.5602533083525216
50,220,2021-10-26 04:00:00+00:00,170.39999389648438,172.0,167.89999389648438,171.13999938964844,2937900,0.0,0.0,1.1226623935326696
51,221,2021-10-27 04:00:00+00:00,170.74000549316406,172.64999389648438,168.8800048828125,169.10000610351562,3009800,0.0,0.0,-1.1920026255745064
52,222,2021-10-28 04:00:00+00:00,170.1999969482422,171.85000610351562,168.7100067138672,171.6999969482422,2143700,0.0,0.0,1.5375462749155355
53,223,2021-10-29 04:00:00+00:00,171.38999938964844,171.38999938964844,168.8489990234375,170.66000366210938,2294400,0.0,0.0,-0.6057037301208101
54,224,2021-11-01 04:00:00+00:00,170.5,175.44000244140625,170.5,174.60000610351562,4401100,0.0,0.0,2.308685313992531
55,225,2021-11-02 04:00:00+00:00,174.9499969482422,175.3000030517578,170.5800018310547,172.8699951171875,3292100,0.0,0.0,-0.9908424546689054
56,226,2021-11-03 04:00:00+00:00,171.88999938964844,173.75,170.92999267578125,172.8699951171875,2827100,0.0,0.0,0.0
57,227,2021-11-04 04:00:00+00:00,175.9499969482422,179.43499755859375,173.9600067138672,178.4499969482422,9664600,0.0,0.0,3.227860235243285
58,228,2021-11-05 04:00:00+00:00,186.1499938964844,203.2949981689453,185.94400024414065,201.6199951171875,27330500,0.0,0.0,12.984028335772724
59,229,2021-11-08 05:00:00+00:00,203.3500061035156,211.33599853515625,199.75,200.32000732421875,12855300,0.0,0.0,-0.6447712649795267
60,230,2021-11-09 05:00:00+00:00,201.44000244140625,201.5,187.5,194.67999267578125,9056100,0.0,0.0,-2.8155024172443865
61,231,2021-11-10 05:00:00+00:00,190.22999572753903,195.0,189.27999877929688,192.22000122070312,6704100,0.0,0.0,-1.2636077396894985
62,232,2021-11-11 05:00:00+00:00,195.1999969482422,197.92999267578125,190.7700042724609,191.6100006103516,5899000,0.0,0.0,-0.31734502469966674
63,233,2021-11-12 05:00:00+00:00,192.46499633789065,208.1600036621093,192.0599975585937,206.5399932861328,12057800,0.0,0.0,7.791865053088798
64,234,2021-11-15 05:00:00+00:00,206.1999969482422,209.2400054931641,204.1600036621093,207.2100067138672,7479300,0.0,0.0,0.32439888133730665
65,235,2021-11-16 05:00:00+00:00,205.58999633789065,209.92999267578125,203.47000122070312,207.0399932861328,4431300,0.0,0.0,-0.08204885006791729
66,236,2021-11-17 05:00:00+00:00,207.0,212.58399963378903,198.3999938964844,199.1100006103516,6383400,0.0,0.0,-3.830174330049285
67,237,2021-11-18 05:00:00+00:00,199.33999633789065,205.0,196.0,204.3300018310547,4597700,0.0,0.0,2.6216670205924997
68,238,2021-11-19 05:00:00+00:00,196.6000061035156,199.3600006103516,190.5,196.4199981689453,8181900,0.0,0.0,-3.8711905208367647
69,239,2021-11-22 05:00:00+00:00,190.44000244140625,190.759994506836,176.72000122070312,181.72999572753903,12619800,0.0,0.0,-7.478873117986218
70,240,2021-11-23 05:00:00+00:00,181.1430053710937,183.72999572753903,175.25,178.27000427246094,6451900,0.0,0.0,-1.9039187456238782
71,241,2021-11-24 05:00:00+00:00,175.6300048828125,182.77999877929688,175.0,179.88999938964844,4763300,0.0,0.0,0.9087311821183164
72,242,2021-11-26 05:00:00+00:00,167.75999450683594,174.63999938964844,167.0399932861328,173.86000061035156,6044100,0.0,0.0,-3.3520478068576054
73,243,2021-11-29 05:00:00+00:00,176.8800048828125,180.6999969482422,175.89999389648438,180.0800018310547,5317400,0.0,0.0,3.5775918548643926
74,244,2021-11-30 05:00:00+00:00,176.40499877929688,180.63999938964844,170.92100524902344,172.5399932861328,10682700,0.0,0.0,-4.187032690057202
75,245,2021-12-01 05:00:00+00:00,174.00999450683594,180.1300048828125,162.02999877929688,163.0800018310547,7645700,0.0,0.0,-5.482781861124852
76,246,2021-12-02 05:00:00+00:00,161.36000061035156,170.2949981689453,160.49000549316406,169.60000610351562,5687600,0.0,0.0,3.998040347838261
77,247,2021-12-03 05:00:00+00:00,168.97999572753906,170.72999572753906,162.13999938964844,166.75,6460900,0.0,0.0,-1.6804280665981386
78,248,2021-12-06 05:00:00+00:00,167.27499389648438,181.92999267578125,162.85000610351562,180.8500061035156,9813800,0.0,0.0,8.455775774222252
79,249,2021-12-07 05:00:00+00:00,185.6100006103516,187.5,182.0200042724609,183.13999938964844,6264600,0.0,0.0,1.266238987474555
80,250,2021-12-08 05:00:00+00:00,186.0,187.5,182.13999938964844,186.4900054931641,4218700,0.0,0.0,1.8292050424157713
81,251,2021-12-09 05:00:00+00:00,182.08999633789065,185.302001953125,179.27999877929688,181.4600067138672,3518000,0.0,0.0,-2.6971948260687273
82,252,2021-12-10 05:00:00+00:00,178.14999389648438,181.1000061035156,175.85400390625,180.4199981689453,3980400,0.0,0.0,-0.573133752034849
83,253,2021-12-13 05:00:00+00:00,178.25,180.0,168.88999938964844,171.0399932861328,7263700,0.0,0.0,-5.198982916532935
84,254,2021-12-14 05:00:00+00:00,168.29800415039062,169.91000366210938,164.5,167.9600067138672,5660400,0.0,0.0,-1.800740583001026
85,255,2021-12-15 05:00:00+00:00,167.63999938964844,168.9600067138672,160.17999267578125,168.13999938964844,6678500,0.0,0.0,0.10716400844630325
86,256,2021-12-16 05:00:00+00:00,166.25,167.72999572753906,153.60000610351562,156.3800048828125,9415100,0.0,0.0,-6.994168282101199
87,257,2021-12-17 05:00:00+00:00,154.6199951171875,158.30999755859375,149.44000244140625,157.91000366210938,24062400,0.0,0.0,0.9783851717126035
88,258,2021-12-20 05:00:00+00:00,151.16000366210938,158.47999572753906,151.0,157.22999572753906,4639300,0.0,0.0,-0.43063005433485735
89,259,2021-12-21 05:00:00+00:00,159.5,167.27499389648438,158.3699951171875,165.66000366210938,6293500,0.0,0.0,5.36157741120753
90,260,2021-12-22 05:00:00+00:00,165.67999267578125,170.67999267578125,162.8000030517578,169.2899932861328,4802500,0.0,0.0,2.1912287479042947
91,261,2021-12-23 05:00:00+00:00,170.5,171.99000549316406,166.88999938964844,171.30999755859375,4017400,0.0,0.0,1.193221308153003
92,262,2021-12-27 05:00:00+00:00,169.80599975585938,172.42999267578125,168.77999877929688,171.67999267578125,2725200,0.0,0.0,0.21597987418155995
93,263,2021-12-28 05:00:00+00:00,171.32000732421875,172.72999572753906,167.72999572753906,169.7100067138672,2292600,0.0,0.0,-1.147475562650091
94,264,2021-12-29 05:00:00+00:00,169.52000427246094,170.47999572753906,165.02000427246094,167.44000244140625,1995400,0.0,0.0,-1.3375783293015808
95,265,2021-12-30 05:00:00+00:00,167.05999755859375,170.85000610351562,165.7100067138672,168.77999877929688,2181100,0.0,0.0,0.8002844710657042
96,266,2021-12-31 05:00:00+00:00,168.77999877929688,170.8699951171875,166.0800018310547,166.49000549316406,2596000,0.0,0.0,-1.3567918608219043
97,267,2022-01-03 05:00:00+00:00,165.2969970703125,172.83999633789062,165.22000122070312,172.67999267578125,4224900,0.0,0.0,3.717933196219003
98,268,2022-01-04 05:00:00+00:00,174.1540069580078,175.89999389648438,167.1999969482422,170.8000030517578,4080000,0.0,0.0,-1.0887130552253654
99,269,2022-01-05 05:00:00+00:00,169.88299560546875,175.10699462890625,162.24000549316406,162.25,4804600,0.0,0.0,-5.005856498238403
100,270,2022-01-06 05:00:00+00:00,160.2899932861328,163.72999572753906,156.33999633789062,159.75,5049600,0.0,0.0,-1.5408320493066285
101,271,2022-01-07 05:00:00+00:00,159.17999267578125,166.8800048828125,158.4550018310547,166.0500030517578,5624600,0.0,0.0,3.9436638821645165
102,272,2022-01-10 05:00:00+00:00,159.75999450683594,161.6999969482422,152.10000610351562,160.7100067138672,6973600,0.0,0.0,-3.2158965611257195
103,273,2022-01-11 05:00:00+00:00,160.7100067138672,169.38999938964844,159.0780029296875,168.61000061035156,5331600,0.0,0.0,4.915682637329333
104,274,2022-01-12 05:00:00+00:00,170.24000549316406,171.0399932861328,165.11000061035156,169.5399932861328,3534300,0.0,0.0,0.5515643629765643
105,275,2022-01-13 05:00:00+00:00,170.23300170898438,171.99000549316406,165.76499938964844,166.0,4893800,0.0,0.0,-2.087998953826997
106,276,2022-01-14 05:00:00+00:00,165.75,167.6300048828125,160.24000549316406,163.99000549316406,4144000,0.0,0.0,-1.2108400643589978
107,277,2022-01-18 05:00:00+00:00,156.91000366210938,160.7899932861328,153.8699951171875,154.69000244140625,5775400,0.0,0.0,-5.6710791757034755
108,278,2022-01-19 05:00:00+00:00,157.0,160.22999572753906,154.44000244140625,154.5800018310547,5127400,0.0,0.0,-0.07111035530122933
109,279,2022-01-20 05:00:00+00:00,157.80799865722656,165.1999969482422,157.35000610351562,158.0,4941900,0.0,0.0,2.212445418834408
110,280,2022-01-21 05:00:00+00:00,156.81500244140625,160.1999969482422,152.41000366210938,156.72999572753906,7242300,0.0,0.0,-0.8038001724436361
111,281,2022-01-24 05:00:00+00:00,150.0,151.16000366210938,135.75999450683594,147.89999389648438,14606600,0.0,0.0,-5.633894003547891
112,282,2022-01-25 05:00:00+00:00,143.89999389648438,147.3800048828125,140.1300048828125,144.55999755859375,5704900,0.0,0.0,-2.2582802405173186
113,283,2022-01-26 05:00:00+00:00,149.28500366210938,152.39999389648438,140.04100036621094,142.13999938964844,6990300,0.0,0.0,-1.6740441407135709
114,284,2022-01-27 05:00:00+00:00,143.47999572753906,145.54800415039062,137.9199981689453,138.41000366210938,4493800,0.0,0.0,-2.6241703556744933
115,285,2022-01-28 05:00:00+00:00,138.5449981689453,143.11000061035156,134.37399291992188,142.77000427246094,5604400,0.0,0.0,3.150061769375667
116,286,2022-01-31 05:00:00+00:00,144.80299377441406,153.97000122070312,143.80999755859375,153.97000122070312,5463000,0.0,0.0,7.84478294675135
117,287,2022-02-01 05:00:00+00:00,155.35000610351562,157.38999938964844,152.5,156.94000244140625,3799300,0.0,0.0,1.9289479750317584
118,288,2022-02-02 05:00:00+00:00,156.31300354003906,156.50999450683594,150.71200561523438,151.75999450683594,3678300,0.0,0.0,-3.300629446915093
119,289,2022-02-03 05:00:00+00:00,147.97000122070312,152.17999267578125,146.67999267578125,149.57000732421875,4577100,0.0,0.0,-1.4430596085179381
120,290,2022-02-04 05:00:00+00:00,150.13999938964844,157.24000549316406,150.0,155.55999755859375,4687700,0.0,0.0,4.004807074315808
121,291,2022-02-07 05:00:00+00:00,156.7899932861328,160.8800048828125,155.9499969482422,157.91000366210938,4690700,0.0,0.0,1.510675070967693
122,292,2022-02-08 05:00:00+00:00,154.0,163.07899475097656,153.44000244140625,162.25999450683594,4309100,0.0,0.0,2.7547278474101766
123,293,2022-02-09 05:00:00+00:00,165.3699951171875,170.07000732421875,165.0800018310547,169.52999877929688,4868300,0.0,0.0,4.480466238493963
124,294,2022-02-10 05:00:00+00:00,165.2449951171875,177.05999755859375,165.2449951171875,171.9499969482422,8261400,0.0,0.0,1.4274748931578651
125,295,2022-02-11 05:00:00+00:00,175.3090057373047,176.74000549316406,164.8300018310547,166.52999877929688,6464400,0.0,0.0,-3.152078083826171
126,296,2022-02-14 05:00:00+00:00,166.6300048828125,171.8000030517578,165.02999877929688,169.66000366210938,4847600,0.0,0.0,1.87954416967282
127,297,2022-02-15 05:00:00+00:00,172.9199981689453,180.6320037841797,172.75,180.07000732421875,11733900,0.0,0.0,6.1358030398500185
128,298,2022-02-16 05:00:00+00:00,178.2949981689453,191.72999572753903,178.0,186.63999938964844,22252900,0.0,0.0,3.6485765525628766
129,299,2022-02-17 05:00:00+00:00,184.8999938964844,188.97999572753903,181.5399932861328,183.6000061035156,7779200,0.0,0.0,-1.6288005229716296
130,300,2022-02-18 05:00:00+00:00,180.259994506836,182.6600036621093,173.6199951171875,174.89999389648438,8848800,0.0,0.0,-4.738568582686242
131,301,2022-02-22 05:00:00+00:00,172.1300048828125,176.3800048828125,161.32000732421875,165.24000549316406,8392600,0.0,0.0,-5.523149651473192
132,302,2022-02-23 05:00:00+00:00,165.92999267578125,166.65499877929688,149.85000610351562,150.0399932861328,9778500,0.0,0.0,-9.198748306541338
133,303,2022-02-24 05:00:00+00:00,141.3000030517578,158.9600067138672,141.17999267578125,158.25999450683594,10354600,0.0,0.0,5.47854011498603
134,304,2022-02-25 05:00:00+00:00,159.25999450683594,159.4499969482422,152.91000366210938,155.08999633789062,6173200,0.0,0.0,-2.003031896230978
135,305,2022-02-28 05:00:00+00:00,155.02499389648438,155.0959930419922,148.3000030517578,151.49000549316406,11078500,0.0,0.0,-2.3212269841591526
136,306,2022-03-01 05:00:00+00:00,150.52999877929688,154.22000122070312,149.9499969482422,151.00999450683594,5165800,0.0,0.0,-0.3168598382219945
137,307,2022-03-02 05:00:00+00:00,152.47999572753906,158.0800018310547,151.88999938964844,157.52999877929688,5028300,0.0,0.0,4.317597847582055
138,308,2022-03-03 05:00:00+00:00,158.3300018310547,159.22000122070312,150.99000549316406,151.69000244140625,4045800,0.0,0.0,-3.7072280728400187
139,309,2022-03-04 05:00:00+00:00,150.77000427246094,151.88999938964844,140.4600067138672,142.6999969482422,8390800,0.0,0.0,-5.926564274818746
140,310,2022-03-07 05:00:00+00:00,145.0,145.27000427246094,131.52000427246094,131.58999633789062,9177300,0.0,0.0,-7.785564714749926
141,311,2022-03-08 05:00:00+00:00,131.6300048828125,144.47000122070312,131.5,142.1300048828125,9587000,0.0,0.0,8.009733899420235
142,312,2022-03-09 05:00:00+00:00,145.42999267578125,150.99000549316406,145.3300018310547,148.30999755859375,7023900,0.0,0.0,4.348126689277687
143,313,2022-03-10 05:00:00+00:00,145.22000122070312,152.88999938964844,144.40899658203125,151.8000030517578,5302500,0.0,0.0,2.353182894352912
144,314,2022-03-11 05:00:00+00:00,154.1300048828125,155.0,145.0,145.13999938964844,4577300,0.0,0.0,-4.387354102910379
145,315,2022-03-14 04:00:00+00:00,143.41000366210938,144.6699981689453,136.0399932861328,138.5,6330200,0.0,0.0,-4.574892805271713
146,316,2022-03-15 04:00:00+00:00,140.0,144.72999572753906,138.32000732421875,143.9499969482422,5488700,0.0,0.0,3.9350158471062713
147,317,2022-03-16 04:00:00+00:00,148.14500427246094,156.97999572753906,146.30999755859375,155.75,7105400,0.0,0.0,8.197293019742503
148,318,2022-03-17 04:00:00+00:00,153.7899932861328,157.60000610351562,151.0500030517578,157.5500030517578,5031700,0.0,0.0,1.1557001937449796
149,319,2022-03-18 04:00:00+00:00,156.07000732421875,167.17999267578125,155.6999969482422,167.0,8467500,0.0,0.0,5.998093789396952
150,320,2022-03-21 04:00:00+00:00,164.57000732421875,165.9499969482422,159.0,161.8000030517578,4584400,0.0,0.0,-3.113770627689938
151,321,2022-03-22 04:00:00+00:00,163.61000061035156,168.1750030517578,162.0,166.44000244140625,4099900,0.0,0.0,2.8677375167688757
152,322,2022-03-23 04:00:00+00:00,163.63999938964844,166.88999938964844,162.8800048828125,164.16000366210938,2814300,0.0,0.0,-1.3698622601856392
153,323,2022-03-24 04:00:00+00:00,164.80999755859375,171.0,162.66799926757812,170.8300018310547,4223500,0.0,0.0,4.063107955744316
154,324,2022-03-25 04:00:00+00:00,169.94000244140625,170.61000061035156,164.13400268554688,167.22000122070312,2952300,0.0,0.0,-2.113212299746814
155,325,2022-03-28 04:00:00+00:00,167.22000122070312,168.718994140625,162.42999267578125,167.64999389648438,3829800,0.0,0.0,0.25714189250227726
156,326,2022-03-29 04:00:00+00:00,172.11000061035156,178.8800048828125,171.80999755859375,175.52000427246094,5452800,0.0,0.0,4.694309968681476
157,327,2022-03-30 04:00:00+00:00,173.13099670410156,176.82000732421875,172.02000427246094,173.6300048828125,3707400,0.0,0.0,-1.0767999906805992
158,328,2022-03-31 04:00:00+00:00,173.5399932861328,176.14999389648438,171.16400146484375,171.75999450683594,3232200,0.0,0.0,-1.077008767717702
159,329,2022-04-01 04:00:00+00:00,173.05999755859375,177.94000244140625,172.22999572753906,173.07000732421875,3644900,0.0,0.0,0.7626996153232257
160,330,2022-04-04 04:00:00+00:00,175.02000427246094,177.02000427246094,172.5850067138672,177.02000427246094,3495700,0.0,0.0,2.282311654868363
161,331,2022-04-05 04:00:00+00:00,177.19000244140625,179.08999633789062,170.1199951171875,171.2100067138672,4065000,0.0,0.0,-3.2821135568674387
162,332,2022-04-06 04:00:00+00:00,167.0500030517578,168.77000427246094,161.5800018310547,164.66000366210938,4287700,0.0,0.0,-3.8257127474473074
163,333,2022-04-07 04:00:00+00:00,163.19000244140625,167.86000061035156,161.7100067138672,165.91000366210938,4146600,0.0,0.0,0.7591400292721096
164,334,2022-04-08 04:00:00+00:00,162.52000427246094,164.89999389648438,159.35000610351562,162.55999755859375,3448400,0.0,0.0,-2.019170652505209
165,335,2022-04-11 04:00:00+00:00,159.83999633789062,163.57000732421875,157.41000366210938,160.25,3877200,0.0,0.0,-1.4210122990197083
166,336,2022-04-12 04:00:00+00:00,163.6999969482422,166.11000061035156,157.27999877929688,160.11000061035156,4113000,0.0,0.0,-0.08736311366517313
167,337,2022-04-13 04:00:00+00:00,160.83999633789062,172.9600067138672,160.64999389648438,171.85000610351562,7211900,0.0,0.0,7.332462337399459
168,338,2022-04-14 04:00:00+00:00,171.66000366210938,174.63999938964844,170.2949981689453,170.6999969482422,5125100,0.0,0.0,-0.6691935492750045
169,339,2022-04-18 04:00:00+00:00,169.27000427246094,170.1199951171875,164.35000610351562,165.74000549316406,3339900,0.0,0.0,-2.9056775300248194
170,340,2022-04-19 04:00:00+00:00,165.74000549316406,170.82000732421875,165.7100067138672,170.1199951171875,2857100,0.0,0.0,2.642687027184931
171,341,2022-04-20 04:00:00+00:00,172.61000061035156,172.61000061035156,164.30999755859375,164.5500030517578,3997900,0.0,0.0,-3.2741548467555392
172,342,2022-04-21 04:00:00+00:00,168.97999572753906,170.92999267578125,156.67999267578125,157.91000366210938,4714600,0.0,0.0,-4.035247199333014
173,343,2022-04-22 04:00:00+00:00,157.83999633789062,161.6699981689453,154.77999877929688,156.08999633789062,3863400,0.0,0.0,-1.1525598644865687
174,344,2022-04-25 04:00:00+00:00,154.3300018310547,159.7899932861328,152.10000610351562,158.38999938964844,3868100,0.0,0.0,1.473510862783911
175,345,2022-04-26 04:00:00+00:00,158.39999389648438,159.1999969482422,152.8000030517578,153.0399932861328,4075000,0.0,0.0,-3.3777423600806378
176,346,2022-04-27 04:00:00+00:00,153.82000732421875,157.3000030517578,150.44000244140625,152.22999572753906,4826000,0.0,0.0,-0.5292718205229696
177,347,2022-04-28 04:00:00+00:00,154.00999450683594,161.2550048828125,153.66000366210938,159.74000549316406,4854500,0.0,0.0,4.9333311281611
178,348,2022-04-29 04:00:00+00:00,158.8800048828125,163.24000549316406,153.0,153.2100067138672,4033100,0.0,0.0,-4.087891921085685
179,349,2022-05-02 04:00:00+00:00,153.2100067138672,155.1300048828125,147.21099853515625,152.77999877929688,5945300,0.0,0.0,-0.28066569788316453
180,350,2022-05-03 04:00:00+00:00,154.08999633789062,154.49000549316406,141.5800018310547,145.0,16774700,0.0,0.0,-5.092288808390233
181,351,2022-05-04 04:00:00+00:00,152.5500030517578,158.74000549316406,145.8719940185547,156.17999267578125,20598100,0.0,0.0,7.710339776400854
182,352,2022-05-05 04:00:00+00:00,152.19000244140625,153.8800048828125,140.85800170898438,143.08999633789062,11367200,0.0,0.0,-8.381352895222982
183,353,2022-05-06 04:00:00+00:00,142.6999969482422,143.11000061035156,133.0399932861328,135.83999633789062,9573100,0.0,0.0,-5.066741341498082
184,354,2022-05-09 04:00:00+00:00,131.75999450683594,131.88499450683594,118.83000183105467,119.37000274658205,14430900,0.0,0.0,-12.124553912929182
185,355,2022-05-10 04:00:00+00:00,122.9499969482422,123.45999908447266,113.52999877929688,116.12999725341795,13638500,0.0,0.0,-2.7142543508543726
186,356,2022-05-11 04:00:00+00:00,114.52999877929688,123.7699966430664,112.36699676513672,116.1500015258789,13661400,0.0,0.0,0.017225758145245074
187,357,2022-05-12 04:00:00+00:00,113.66000366210938,120.48999786376952,111.22000122070312,115.94000244140624,9264300,0.0,0.0,-0.18079989816089936
188,358,2022-05-13 04:00:00+00:00,119.95999908447266,123.29000091552734,118.81999969482422,121.4499969482422,8595400,0.0,0.0,4.752453330006268
189,359,2022-05-16 04:00:00+00:00,121.0,121.06999969482422,113.25,114.44000244140624,7588400,0.0,0.0,-5.7719182239447715
190,360,2022-05-17 04:00:00+00:00,119.97000122070312,120.18000030517578,114.51000213623048,117.5,6962900,0.0,0.0,2.6738880577711344
191,361,2022-05-18 04:00:00+00:00,116.11000061035156,117.04000091552734,107.62000274658205,108.02999877929688,9718700,0.0,0.0,-8.059575506981387
192,362,2022-05-19 04:00:00+00:00,108.18000030517578,116.3499984741211,107.4499969482422,114.16999816894533,8926600,0.0,0.0,5.683605904867539
193,363,2022-05-20 04:00:00+00:00,115.45999908447266,116.25,108.5,112.5500030517578,6961900,0.0,0.0,-1.4189324193474295
194,364,2022-05-23 04:00:00+00:00,113.54499816894533,115.1500015258789,110.93000030517578,113.27999877929688,6000800,0.0,0.0,0.6485968083034033
195,365,2022-05-24 04:00:00+00:00,111.27999877929688,111.41999816894533,103.74099731445312,106.23999786376952,6415800,0.0,0.0,-6.214690140704693
196,366,2022-05-25 04:00:00+00:00,105.88999938964844,111.94000244140624,104.97000122070312,110.4000015258789,6203300,0.0,0.0,3.915666176352639
197,367,2022-05-26 04:00:00+00:00,109.73999786376952,115.5500030517578,108.11000061035156,114.3000030517578,6883200,0.0,0.0,3.5326100289633455
198,368,2022-05-27 04:00:00+00:00,116.0,120.6999969482422,115.7699966430664,120.5,7391500,0.0,0.0,5.424319144973855
199,369,2022-05-31 04:00:00+00:00,120.5,122.29900360107422,117.16000366210938,120.87000274658205,9117600,0.0,0.0,0.3070562212299066
200,370,2022-06-01 04:00:00+00:00,121.0500030517578,121.0739974975586,114.3949966430664,116.72000122070312,6879600,0.0,0.0,-3.433442071296944
201,371,2022-06-02 04:00:00+00:00,117.12999725341795,123.0,116.2699966430664,121.26000213623048,5166200,0.0,0.0,3.889651189210297
202,372,2022-06-03 04:00:00+00:00,118.0709991455078,121.5,117.55999755859376,119.83000183105467,4584600,0.0,0.0,-1.179284413643067
203,373,2022-06-06 04:00:00+00:00,123.33000183105467,124.18000030517578,119.91999816894533,122.0199966430664,4160200,0.0,0.0,1.8275847271531864
204,374,2022-06-07 04:00:00+00:00,119.76000213623048,123.91200256347656,119.12000274658205,122.9000015258789,3331200,0.0,0.0,0.7211972684991075
205,375,2022-06-08 04:00:00+00:00,121.43000030517578,125.51000213623048,121.2300033569336,123.7699966430664,3775600,0.0,0.0,0.7078886138209839
206,376,2022-06-09 04:00:00+00:00,122.30999755859376,122.9800033569336,115.41999816894533,115.72000122070312,5315900,0.0,0.0,-6.503995831540843
207,377,2022-06-10 04:00:00+00:00,111.8000030517578,115.12999725341795,108.31999969482422,108.91000366210938,6936900,0.0,0.0,-5.884892401276087
208,378,2022-06-13 04:00:00+00:00,102.8499984741211,105.33000183105467,98.36000061035156,98.93000030517578,9587300,0.0,0.0,-9.163532293962916
209,379,2022-06-14 04:00:00+00:00,99.54000091552734,101.3499984741211,97.20099639892578,98.87000274658205,5915300,0.0,0.0,-0.06064647569863357
210,380,2022-06-15 04:00:00+00:00,100.0199966430664,103.6500015258789,98.91999816894533,101.47000122070312,6260400,0.0,0.0,2.629714172037856
211,381,2022-06-16 04:00:00+00:00,96.19000244140624,97.5,92.08999633789062,93.26000213623048,9435700,0.0,0.0,-8.091060397856332
212,382,2022-06-17 04:00:00+00:00,93.52999877929688,100.61000061035156,93.52999877929688,99.48999786376952,11293100,0.0,0.0,6.680244032633098
213,383,2022-06-21 04:00:00+00:00,102.69000244140624,104.88899993896484,101.62000274658205,102.2699966430664,6532700,0.0,0.0,2.7942495114971377
214,384,2022-06-22 04:00:00+00:00,99.0,102.5,98.72000122070312,99.52999877929688,8986000,0.0,0.0,-2.679180555106919
215,385,2022-06-23 04:00:00+00:00,100.0,100.8000030517578,93.0199966430664,95.72000122070312,12340800,0.0,0.0,-3.8279891543475664
216,386,2022-06-24 04:00:00+00:00,97.5199966430664,104.18000030517578,96.33000183105467,103.51000213623048,28797400,0.0,0.0,8.138320952969714
217,387,2022-06-27 04:00:00+00:00,103.95999908447266,104.16999816894533,99.33000183105467,101.5,7352100,0.0,0.0,-1.9418433916995825
218,388,2022-06-28 04:00:00+00:00,103.33999633789062,105.4499969482422,97.08999633789062,97.52999877929688,7744100,0.0,0.0,-3.911331251924266
219,389,2022-06-29 04:00:00+00:00,96.83000183105467,97.0,92.0500030517578,93.93000030517578,6522600,0.0,0.0,-3.691170428769941
220,390,2022-06-30 04:00:00+00:00,92.48999786376952,92.91000366210938,86.70999908447266,89.08000183105469,9007800,0.0,0.0,-5.163417926502278
221,391,2022-07-01 04:00:00+00:00,89.08999633789062,91.45999908447266,87.43000030517578,91.41000366210938,5995400,0.0,0.0,2.615628404985526
222,392,2022-07-05 04:00:00+00:00,88.87999725341797,96.01000213623048,86.75,95.94000244140624,7648500,0.0,0.0,4.9556925914166605
223,393,2022-07-06 04:00:00+00:00,95.29000091552734,96.16999816894533,91.8000030517578,92.87999725341795,5703000,0.0,0.0,-3.189498759766163
224,394,2022-07-07 04:00:00+00:00,93.66000366210938,97.5500030517578,92.16000366210938,97.5,7480500,0.0,0.0,4.974163310940494
225,395,2022-07-08 04:00:00+00:00,96.2300033569336,98.12000274658205,93.24199676513672,97.3499984741211,5669500,0.0,0.0,-0.15384771885016413
226,396,2022-07-11 04:00:00+00:00,96.0,97.08999633789062,93.2699966430664,95.0999984741211,6041400,0.0,0.0,-2.311248110186792
227,397,2022-07-12 04:00:00+00:00,95.3000030517578,97.68599700927734,93.31999969482422,96.5500030517578,4170200,0.0,0.0,1.5247156686666763
228,398,2022-07-13 04:00:00+00:00,93.75,96.58899688720705,91.61000061035156,95.63999938964844,6967800,0.0,0.0,-0.9425205938331627
229,399,2022-07-14 04:00:00+00:00,94.27999877929688,94.58000183105467,90.16999816894533,91.0500030517578,8334600,0.0,0.0,-4.79924337848483
230,400,2022-07-15 04:00:00+00:00,92.5500030517578,95.6500015258789,90.66000366210938,94.66000366210938,7497200,0.0,0.0,3.9648550130189975
231,401,2022-07-18 04:00:00+00:00,96.77999877929688,101.87999725341795,95.9800033569336,97.66999816894533,7171500,0.0,0.0,3.17979546840097
232,402,2022-07-19 04:00:00+00:00,99.6999969482422,102.70999908447266,98.76000213623048,102.1999969482422,5603800,0.0,0.0,4.638065797299484
233,403,2022-07-20 04:00:00+00:00,103.11000061035156,108.91999816894533,102.75,107.7300033569336,6834100,0.0,0.0,5.410965336419715
234,404,2022-07-21 04:00:00+00:00,106.9800033569336,108.5,104.41000366210938,108.13999938964844,4284900,0.0,0.0,0.3805773878577057
235,405,2022-07-22 04:00:00+00:00,108.30999755859376,110.0999984741211,102.93000030517578,103.97000122070312,4243900,0.0,0.0,-3.856110775366328
236,406,2022-07-25 04:00:00+00:00,103.77999877929688,105.26000213623048,101.47899627685548,104.9499969482422,3142900,0.0,0.0,0.9425754698788369
237,407,2022-07-26 04:00:00+00:00,102.37999725341795,103.62999725341795,101.0999984741211,101.91000366210938,4191000,0.0,0.0,-2.8966111238974634
238,408,2022-07-27 04:00:00+00:00,105.79000091552734,107.98500061035156,104.05999755859376,107.36000061035156,5362700,0.0,0.0,5.347852764594219
239,409,2022-07-28 04:00:00+00:00,108.16999816894533,110.05999755859376,104.68000030517578,108.83999633789062,4471900,0.0,0.0,1.3785355058915316
240,410,2022-07-29 04:00:00+00:00,108.19499969482422,111.16000366210938,107.11000061035156,110.9800033569336,4637800,0.0,0.0,1.966195416250649
241,411,2022-08-01 04:00:00+00:00,110.0,113.95999908447266,107.4800033569336,111.1999969482422,6019500,0.0,0.0,0.19822813538856732
242,412,2022-08-02 04:00:00+00:00,111.66999816894533,117.77999877929688,111.0999984741211,116.33999633789062,15208200,0.0,0.0,4.62230173624989
243,413,2022-08-03 04:00:00+00:00,108.2249984741211,115.56999969482422,107.6500015258789,115.0199966430664,23354900,0.0,0.0,-1.1346052401364104
244,414,2022-08-04 04:00:00+00:00,114.30999755859376,119.23999786376952,114.25499725341795,119.22000122070312,9180300,0.0,0.0,3.651542949240638
245,415,2022-08-05 04:00:00+00:00,115.5199966430664,118.87000274658205,114.81999969482422,117.11000061035156,6495000,0.0,0.0,-1.769837769457383
246,416,2022-08-08 04:00:00+00:00,118.15499877929688,119.63999938964844,115.43000030517578,115.81999969482422,5382900,0.0,0.0,-1.101529253525868
247,417,2022-08-09 04:00:00+00:00,115.0,115.66999816894533,112.8000030517578,114.44000244140624,4201200,0.0,0.0,-1.1915016897376618
248,418,2022-08-10 04:00:00+00:00,119.33000183105467,120.33999633789062,116.3000030517578,118.7300033569336,5529000,0.0,0.0,3.7486899895199377
249,419,2022-08-11 04:00:00+00:00,121.3000030517578,127.08999633789062,120.95999908447266,121.5,8110100,0.0,0.0,2.3330216160603268
250,420,2022-08-12 04:00:00+00:00,122.8000030517578,125.0,121.12000274658205,124.51000213623048,5012500,0.0,0.0,2.4773680133584275
251,421,2022-08-15 04:00:00+00:00,123.5500030517578,126.43499755859376,123.1999969482422,126.04000091552734,4884700,0.0,0.0,1.228815961004348
252,422,2022-08-16 04:00:00+00:00,124.2300033569336,125.41999816894533,122.62000274658205,124.18000030517578,4370700,0.0,0.0,-1.4757224665510327
253,423,2022-08-17 04:00:00+00:00,121.62999725341795,123.2699966430664,120.63999938964844,121.87000274658205,4336200,0.0,0.0,-1.8602009606352499
254,424,2022-08-18 04:00:00+00:00,121.5,122.1999969482422,120.27999877929688,121.2699966430664,3373900,0.0,0.0,-0.49233288749759296
255,425,2022-08-19 04:00:00+00:00,118.18499755859376,119.22000122070312,114.0999984741211,114.76000213623048,5288800,0.0,0.0,-5.368182309756941
256,426,2022-08-22 04:00:00+00:00,110.36000061035156,114.22799682617188,109.97000122070312,111.38999938964844,6057400,0.0,0.0,-2.9365656011242858
257,427,2022-08-23 04:00:00+00:00,112.41000366210938,114.0199966430664,111.41000366210938,111.5999984741211,5447200,0.0,0.0,0.18852597685907746
258,428,2022-08-24 04:00:00+00:00,110.93000030517578,115.56999969482422,110.83999633789062,114.51000213623048,3634000,0.0,0.0,2.607530198832575
259,429,2022-08-25 04:00:00+00:00,115.88999938964844,117.9499969482422,115.41999816894533,117.02999877929688,4021600,0.0,0.0,2.200678190598926
260,430,2022-08-26 04:00:00+00:00,117.05999755859376,118.2699966430664,112.77999877929688,112.81999969482422,3778700,0.0,0.0,-3.5973674514106047
261,431,2022-08-29 04:00:00+00:00,111.7699966430664,115.8000030517578,111.52999877929688,113.54000091552734,4620600,0.0,0.0,0.6381858027395104
262,432,2022-08-30 04:00:00+00:00,114.5,116.0199966430664,110.44000244140624,112.55999755859376,4507200,0.0,0.0,-0.8631348855305143
263,433,2022-08-31 04:00:00+00:00,113.48999786376952,115.58000183105467,112.4000015258789,113.12000274658205,6191600,0.0,0.0,0.4975170576889676
264,434,2022-09-01 04:00:00+00:00,111.0999984741211,114.08000183105467,108.16999816894533,113.4000015258789,5661500,0.0,0.0,0.24752366734301923
265,435,2022-09-02 04:00:00+00:00,114.31999969482422,116.45999908447266,112.33000183105467,113.63999938964844,4121700,0.0,0.0,0.21163832499133672
266,436,2022-09-06 04:00:00+00:00,114.08999633789062,114.5199966430664,110.5,113.6999969482422,4067100,0.0,0.0,0.0527961623688844
267,437,2022-09-07 04:00:00+00:00,112.8499984741211,116.44000244140624,112.70999908447266,116.06999969482422,4619300,0.0,0.0,2.084435189264666
268,438,2022-09-08 04:00:00+00:00,114.0,119.34700012207033,114.0,118.58000183105467,4064000,0.0,0.0,2.162489999853401
269,439,2022-09-09 04:00:00+00:00,120.01799774169922,123.70999908447266,119.9000015258789,123.4800033569336,5413300,0.0,0.0,4.132232627943577
270,440,2022-09-12 04:00:00+00:00,124.25,127.23999786376952,123.78500366210938,124.79000091552734,6993300,0.0,0.0,1.060898544687472
271,441,2022-09-13 04:00:00+00:00,119.6999969482422,123.86000061035156,119.0500030517578,121.54000091552734,7126500,0.0,0.0,-2.6043753314818785
272,442,2022-09-14 04:00:00+00:00,121.62999725341795,127.0,119.51000213623048,126.8000030517578,5690100,0.0,0.0,4.327795044107541
273,443,2022-09-15 04:00:00+00:00,125.29000091552734,129.3800048828125,124.27999877929688,125.04000091552734,6606100,0.0,0.0,-1.3880142696148456
274,444,2022-09-16 04:00:00+00:00,121.11000061035156,122.26000213623048,117.58999633789062,118.75,13704400,0.0,0.0,-5.030390970467646
275,445,2022-09-19 04:00:00+00:00,116.87000274658205,119.77999877929688,116.47000122070312,118.77999877929688,4715400,0.0,0.0,0.025262129934211508
276,446,2022-09-20 04:00:00+00:00,117.93000030517578,121.66000366210938,116.62000274658205,116.70999908447266,5610900,0.0,0.0,-1.7427173902152093
277,447,2022-09-21 04:00:00+00:00,116.37000274658205,119.33000183105467,112.36000061035156,114.01000213623048,6898700,0.0,0.0,-2.3134238449337707
278,448,2022-09-22 04:00:00+00:00,112.66999816894533,113.72000122070312,103.26000213623048,103.72000122070312,8399400,0.0,0.0,-9.025524710745858
279,449,2022-09-23 04:00:00+00:00,102.1999969482422,103.18000030517578,99.70999908447266,101.75,6245600,0.0,0.0,-1.8993455433067408
280,450,2022-09-26 04:00:00+00:00,101.77999877929688,105.36000061035156,101.55999755859376,103.2300033569336,5278800,0.0,0.0,1.4545487537430901
281,451,2022-09-27 04:00:00+00:00,106.04000091552734,108.16999816894533,104.13999938964844,106.37000274658205,5081000,0.0,0.0,3.0417507386795606
282,452,2022-09-28 04:00:00+00:00,106.70099639892578,111.12999725341795,105.77999877929688,110.69000244140624,4518200,0.0,0.0,4.06129508628128
283,453,2022-09-29 04:00:00+00:00,109.19000244140624,109.4749984741211,105.16999816894533,106.66000366210938,4259500,0.0,0.0,-3.640797443680732
284,454,2022-09-30 04:00:00+00:00,104.76000213623048,109.08000183105467,104.7300033569336,105.04000091552734,4750600,0.0,0.0,-1.5188474507408345
285,455,2022-10-03 04:00:00+00:00,105.48999786376952,106.3499984741211,102.18000030517578,105.0,6208900,0.0,0.0,-0.038081602416883964
286,456,2022-10-04 04:00:00+00:00,109.13999938964844,111.61000061035156,108.68000030517578,110.80999755859376,4835000,0.0,0.0,5.533331008184539
287,457,2022-10-05 04:00:00+00:00,110.5199966430664,112.33999633789062,107.83999633789062,111.76000213623048,4008700,0.0,0.0,0.8573274962255795
288,458,2022-10-06 04:00:00+00:00,112.0,114.41000366210938,110.1999969482422,111.58000183105467,3446500,0.0,0.0,-0.16105968301288742
289,459,2022-10-07 04:00:00+00:00,108.87000274658205,109.53199768066406,107.0999984741211,108.54000091552734,3352700,0.0,0.0,-2.724503374834364
290,460,2022-10-10 04:00:00+00:00,108.5500030517578,111.62000274658205,107.41000366210938,110.98999786376952,3945200,0.0,0.0,2.257229526051807
291,461,2022-10-11 04:00:00+00:00,110.98799896240234,111.0,103.59500122070312,106.81999969482422,5696700,0.0,0.0,-3.7570936563703694
292,462,2022-10-12 04:00:00+00:00,107.47000122070312,112.9800033569336,106.11000061035156,112.3499984741211,5547500,0.0,0.0,5.176932030608139
293,463,2022-10-13 04:00:00+00:00,107.3000030517578,113.12999725341795,105.3000030517578,112.6500015258789,6172500,0.0,0.0,0.2670254168511743
294,464,2022-10-14 04:00:00+00:00,115.0,116.447998046875,109.01000213623048,109.16000366210938,5001700,0.0,0.0,-3.098089495336387
295,465,2022-10-17 04:00:00+00:00,112.33000183105467,116.76000213623048,111.02999877929688,116.5,5423900,0.0,0.0,6.724071172268031
296,466,2022-10-18 04:00:00+00:00,120.02999877929688,120.70999908447266,115.6999969482422,117.94000244140624,5580000,0.0,0.0,1.2360535977735898
297,467,2022-10-19 04:00:00+00:00,116.23500061035156,118.83999633789062,115.3000030517578,116.87000274658205,3408900,0.0,0.0,-0.9072406924493515
298,468,2022-10-20 04:00:00+00:00,116.3499984741211,120.55999755859376,116.0,117.0,3962200,0.0,0.0,0.11123235249668184
299,469,2022-10-21 04:00:00+00:00,116.76000213623048,120.33999633789062,114.63999938964844,119.9499969482422,4146100,0.0,0.0,2.521364913027524
300,470,2022-10-24 04:00:00+00:00,118.33000183105467,119.06999969482422,112.8239974975586,116.38999938964844,4452800,0.0,0.0,-2.9679013331946003
301,471,2022-10-25 04:00:00+00:00,115.37000274658205,119.37999725341795,112.62999725341795,118.4499969482422,6278900,0.0,0.0,1.7699094160979811
302,472,2022-10-26 04:00:00+00:00,117.0,119.91000366210938,114.97000122070312,115.30999755859376,4263100,0.0,0.0,-2.650907108946987
303,473,2022-10-27 04:00:00+00:00,116.0500030517578,116.37000274658205,111.9250030517578,112.05999755859376,4594000,0.0,0.0,-2.8184893494152985
304,474,2022-10-28 04:00:00+00:00,111.19000244140624,115.25,110.38999938964844,115.20999908447266,4757300,0.0,0.0,2.8109955332024983
305,475,2022-10-31 04:00:00+00:00,113.05999755859376,113.8000030517578,106.66999816894533,106.91000366210938,10733800,0.0,0.0,-7.204231827376095
306,476,2022-11-01 04:00:00+00:00,110.96499633789062,113.0999984741211,108.0,109.0500030517578,15979800,0.0,0.0,2.0016830196844193
307,477,2022-11-02 04:00:00+00:00,102.6449966430664,104.9800033569336,94.25,94.41000366210938,29191400,0.0,0.0,-13.425033452497859
308,478,2022-11-03 04:00:00+00:00,94.08000183105467,95.30999755859376,91.27200317382812,92.0199966430664,10099300,0.0,0.0,-2.5315188288698054
309,479,2022-11-04 04:00:00+00:00,94.99500274658205,96.16000366210938,92.01000213623048,96.08999633789062,9717400,0.0,0.0,4.4229513619862715
310,480,2022-11-07 05:00:00+00:00,96.76000213623048,97.25,93.27999877929688,95.45999908447266,7972700,0.0,0.0,-0.6556325085107173
311,481,2022-11-08 05:00:00+00:00,95.52999877929688,101.91899871826172,94.2699966430664,98.9000015258789,7829400,0.0,0.0,3.6036061956822296
312,482,2022-11-09 05:00:00+00:00,97.75,99.08999633789062,95.1500015258789,95.79000091552734,4650900,0.0,0.0,-3.1445910640737207
313,483,2022-11-10 05:00:00+00:00,100.91000366210938,102.5,99.04000091552734,102.4000015258789,7343000,0.0,0.0,6.900512106874923
314,484,2022-11-11 05:00:00+00:00,103.4499969482422,109.7699966430664,102.16000366210938,109.56999969482422,6864400,0.0,0.0,7.001951232523451
315,485,2022-11-14 05:00:00+00:00,107.73999786376952,108.69000244140624,105.04000091552734,105.16000366210938,4951400,0.0,0.0,-4.0248207036575945
316,486,2022-11-15 05:00:00+00:00,109.2699966430664,111.23500061035156,106.5999984741211,107.01000213623048,5357400,0.0,0.0,1.7592225272883733
317,487,2022-11-16 05:00:00+00:00,107.6999969482422,107.6999969482422,104.37999725341795,104.43000030517578,3681800,0.0,0.0,-2.410991290113418
318,488,2022-11-17 05:00:00+00:00,101.83000183105467,101.9800033569336,98.8499984741211,99.3000030517578,5181200,0.0,0.0,-4.912378855143729
319,489,2022-11-18 05:00:00+00:00,100.83999633789062,100.83999633789062,96.5999984741211,97.7699966430664,5913100,0.0,0.0,-1.54079190500519
320,490,2022-11-21 05:00:00+00:00,97.01000213623048,97.8499984741211,93.91999816894533,95.70999908447266,5145700,0.0,0.0,-2.1069833582119113
321,491,2022-11-22 05:00:00+00:00,93.52999877929688,95.37000274658205,92.9800033569336,95.27999877929688,5951600,0.0,0.0,-0.44927417123499236
322,492,2022-11-23 05:00:00+00:00,95.55999755859376,97.0500030517578,94.33999633789062,96.62999725341795,4337600,0.0,0.0,1.4168749909917233
323,493,2022-11-25 05:00:00+00:00,96.97000122070312,98.83000183105467,96.76000213623048,97.66999816894533,2245100,0.0,0.0,1.0762712874759828
324,494,2022-11-28 05:00:00+00:00,97.0,98.31999969482422,94.80999755859376,95.3000030517578,5133900,0.0,0.0,-2.426533389596275
325,495,2022-11-29 05:00:00+00:00,96.0999984741211,97.26000213623048,95.3000030517578,95.37999725341795,3694000,0.0,0.0,0.08393934847694684
326,496,2022-11-30 05:00:00+00:00,95.86000061035156,102.25,95.72000122070312,102.13999938964844,8387500,0.0,0.0,7.087442158621204
327,497,2022-12-01 05:00:00+00:00,101.48999786376952,102.76000213623048,99.5500030517578,101.2699966430664,5040300,0.0,0.0,-0.8517747716671797
328,498,2022-12-02 05:00:00+00:00,99.25,101.73999786376952,98.97000122070312,101.0,4128600,0.0,0.0,-0.2666106961749293
329,499,2022-12-05 05:00:00+00:00,100.0,101.16999816894533,98.04000091552734,98.51000213623048,3601500,0.0,0.0,-2.4653444195737784
330,500,2022-12-06 05:00:00+00:00,98.25,98.5,91.9000015258789,93.12000274658205,8380900,0.0,0.0,-5.471524995192423
331,501,2022-12-07 05:00:00+00:00,88.80500030517578,91.66999816894533,86.87999725341797,91.5,12640500,0.0,0.0,-1.739693619845284
332,502,2022-12-08 05:00:00+00:00,92.97000122070312,95.61000061035156,91.75,94.83000183105467,6115700,0.0,0.0,3.639346263447729
333,503,2022-12-09 05:00:00+00:00,93.83999633789062,96.66799926757812,93.23999786376952,94.6999969482422,4405800,0.0,0.0,-0.1370925659624933
334,504,2022-12-12 05:00:00+00:00,93.76000213623048,95.95999908447266,93.48999786376952,95.58000183105467,4664100,0.0,0.0,0.9292554500222705
335,505,2022-12-13 05:00:00+00:00,100.37000274658205,100.6500015258789,93.12000274658205,93.33999633789062,7378900,0.0,0.0,-2.343592226670421
336,506,2022-12-14 05:00:00+00:00,93.54000091552734,95.26000213623048,91.20999908447266,93.93000030517578,6737800,0.0,0.0,0.6321019824656382
337,507,2022-12-15 05:00:00+00:00,91.5199966430664,92.70999908447266,89.5199966430664,90.61000061035156,5332000,0.0,0.0,-3.5345466667067393
338,508,2022-12-16 05:00:00+00:00,89.86000061035156,91.29000091552734,88.55999755859375,89.56999969482422,6830200,0.0,0.0,-1.1477771863170338
339,509,2022-12-19 05:00:00+00:00,89.51000213623047,89.76000213623047,85.4000015258789,85.93000030517578,4717100,0.0,0.0,-4.063860000056218
340,510,2022-12-20 05:00:00+00:00,86.70999908447266,90.86000061035156,86.5199966430664,87.62000274658203,7325800,0.0,0.0,1.9667199294824744
341,511,2022-12-21 05:00:00+00:00,87.48999786376953,88.79000091552734,86.58999633789062,87.06999969482422,5594800,0.0,0.0,-0.6277140316333418
342,512,2022-12-22 05:00:00+00:00,85.54000091552734,86.08999633789062,82.58000183105469,84.87000274658203,5643100,0.0,0.0,-2.5266991569462105
343,513,2022-12-23 05:00:00+00:00,84.69999694824219,85.51000213623047,83.5,85.25,3057700,0.0,0.0,0.44774035715848814
344,514,2022-12-27 05:00:00+00:00,84.77999877929688,84.93000030517578,82.83000183105469,83.48999786376953,3982400,0.0,0.0,-2.064518634874446
345,515,2022-12-28 05:00:00+00:00,83.25,84.25,81.91000366210938,82.48999786376953,4931700,0.0,0.0,-1.197748263967735
346,516,2022-12-29 05:00:00+00:00,82.97000122070312,85.55999755859375,82.29000091552734,85.2300033569336,4031300,0.0,0.0,3.3216214863881044
347,517,2022-12-30 05:00:00+00:00,83.61000061035156,86.05999755859375,83.5999984741211,85.5,3372500,0.0,0.0,0.3167859115711824
348,518,2023-01-03 05:00:00+00:00,87.38500213623047,88.13999938964844,84.30000305175781,84.9000015258789,3901200,0.0,0.0,-0.701752601311223
349,519,2023-01-04 05:00:00+00:00,85.88999938964844,88.83999633789062,84.79000091552734,88.72000122070312,4817100,0.0,0.0,4.499410631529632
350,520,2023-01-05 05:00:00+00:00,88.4800033569336,88.5,86.75,87.70999908447266,3419000,0.0,0.0,-1.1384153768415173
351,521,2023-01-06 05:00:00+00:00,88.5199966430664,88.73999786376953,85.70999908447266,88.5199966430664,4348400,0.0,0.0,0.9234951169178052
352,522,2023-01-09 05:00:00+00:00,90.25499725341795,92.0500030517578,88.87999725341797,89.23999786376953,4319400,0.0,0.0,0.8133769182192108
353,523,2023-01-10 05:00:00+00:00,88.86000061035156,89.62000274658203,86.75,88.54000091552734,4165600,0.0,0.0,-0.7843982126834792
354,524,2023-01-11 05:00:00+00:00,89.0,94.83000183105467,88.86399841308594,94.44000244140624,7718900,0.0,0.0,6.663656499741699
355,525,2023-01-12 05:00:00+00:00,95.30999755859376,98.9499969482422,94.0199966430664,98.48999786376952,7695200,0.0,0.0,4.288432144922938
356,526,2023-01-13 05:00:00+00:00,97.5,100.6999969482422,97.41999816894533,100.37000274658205,6529000,0.0,0.0,1.908828229860382
357,527,2023-01-17 05:00:00+00:00,99.91500091552734,102.73500061035156,99.0999984741211,101.2699966430664,5496200,0.0,0.0,0.8966761700273107
358,528,2023-01-18 05:00:00+00:00,101.41000366210938,103.8000030517578,100.31999969482422,101.11000061035156,6062200,0.0,0.0,-0.15798957047343798
359,529,2023-01-19 05:00:00+00:00,99.83999633789062,100.5199966430664,97.56999969482422,99.0999984741211,4996700,0.0,0.0,-1.9879360341183538
360,530,2023-01-20 05:00:00+00:00,99.01000213623048,101.37000274658205,98.11100006103516,101.27999877929688,5104000,0.0,0.0,2.199798525471275
361,531,2023-01-23 05:00:00+00:00,101.98999786376952,105.37999725341795,101.3499984741211,105.22000122070312,4442700,0.0,0.0,3.8902078286869424
362,532,2023-01-24 05:00:00+00:00,104.6999969482422,106.38999938964844,103.81999969482422,104.12999725341795,3514700,0.0,0.0,-1.0359284875874897
363,533,2023-01-25 05:00:00+00:00,100.36000061035156,104.6750030517578,99.84100341796876,104.44000244140624,5169300,0.0,0.0,0.29770978216183686
364,534,2023-01-26 05:00:00+00:00,106.3000030517578,109.48999786376952,105.6750030517578,109.41999816894533,5196600,0.0,0.0,4.768283809963525
365,535,2023-01-27 05:00:00+00:00,108.86000061035156,117.12000274658205,108.73500061035156,115.94000244140624,9548500,0.0,0.0,5.958695285658822
366,536,2023-01-30 05:00:00+00:00,114.12999725341795,115.08000183105467,109.2750015258789,109.4800033569336,5469900,0.0,0.0,-5.571846600346064
367,537,2023-01-31 05:00:00+00:00,109.4800033569336,111.2300033569336,108.81999969482422,111.11000061035156,3867200,0.0,0.0,1.4888538577257249
368,538,2023-02-01 05:00:00+00:00,111.11000061035156,114.88999938964844,109.83000183105467,113.98999786376952,4053600,0.0,0.0,2.5920234340720993
369,539,2023-02-02 05:00:00+00:00,116.25,119.8499984741211,116.23999786376952,118.5199966430664,7166900,0.0,0.0,3.974031813484835
370,540,2023-02-03 05:00:00+00:00,116.04000091552734,121.4000015258789,115.8499984741211,118.6999969482422,6130700,0.0,0.0,0.15187336337671997
371,541,2023-02-06 05:00:00+00:00,117.41000366210938,119.33399963378906,116.80999755859376,118.3499984741211,3204100,0.0,0.0,-0.2948597161916755
372,542,2023-02-07 05:00:00+00:00,117.91000366210938,120.20999908447266,115.13800048828124,119.69000244140624,4397700,0.0,0.0,1.1322382632545258
373,543,2023-02-08 05:00:00+00:00,119.38999938964844,119.80999755859376,115.56999969482422,116.36000061035156,3605400,0.0,0.0,-2.7821887903167752
374,544,2023-02-09 05:00:00+00:00,118.0,119.27999877929688,114.5199966430664,114.94000244140624,4508700,0.0,0.0,-1.220349055944403
375,545,2023-02-10 05:00:00+00:00,112.25,113.36000061035156,106.53800201416016,108.87000274658205,6463500,0.0,0.0,-5.2810158046747375
376,546,2023-02-13 05:00:00+00:00,110.0,116.9000015258789,109.80999755859376,116.41999816894533,7657200,0.0,0.0,6.934872078526078
377,547,2023-02-14 05:00:00+00:00,116.29000091552734,121.31999969482422,115.1999969482422,120.87000274658205,17145000,0.0,0.0,3.8223712829637657
378,548,2023-02-15 05:00:00+00:00,130.0,138.75,129.85000610351562,137.00999450683594,32481900,0.0,0.0,13.353182256554796
379,549,2023-02-16 05:00:00+00:00,135.64999389648438,144.6300048828125,134.72999572753906,139.4199981689453,18705800,0.0,0.0,1.7589984371462197
380,550,2023-02-17 05:00:00+00:00,137.43499755859375,138.39999389648438,130.72999572753906,131.60000610351562,11386700,0.0,0.0,-5.608945752497885
381,551,2023-02-21 05:00:00+00:00,129.77000427246094,132.85000610351562,128.14500427246094,128.77999877929688,6618700,0.0,0.0,-2.1428626089884495
382,552,2023-02-22 05:00:00+00:00,128.13999938964844,128.8800048828125,124.5500030517578,127.20999908447266,5759000,0.0,0.0,-1.2191331803899752
383,553,2023-02-23 05:00:00+00:00,128.2100067138672,128.85000610351562,121.91999816894533,125.5199966430664,7013500,0.0,0.0,-1.3285138381960215
384,554,2023-02-24 05:00:00+00:00,123.04000091552734,124.8499984741211,120.19100189208984,122.77999877929688,5119800,0.0,0.0,-2.1829174131999807
385,555,2023-02-27 05:00:00+00:00,123.9499969482422,125.05999755859376,122.7300033569336,123.52999877929688,5011400,0.0,0.0,0.6108486784953904
386,556,2023-02-28 05:00:00+00:00,125.11000061035156,126.38400268554688,123.02999877929688,123.27999877929688,7317100,0.0,0.0,-0.20237999066660128
387,557,2023-03-01 05:00:00+00:00,122.375,123.3000030517578,120.38999938964844,120.83000183105467,4645000,0.0,0.0,-1.9873434235088916
388,558,2023-03-02 05:00:00+00:00,119.66999816894533,123.26000213623048,119.36000061035156,122.37999725341795,4087300,0.0,0.0,1.2827902001776748
389,559,2023-03-03 05:00:00+00:00,123.18000030517578,125.87000274658205,122.6999969482422,125.7300033569336,5499400,0.0,0.0,2.7373804369178245
390,560,2023-03-06 05:00:00+00:00,126.3550033569336,129.44000244140625,125.27999877929688,126.33000183105467,5292500,0.0,0.0,0.47721184928131155
391,561,2023-03-07 05:00:00+00:00,125.73999786376952,130.85000610351562,125.5,126.94000244140624,5590800,0.0,0.0,0.482862820794816
392,562,2023-03-08 05:00:00+00:00,126.9000015258789,127.66000366210938,124.73999786376952,125.0,3290800,0.0,0.0,-1.5282829715571489
393,563,2023-03-09 05:00:00+00:00,125.05999755859376,125.1999969482422,119.70999908447266,119.83999633789062,6147700,0.0,0.0,-4.1280029296875025
394,564,2023-03-10 05:00:00+00:00,119.73500061035156,121.44000244140624,115.8499984741211,118.3000030517578,5254800,0.0,0.0,-1.2850411658815397
395,565,2023-03-13 04:00:00+00:00,115.72200012207033,117.9000015258789,113.66000366210938,115.95999908447266,5282000,0.0,0.0,-1.978025280575313
396,566,2023-03-14 04:00:00+00:00,118.94000244140624,119.0999984741211,114.91000366210938,116.36000061035156,5416400,0.0,0.0,0.3449478518773752
397,567,2023-03-15 04:00:00+00:00,113.86000061035156,114.31999969482422,111.51000213623048,113.58000183105467,6305100,0.0,0.0,-2.389136098929834
398,568,2023-03-16 04:00:00+00:00,113.9499969482422,120.05999755859376,113.51000213623048,119.98999786376952,7691900,0.0,0.0,5.643595641290289
399,569,2023-03-17 04:00:00+00:00,119.71499633789062,119.95999908447266,116.5500030517578,118.1500015258789,5513600,0.0,0.0,-1.5334580970487677
400,570,2023-03-20 04:00:00+00:00,118.05999755859376,119.0199966430664,116.625,118.4000015258789,3997700,0.0,0.0,0.2115954268060216
401,571,2023-03-21 04:00:00+00:00,120.0,124.43000030517578,119.8499984741211,123.69000244140624,5374400,0.0,0.0,4.4679061210747495
402,572,2023-03-22 04:00:00+00:00,123.88999938964844,125.43000030517578,121.0,121.16999816894533,3971100,0.0,0.0,-2.0373548570788214
403,573,2023-03-23 04:00:00+00:00,122.51000213623048,124.66000366210938,118.33000183105467,120.3000030517578,4028500,0.0,0.0,-0.7179954859572679
404,574,2023-03-24 04:00:00+00:00,119.5,119.6999969482422,115.38999938964844,116.91999816894533,4290900,0.0,0.0,-2.8096465478544164
405,575,2023-03-27 04:00:00+00:00,117.98999786376952,119.27400207519533,116.73999786376952,117.91000366210938,2819600,0.0,0.0,0.8467375202431349
406,576,2023-03-28 04:00:00+00:00,117.97000122070312,118.30999755859376,116.01499938964844,116.61000061035156,2941000,0.0,0.0,-1.102538386380847
407,577,2023-03-29 04:00:00+00:00,118.33999633789062,119.19000244140624,117.1510009765625,118.8000030517578,2711500,0.0,0.0,1.8780571391334266
408,578,2023-03-30 04:00:00+00:00,120.8000030517578,122.6500015258789,120.11000061035156,122.27999877929688,5437900,0.0,0.0,2.9292892576971985
409,579,2023-03-31 04:00:00+00:00,123.3000030517578,125.94000244140624,122.8000030517578,124.4000015258789,5533800,0.0,0.0,1.7337281384901093
410,580,2023-04-03 04:00:00+00:00,123.0,123.08999633789062,119.71099853515624,121.45999908447266,4230600,0.0,0.0,-2.3633459850035843
411,581,2023-04-04 04:00:00+00:00,121.68000030517578,122.05999755859376,118.20999908447266,118.45999908447266,3349300,0.0,0.0,-2.4699489730059754
412,582,2023-04-05 04:00:00+00:00,117.87000274658205,117.87000274658205,111.48999786376952,115.33999633789062,6737000,0.0,0.0,-2.6338027778956774
413,583,2023-04-06 04:00:00+00:00,113.33999633789062,113.41500091552734,107.66000366210938,109.69000244140624,14400100,0.0,0.0,-4.898555640605906
414,584,2023-04-10 04:00:00+00:00,108.69000244140624,112.62999725341795,108.4000015258789,112.5999984741211,5406400,0.0,0.0,2.6529273114651586
415,585,2023-04-11 04:00:00+00:00,113.55999755859376,114.8000030517578,112.58999633789062,114.25,4845400,0.0,0.0,1.465365495771409
416,586,2023-04-12 04:00:00+00:00,114.8000030517578,115.83999633789062,111.4000015258789,112.41999816894533,6068700,0.0,0.0,-1.6017521497196263
417,587,2023-04-13 04:00:00+00:00,113.18000030517578,114.4000015258789,112.80999755859376,113.9499969482422,3878100,0.0,0.0,1.3609667356492716
418,588,2023-04-14 04:00:00+00:00,113.88999938964844,115.12000274658205,113.0199966430664,114.6500015258789,3415200,0.0,0.0,0.6143085532109849
419,589,2023-04-17 04:00:00+00:00,115.41999816894533,116.18000030517578,114.58999633789062,116.16999816894533,3287100,0.0,0.0,1.3257711494433222
420,590,2023-04-18 04:00:00+00:00,119.83000183105467,121.31999969482422,118.0999984741211,119.19000244140624,7162200,0.0,0.0,2.5996421796176117
421,591,2023-04-19 04:00:00+00:00,118.1449966430664,120.37000274658205,117.63999938964844,120.0999984741211,3309700,0.0,0.0,0.763483525526576
422,592,2023-04-20 04:00:00+00:00,118.37000274658205,119.6999969482422,117.81999969482422,118.4000015258789,4369700,0.0,0.0,-1.41548457105809
423,593,2023-04-21 04:00:00+00:00,114.95500183105467,115.75,112.0199966430664,115.5,7357800,0.0,0.0,-2.449325581507744
424,594,2023-04-24 04:00:00+00:00,115.52999877929688,116.4000015258789,114.51000213623048,116.12000274658205,3239500,0.0,0.0,0.5367989147896601
425,595,2023-04-25 04:00:00+00:00,115.30999755859376,115.43000030517578,112.47000122070312,112.50499725341795,3659700,0.0,0.0,-3.1131634581971213
426,596,2023-04-26 04:00:00+00:00,113.5,114.5999984741211,113.1999969482422,113.68000030517578,3615500,0.0,0.0,1.0444007648043652
427,597,2023-04-27 04:00:00+00:00,114.44000244140624,115.8499984741211,112.28700256347656,115.25,3870500,0.0,0.0,1.3810693970879084
428,598,2023-04-28 04:00:00+00:00,114.5999984741211,120.47000122070312,113.0,119.66999816894533,4974300,0.0,0.0,3.835139409063193
429,599,2023-05-01 04:00:00+00:00,119.26000213623048,122.6500015258789,118.9800033569336,121.41999816894533,4830600,0.0,0.0,1.4623548314335322
430,600,2023-05-02 04:00:00+00:00,120.23999786376952,121.6999969482422,117.94000244140624,120.58000183105467,4861800,0.0,0.0,-0.6918105341443659
431,601,2023-05-03 04:00:00+00:00,120.8499984741211,121.19000244140624,117.97000122070312,118.86000061035156,3687700,0.0,0.0,-1.4264398694511682
432,602,2023-05-04 04:00:00+00:00,118.94000244140624,119.16999816894533,116.18000030517578,117.62999725341795,4939900,0.0,0.0,-1.0348337124495122
433,603,2023-05-05 04:00:00+00:00,120.01000213623048,120.3000030517578,116.93000030517578,119.9000015258789,6618800,0.0,0.0,1.929783495251236
434,604,2023-05-08 04:00:00+00:00,123.16000366210938,127.55500030517578,122.9800033569336,125.6500015258789,10142900,0.0,0.0,4.795662991512928
435,605,2023-05-09 04:00:00+00:00,126.5999984741211,128.9600067138672,125.01000213623048,127.06999969482422,15410300,0.0,0.0,1.1301218875455765
436,606,2023-05-10 04:00:00+00:00,109.8499984741211,115.51000213623048,109.37000274658205,113.19000244140624,34191000,0.0,0.0,-10.923111109429973
437,607,2023-05-11 04:00:00+00:00,113.13999938964844,114.45999908447266,111.04000091552734,111.1999969482422,9579400,0.0,0.0,-1.758110654864753
438,608,2023-05-12 04:00:00+00:00,111.36000061035156,111.55999755859376,104.20999908447266,105.2750015258789,14740400,0.0,0.0,-5.3282334397194875
439,609,2023-05-15 04:00:00+00:00,105.05999755859376,106.1500015258789,103.5500030517578,105.77999877929688,5422500,0.0,0.0,0.4796934182839552
440,610,2023-05-16 04:00:00+00:00,105.72000122070312,107.58000183105467,104.3000030517578,105.41000366210938,5585300,0.0,0.0,-0.349777955622288
441,611,2023-05-17 04:00:00+00:00,106.06999969482422,109.93000030517578,104.94000244140624,108.33000183105467,6887400,0.0,0.0,2.7701338274356946
442,612,2023-05-18 04:00:00+00:00,108.33999633789062,112.33999633789062,108.33999633789062,111.87000274658205,6945900,0.0,0.0,3.2677936450588696
443,613,2023-05-19 04:00:00+00:00,110.81999969482422,110.81999969482422,106.6449966430664,107.37999725341795,9124200,0.0,0.0,-4.013592011198264
444,614,2023-05-22 04:00:00+00:00,106.26000213623048,110.7300033569336,106.1999969482422,109.93000030517578,7350600,0.0,0.0,2.374746802926242
445,615,2023-05-23 04:00:00+00:00,109.0,109.70600128173828,105.66999816894533,106.25,6498200,0.0,0.0,-3.347585095023886
446,616,2023-05-24 04:00:00+00:00,105.45999908447266,106.58999633789062,103.81999969482422,105.70999908447266,5371700,0.0,0.0,-0.5082361557904425
447,617,2023-05-25 04:00:00+00:00,106.0999984741211,106.5199966430664,103.73999786376952,104.41999816894533,4834500,0.0,0.0,-1.2203206193356353
448,618,2023-05-26 04:00:00+00:00,105.18000030517578,107.61499786376952,104.98999786376952,106.80999755859376,4677600,0.0,0.0,2.288833012409719
449,619,2023-05-30 04:00:00+00:00,107.7249984741211,108.78900146484376,106.0199966430664,107.19000244140624,5460100,0.0,0.0,0.3557765110929978
450,620,2023-05-31 04:00:00+00:00,105.5999984741211,110.09500122070312,103.73999786376952,109.7699966430664,10263100,0.0,0.0,2.406935481758654
451,621,2023-06-01 04:00:00+00:00,109.83999633789062,113.54000091552734,109.11000061035156,112.16000366210938,6644100,0.0,0.0,2.1772862276879135
452,622,2023-06-02 04:00:00+00:00,112.93000030517578,118.4499969482422,112.93000030517578,118.05999755859376,10122000,0.0,0.0,5.260336754498129
453,623,2023-06-05 04:00:00+00:00,115.12000274658205,116.59500122070312,112.31500244140624,115.69000244140624,8324400,0.0,0.0,-2.00744974267113
454,624,2023-06-06 04:00:00+00:00,115.91999816894533,119.08999633789062,115.41000366210938,117.3000030517578,5025700,0.0,0.0,1.3916505976106164
455,625,2023-06-07 04:00:00+00:00,118.13999938964844,120.16000366210938,115.91999816894533,116.5500030517578,4637600,0.0,0.0,-0.6393861726236016
456,626,2023-06-08 04:00:00+00:00,114.97000122070312,116.33000183105467,113.58000183105467,115.5,4432700,0.0,0.0,-0.9009034957223605
457,627,2023-06-09 04:00:00+00:00,120.25,122.73999786376952,117.4499969482422,117.86000061035156,7427200,0.0,0.0,2.0432905717329586
458,628,2023-06-12 04:00:00+00:00,119.36499786376952,125.0,118.87999725341795,124.58999633789062,7876600,0.0,0.0,5.710160947469034
459,629,2023-06-13 04:00:00+00:00,124.61000061035156,125.73999786376952,123.22000122070312,124.9000015258789,5276800,0.0,0.0,0.2488202882256596
460,630,2023-06-14 04:00:00+00:00,125.38999938964844,126.38600158691406,122.76499938964844,125.13999938964844,5696700,0.0,0.0,0.1921520102782459
461,631,2023-06-15 04:00:00+00:00,122.95999908447266,128.3800048828125,122.75,127.8499984741211,5599400,0.0,0.0,2.1655738354565024
462,632,2023-06-16 04:00:00+00:00,128.67999267578125,129.1999969482422,126.79000091552734,128.67999267578125,6892400,0.0,0.0,0.6491937517137725
463,633,2023-06-20 04:00:00+00:00,126.37000274658205,127.62999725341795,124.3949966430664,126.4499969482422,5383600,0.0,0.0,-1.732977816650716
464,634,2023-06-21 04:00:00+00:00,125.08999633789062,129.25999450683594,125.08999633789062,127.45999908447266,4711900,0.0,0.0,0.7987363864024877
465,635,2023-06-22 04:00:00+00:00,126.58000183105467,128.6199951171875,125.3499984741211,127.95999908447266,3935600,0.0,0.0,0.39227993377641823
466,636,2023-06-23 04:00:00+00:00,125.98999786376952,126.8000030517578,124.0,124.7300033569336,5794100,0.0,0.0,-2.5242229998820087
467,637,2023-06-26 04:00:00+00:00,122.9000015258789,126.6999969482422,122.8000030517578,123.12999725341795,3645800,0.0,0.0,-1.2827756437534754
468,638,2023-06-27 04:00:00+00:00,124.41000366210938,128.1699981689453,123.31999969482422,127.88999938964844,4507700,0.0,0.0,3.865834680751079
469,639,2023-06-28 04:00:00+00:00,127.38999938964844,131.8800048828125,126.16999816894533,127.62999725341795,6130400,0.0,0.0,-0.20330138202465653
470,640,2023-06-29 04:00:00+00:00,127.63999938964844,128.0,123.41999816894533,125.0999984741211,4242000,0.0,0.0,-1.9822916506637367
471,641,2023-06-30 04:00:00+00:00,127.25,131.13999938964844,127.0199966430664,128.16000366210938,4600100,0.0,0.0,2.446047342375701
472,642,2023-07-03 04:00:00+00:00,129.27999877929688,134.27000427246094,129.22999572753906,132.35000610351562,5001800,0.0,0.0,3.2693526230329173
473,643,2023-07-05 04:00:00+00:00,131.84500122070312,132.9499969482422,130.53500366210938,131.69000244140625,3429900,0.0,0.0,-0.49868049238559475
474,644,2023-07-06 04:00:00+00:00,129.1699981689453,129.322998046875,126.05999755859376,128.16000366210938,3733600,0.0,0.0,-2.680536649596843
475,645,2023-07-07 04:00:00+00:00,128.16000366210938,131.6199951171875,128.05999755859375,130.32000732421875,3148100,0.0,0.0,1.6853960677187363
476,646,2023-07-10 04:00:00+00:00,130.17999267578125,133.33900451660156,129.61000061035156,131.7100067138672,4052000,0.0,0.0,1.0666047510190069
477,647,2023-07-11 04:00:00+00:00,129.4499969482422,138.08999633789062,128.77000427246094,137.5399932861328,10045600,0.0,0.0,4.4263808936939375
478,648,2023-07-12 04:00:00+00:00,139.35000610351562,140.32000732421875,135.52000427246094,137.02000427246094,5583600,0.0,0.0,-0.37806386437005957
479,649,2023-07-13 04:00:00+00:00,138.9600067138672,140.60000610351562,137.3000030517578,140.08999633789062,5532300,0.0,0.0,2.2405429643142405
480,650,2023-07-14 04:00:00+00:00,140.25,143.57000732421875,139.69000244140625,143.33999633789062,6496600,0.0,0.0,2.3199372438851062
481,651,2023-07-17 04:00:00+00:00,142.2899932861328,147.39999389648438,142.2899932861328,145.36000061035156,5755800,0.0,0.0,1.409239796336581
482,652,2023-07-18 04:00:00+00:00,144.0,147.5399932861328,143.75,146.52999877929688,4124900,0.0,0.0,0.8048969207709256
483,653,2023-07-19 04:00:00+00:00,145.75,147.6750030517578,144.19000244140625,145.53500366210938,4968600,0.0,0.0,-0.6790385077980909
484,654,2023-07-20 04:00:00+00:00,143.58999633789062,146.27000427246094,143.5,145.27999877929688,4246300,0.0,0.0,-0.17521893454893744
485,655,2023-07-21 04:00:00+00:00,147.0,149.99000549316406,146.91000366210938,148.77000427246094,11794500,0.0,0.0,2.4022615105234957
486,656,2023-07-24 04:00:00+00:00,147.05999755859375,148.2899932861328,144.17999267578125,147.6199951171875,4370800,0.0,0.0,-0.7730114419888579
487,657,2023-07-25 04:00:00+00:00,147.61000061035156,150.77999877929688,147.4600067138672,148.64999389648438,4121300,0.0,0.0,0.6977366301084142
488,658,2023-07-26 04:00:00+00:00,147.8300018310547,150.27000427246094,147.08999633789062,150.1699981689453,4055500,0.0,0.0,1.0225390749221352
489,659,2023-07-27 04:00:00+00:00,151.88999938964844,153.1750030517578,147.55499267578125,148.5,5426000,0.0,0.0,-1.1120717781900158
490,660,2023-07-28 04:00:00+00:00,150.22999572753906,154.49000549316406,150.2100067138672,153.3300018310547,4162300,0.0,0.0,3.2525264855587155
491,661,2023-07-31 04:00:00+00:00,153.86000061035156,154.9499969482422,151.5500030517578,152.19000244140625,4457300,0.0,0.0,-0.7434940168490556
492,662,2023-08-01 04:00:00+00:00,149.6199951171875,150.4199981689453,148.02999877929688,148.91000366210938,4519600,0.0,0.0,-2.1551998992572985
493,663,2023-08-02 04:00:00+00:00,146.4499969482422,147.11500549316406,143.19000244140625,144.55999755859375,7026100,0.0,0.0,-2.921231614086983
494,664,2023-08-03 04:00:00+00:00,140.94000244140625,143.10299682617188,139.75,140.8800048828125,11441200,0.0,0.0,-2.54565075949843
495,665,2023-08-04 04:00:00+00:00,140.47000122070312,145.32000732421875,137.6199951171875,140.1699981689453,8621800,0.0,0.0,-0.5039797623926701
496,666,2023-08-07 04:00:00+00:00,142.0,144.0,138.7899932861328,143.1999969482422,4079100,0.0,0.0,2.1616599977727358
497,667,2023-08-08 04:00:00+00:00,140.52000427246094,140.52000427246094,137.02999877929688,139.5500030517578,4685800,0.0,0.0,-2.5488784736522163
498,668,2023-08-09 04:00:00+00:00,140.13999938964844,140.5500030517578,137.3300018310547,137.8699951171875,3389700,0.0,0.0,-1.203875240294483
499,669,2023-08-10 04:00:00+00:00,139.8699951171875,140.97000122070312,135.64999389648438,135.97000122070312,3437600,0.0,0.0,-1.3781054353918076
500,670,2023-08-11 04:00:00+00:00,134.14999389648438,134.25999450683594,131.6999969482422,133.67999267578125,4372200,0.0,0.0,-1.684201312320932
501,671,2023-08-14 04:00:00+00:00,133.55999755859375,133.7899932861328,131.74000549316406,133.24000549316406,3373800,0.0,0.0,-0.3291346549399554
502,672,2023-08-15 04:00:00+00:00,132.5,132.80999755859375,129.72999572753906,129.85000610351562,3970500,0.0,0.0,-2.544280433718804
503,673,2023-08-16 04:00:00+00:00,129.0,130.14999389648438,128.39999389648438,128.8300018310547,3336900,0.0,0.0,-0.7855250092539845
504,674,2023-08-17 04:00:00+00:00,129.22000122070312,129.60000610351562,127.37100219726562,127.98999786376952,3908500,0.0,0.0,-0.6520251147607237
505,675,2023-08-18 04:00:00+00:00,124.93000030517578,126.08000183105467,123.37999725341795,125.05999755859376,5907800,0.0,0.0,-2.289241623626248
506,676,2023-08-21 04:00:00+00:00,126.15499877929688,126.54000091552734,123.48999786376952,124.0,4876000,0.0,0.0,-0.8475912196440949
507,677,2023-08-22 04:00:00+00:00,124.25,127.23999786376952,124.0009994506836,127.08000183105467,4946000,0.0,0.0,2.483872444398938
508,678,2023-08-23 04:00:00+00:00,126.9000015258789,129.18499755859375,126.4000015258789,128.1300048828125,4605400,0.0,0.0,0.8262535698998041
509,679,2023-08-24 04:00:00+00:00,128.22999572753906,128.83999633789062,124.63999938964844,124.72000122070312,2980800,0.0,0.0,-2.661362313400484
510,680,2023-08-25 04:00:00+00:00,125.04000091552734,126.5999984741211,124.19000244140624,125.79000091552734,2415200,0.0,0.0,0.8579214916224709
511,681,2023-08-28 04:00:00+00:00,127.0,127.0,124.9499969482422,126.15499877929688,2348500,0.0,0.0,0.29016444956913023
512,682,2023-08-29 04:00:00+00:00,126.5500030517578,132.8800048828125,126.0,132.25,5622900,0.0,0.0,4.831359264143065
513,683,2023-08-30 04:00:00+00:00,130.47000122070312,132.4499969482422,129.30999755859375,130.61000061035156,4709900,0.0,0.0,-1.2400751528532594
514,684,2023-08-31 04:00:00+00:00,130.60000610351562,132.44000244140625,129.80999755859375,131.5500030517578,3860300,0.0,0.0,0.719701735712075
515,685,2023-09-01 04:00:00+00:00,133.6999969482422,134.5,131.3300018310547,132.69000244140625,4418300,0.0,0.0,0.8665901658701625
516,686,2023-09-05 04:00:00+00:00,141.14999389648438,144.25999450683594,139.8000030517578,142.2899932861328,21052800,0.0,0.0,7.234901400326499
517,687,2023-09-06 04:00:00+00:00,140.77999877929688,143.22000122070312,140.26600646972656,141.77000427246094,7114400,0.0,0.0,-0.36544313599496947
518,688,2023-09-07 04:00:00+00:00,139.25,144.25,139.00999450683594,143.27000427246094,7928200,0.0,0.0,1.0580517421140856
519,689,2023-09-08 04:00:00+00:00,143.94000244140625,146.85000610351562,143.17999267578125,145.82000732421875,9326600,0.0,0.0,1.7798582925344197
520,690,2023-09-11 04:00:00+00:00,146.22000122070312,148.25,144.86000061035156,147.3300018310547,7179000,0.0,0.0,1.0355194287424485
521,691,2023-09-12 04:00:00+00:00,146.8800048828125,151.15499877929688,146.82000732421875,147.5,7342700,0.0,0.0,0.11538598169587022
522,692,2023-09-13 04:00:00+00:00,146.0,147.0,143.60499572753906,144.71499633789062,7893300,0.0,0.0,-1.8881380760063515
523,693,2023-09-14 04:00:00+00:00,144.61000061035156,145.72000122070312,141.69000244140625,144.1199951171875,8365500,0.0,0.0,-0.4111538097363976
524,694,2023-09-15 04:00:00+00:00,143.5850067138672,144.9499969482422,142.10000610351562,142.75,74786400,0.0,0.0,-0.9505933691390411
525,695,2023-09-18 04:00:00+00:00,141.92999267578125,144.39999389648438,141.19000244140625,142.5500030517578,7351400,0.0,0.0,-0.14010294097526188
526,696,2023-09-19 04:00:00+00:00,141.86000061035156,142.57000732421875,139.77000427246094,141.85000610351562,6674100,0.0,0.0,-0.49105361855940055
527,697,2023-09-20 04:00:00+00:00,142.75999450683594,143.27000427246094,137.9499969482422,138.00999450683594,5189000,0.0,0.0,-2.707093007720718
528,698,2023-09-21 04:00:00+00:00,135.55499267578125,135.97999572753906,132.38999938964844,132.75,8514300,0.0,0.0,-3.8113141918684756
529,699,2023-09-22 04:00:00+00:00,133.7100067138672,134.1840057373047,131.1199951171875,132.1999969482422,4278500,0.0,0.0,-0.4143149165783844
530,700,2023-09-25 04:00:00+00:00,130.8000030517578,134.25,130.8000030517578,134.13999938964844,4154500,0.0,0.0,1.4674754055900463
531,701,2023-09-26 04:00:00+00:00,132.77999877929688,133.94000244140625,131.1699981689453,132.27999877929688,4194000,0.0,0.0,-1.3866114647493433
532,702,2023-09-27 04:00:00+00:00,133.8000030517578,134.89999389648438,131.22000122070312,134.02999877929688,3771300,0.0,0.0,1.3229513276000304
533,703,2023-09-28 04:00:00+00:00,133.64999389648438,138.22999572753906,132.8800048828125,136.47000122070312,4058900,0.0,0.0,1.8204897885764515
534,704,2023-09-29 04:00:00+00:00,138.0500030517578,141.0749969482422,136.36000061035156,137.2100067138672,4781100,0.0,0.0,0.5422477368980827
535,705,2023-10-02 04:00:00+00:00,136.5500030517578,138.0,135.36000061035156,136.55999755859375,3489100,0.0,0.0,-0.47373305405410404
536,706,2023-10-03 04:00:00+00:00,132.1699981689453,133.41000366210938,126.48999786376952,127.7300033569336,9019700,0.0,0.0,-6.466018130874285
537,707,2023-10-04 04:00:00+00:00,128.75,130.22000122070312,127.29499816894533,127.41000366210938,5822000,0.0,0.0,-0.25052821296026595
538,708,2023-10-05 04:00:00+00:00,126.54000091552734,126.62000274658205,121.66999816894533,124.98999786376952,7630200,0.0,0.0,-1.8993844508141566
539,709,2023-10-06 04:00:00+00:00,123.0,127.4000015258789,122.0199966430664,126.36000061035156,5152300,0.0,0.0,1.0960899031899007
540,710,2023-10-09 04:00:00+00:00,124.0,127.91999816894533,121.80999755859376,127.7699966430664,5092000,0.0,0.0,1.1158563041343772
541,711,2023-10-10 04:00:00+00:00,127.69000244140624,132.77999877929688,126.9499969482422,131.58999633789062,5114700,0.0,0.0,2.9897470417062255
542,712,2023-10-11 04:00:00+00:00,132.1199951171875,132.69000244140625,128.52000427246094,130.0,3456500,0.0,0.0,-1.2082957535828998
543,713,2023-10-12 04:00:00+00:00,130.2899932861328,130.41000366210938,124.81999969482422,125.97000122070312,4023300,0.0,0.0,-3.0999990609975936
544,714,2023-10-13 04:00:00+00:00,127.61000061035156,129.83999633789062,123.5500030517578,124.08000183105467,4926500,0.0,0.0,-1.50035672885096
545,715,2023-10-16 04:00:00+00:00,125.19000244140624,126.76000213623048,124.18599700927734,125.19000244140624,2706100,0.0,0.0,0.8945846179652106
546,716,2023-10-17 04:00:00+00:00,123.76000213623048,126.77999877929688,122.66000366210938,125.70999908447266,3073600,0.0,0.0,0.4153659500963691
547,717,2023-10-18 04:00:00+00:00,123.0199966430664,124.3499984741211,121.72000122070312,122.16999816894533,4098400,0.0,0.0,-2.816005839876412
548,718,2023-10-19 04:00:00+00:00,122.38999938964844,123.4800033569336,119.33000183105467,119.97000122070312,4374400,0.0,0.0,-1.8007669486905353
549,719,2023-10-20 04:00:00+00:00,119.48999786376952,119.91999816894533,116.08000183105467,116.48999786376952,6194900,0.0,0.0,-2.90072794992442
550,720,2023-10-23 04:00:00+00:00,116.4800033569336,122.5250015258789,115.5500030517578,120.38999938964844,5442500,0.0,0.0,3.3479282319498482
551,721,2023-10-24 04:00:00+00:00,121.18000030517578,123.16999816894533,120.56999969482422,122.01000213623048,3651600,0.0,0.0,1.3456290014080219
552,722,2023-10-25 04:00:00+00:00,120.75,120.75,118.31999969482422,118.5,4844500,0.0,0.0,-2.8768150764487244
553,723,2023-10-26 04:00:00+00:00,118.13999938964844,119.5479965209961,114.4000015258789,115.47000122070312,5217500,0.0,0.0,-2.5569609951872407
554,724,2023-10-27 04:00:00+00:00,116.20999908447266,116.74500274658205,113.23500061035156,114.08999633789062,5201600,0.0,0.0,-1.1951198304526178
555,725,2023-10-30 04:00:00+00:00,117.1500015258789,118.58999633789062,115.3499984741211,116.9499969482422,5218000,0.0,0.0,2.5067934982497153
556,726,2023-10-31 04:00:00+00:00,117.12999725341795,118.69000244140624,114.91000366210938,118.29000091552734,4647400,0.0,0.0,1.1457922208225169
557,727,2023-11-01 04:00:00+00:00,118.25,119.88999938964844,116.66000366210938,119.47000122070312,9336500,0.0,0.0,0.9975486482736828
558,728,2023-11-02 04:00:00+00:00,122.51000213623048,122.73999786376952,114.0999984741211,115.5,14053500,0.0,0.0,-3.3230109484716053
559,729,2023-11-03 04:00:00+00:00,117.9800033569336,123.4499969482422,117.37999725341795,122.63999938964844,9015200,0.0,0.0,6.181817653375266
560,730,2023-11-06 05:00:00+00:00,123.21499633789062,123.93000030517578,116.8499984741211,118.16999816894533,7702000,0.0,0.0,-3.6448151035137766
561,731,2023-11-07 05:00:00+00:00,118.25,122.18000030517578,118.0999984741211,121.08000183105467,5163900,0.0,0.0,2.4625570848778144
562,732,2023-11-08 05:00:00+00:00,119.43000030517578,121.1999969482422,116.1790008544922,117.66000366210938,7814000,0.0,0.0,-2.8245772358983734
563,733,2023-11-09 05:00:00+00:00,118.3499984741211,119.52999877929688,115.1999969482422,115.5199966430664,5519600,0.0,0.0,-1.8188058409283614
564,734,2023-11-10 05:00:00+00:00,114.5250015258789,118.54000091552734,114.16999816894533,118.1500015258789,4773500,0.0,0.0,2.2766663428312572
565,735,2023-11-13 05:00:00+00:00,117.51000213623048,119.86000061035156,117.4010009765625,119.1500015258789,3408800,0.0,0.0,0.8463817072240643
566,736,2023-11-14 05:00:00+00:00,122.3550033569336,127.12000274658205,121.51000213623048,126.68000030517578,8405200,0.0,0.0,6.319763896655428
567,737,2023-11-15 05:00:00+00:00,128.0,131.6199951171875,127.06099700927734,128.35000610351562,6851400,0.0,0.0,1.318286860054263
568,738,2023-11-16 05:00:00+00:00,127.12000274658205,128.39999389648438,125.30999755859376,126.27999877929688,4177300,0.0,0.0,-1.6127831911042279
569,739,2023-11-17 05:00:00+00:00,126.6500015258789,127.97000122070312,125.4499969482422,127.1500015258789,3795700,0.0,0.0,0.6889473827938142
570,740,2023-11-20 05:00:00+00:00,127.4000015258789,130.9499969482422,127.01000213623048,129.6999969482422,4634600,0.0,0.0,2.0055016844370943
571,741,2023-11-21 05:00:00+00:00,128.0,128.0500030517578,124.93000030517578,126.81999969482422,4587100,0.0,0.0,-2.22050680122009
572,742,2023-11-22 05:00:00+00:00,127.75,130.5800018310547,127.70999908447266,129.0399932861328,3973900,0.0,0.0,1.7505074882910643
573,743,2023-11-24 05:00:00+00:00,129.0500030517578,129.58999633789062,127.77999877929688,128.3699951171875,2058900,0.0,0.0,-0.5192174549014883
574,744,2023-11-27 05:00:00+00:00,127.5,129.55999755859375,125.8499984741211,129.0,4408400,0.0,0.0,0.4907726936013157
575,745,2023-11-28 05:00:00+00:00,128.7899932861328,129.5399932861328,125.8499984741211,127.55999755859376,4024400,0.0,0.0,-1.1162809623304182
576,746,2023-11-29 05:00:00+00:00,127.0,129.58299255371094,126.05999755859376,126.4800033569336,4615400,0.0,0.0,-0.8466558657341472
577,747,2023-11-30 05:00:00+00:00,127.0,128.1300048828125,125.08499908447266,126.33999633789062,5956300,0.0,0.0,-0.11069498365513519
578,748,2023-12-01 05:00:00+00:00,125.5,135.4199981689453,125.4000015258789,135.02000427246094,7419200,0.0,0.0,6.87035632908839
579,749,2023-12-04 05:00:00+00:00,134.0,136.75,132.72000122070312,133.6999969482422,5263400,0.0,0.0,-0.9776383368756747
580,750,2023-12-05 05:00:00+00:00,132.67999267578125,135.7050018310547,132.66000366210938,133.7100067138672,4202200,0.0,0.0,0.0074867358664798545
581,751,2023-12-06 05:00:00+00:00,135.58999633789062,138.47999572753906,135.13999938964844,135.30999755859375,4932000,0.0,0.0,1.196612642575401
582,752,2023-12-07 05:00:00+00:00,135.50999450683594,141.16000366210938,135.42999267578125,139.83999633789062,7108600,0.0,0.0,3.3478670172433
583,753,2023-12-08 05:00:00+00:00,138.19000244140625,141.5399932861328,137.8000030517578,140.67999267578125,4410400,0.0,0.0,0.6006838958011462
584,754,2023-12-11 05:00:00+00:00,141.36000061035156,144.5,140.85000610351562,142.91000366210938,4560500,0.0,0.0,1.5851656969214645
585,755,2023-12-12 05:00:00+00:00,137.89999389648438,141.05999755859375,137.5800018310547,140.5500030517578,6823200,0.0,0.0,-1.6513893708459015
586,756,2023-12-13 05:00:00+00:00,142.9499969482422,144.94000244140625,140.33999633789062,144.50999450683594,6673900,0.0,0.0,2.8174965272820707
587,757,2023-12-14 05:00:00+00:00,145.0,149.9199981689453,144.97999572753906,147.25999450683594,9568600,0.0,0.0,1.9029825648978926
588,758,2023-12-15 05:00:00+00:00,147.25999450683594,148.72999572753906,145.86000061035156,146.60000610351562,7771000,0.0,0.0,-0.44817902209665084
589,759,2023-12-18 05:00:00+00:00,147.16000366210938,148.4600067138672,146.1199951171875,147.5,4175200,0.0,0.0,0.6139112271583924
590,760,2023-12-19 05:00:00+00:00,147.5,148.61000061035156,146.67999267578125,146.91000366210938,5090400,0.0,0.0,-0.39999751721397914
591,761,2023-12-20 05:00:00+00:00,146.5,146.5,140.64999389648438,141.07000732421875,5718000,0.0,0.0,-3.9752203337510728
592,762,2023-12-21 05:00:00+00:00,142.3699951171875,143.49000549316406,140.30999755859375,142.08999633789062,3318500,0.0,0.0,0.7230374712660526
593,763,2023-12-22 05:00:00+00:00,141.8800048828125,142.50999450683594,139.72999572753906,140.8000030517578,2936100,0.0,0.0,-0.9078705886269467
594,764,2023-12-26 05:00:00+00:00,141.0,141.0,137.77000427246094,138.72000122070312,4384800,0.0,0.0,-1.4772739957186531
595,765,2023-12-27 05:00:00+00:00,139.13499450683594,139.13499450683594,136.0500030517578,136.5500030517578,3989600,0.0,0.0,-1.5643008577348905
596,766,2023-12-28 05:00:00+00:00,136.5500030517578,137.19000244140625,135.69500732421875,137.0,2770800,0.0,0.0,0.3295473732590315
597,767,2023-12-29 05:00:00+00:00,136.7100067138672,137.8699951171875,135.42999267578125,136.13999938964844,3074100,0.0,0.0,-0.6277376717894634
598,768,2024-01-02 05:00:00+00:00,134.42999267578125,135.60000610351562,133.33999633789062,134.47999572753906,3485200,0.0,0.0,-1.21933573494315
599,769,2024-01-03 05:00:00+00:00,132.7100067138672,134.5399932861328,130.82000732421875,133.4199981689453,4266600,0.0,0.0,-0.7882195064471409
600,770,2024-01-04 05:00:00+00:00,132.86000061035156,137.03399658203125,132.5,133.72000122070312,4056900,0.0,0.0,0.2248561354182721
601,771,2024-01-05 05:00:00+00:00,134.25,136.64999389648438,133.89500427246094,135.97999572753906,4004600,0.0,0.0,1.6900945903416842
602,772,2024-01-08 05:00:00+00:00,137.30999755859375,140.25,136.61000061035156,140.0800018310547,4179700,0.0,0.0,3.0151538699344727
603,773,2024-01-09 05:00:00+00:00,138.52000427246094,139.5399932861328,137.7899932861328,139.52999877929688,3560900,0.0,0.0,-0.39263495471763
604,774,2024-01-10 05:00:00+00:00,139.1999969482422,140.8249969482422,138.6999969482422,139.75999450683594,2492700,0.0,0.0,0.1648360421065087
605,775,2024-01-11 05:00:00+00:00,140.7100067138672,141.1999969482422,137.5500030517578,139.4499969482422,2383500,0.0,0.0,-0.2218070769733682
606,776,2024-01-12 05:00:00+00:00,139.35000610351562,140.99000549316406,137.1300048828125,137.13999938964844,2480600,0.0,0.0,-1.6565059943680849
607,777,2024-01-16 05:00:00+00:00,135.89999389648438,136.0,133.6699981689453,135.02000427246094,5514800,0.0,0.0,-1.545861985287078
608,778,2024-01-17 05:00:00+00:00,132.83999633789062,135.08999633789062,131.10000610351562,134.97999572753906,3039700,0.0,0.0,-0.0296315684016224
609,779,2024-01-18 05:00:00+00:00,137.0,139.53500366210938,135.22500610351562,137.0399932861328,5273000,0.0,0.0,1.5261502621113587
610,780,2024-01-19 05:00:00+00:00,138.60000610351562,140.28500366210938,136.32000732421875,139.92999267578125,4085300,0.0,0.0,2.108872979593812
611,781,2024-01-22 05:00:00+00:00,141.15499877929688,144.0500030517578,140.89999389648438,142.00999450683594,4482900,0.0,0.0,1.4864589008262596
612,782,2024-01-23 05:00:00+00:00,142.75,143.92999267578125,140.52000427246094,142.3000030517578,3882100,0.0,0.0,0.2042169960846829
613,783,2024-01-24 05:00:00+00:00,143.80999755859375,144.10000610351562,139.5800018310547,141.19000244140625,4857200,0.0,0.0,-0.7800425766314456
614,784,2024-01-25 05:00:00+00:00,143.1999969482422,143.2899932861328,140.3679962158203,142.11000061035156,3677500,0.0,0.0,0.6516029131220513
615,785,2024-01-26 05:00:00+00:00,142.11000061035156,151.52999877929688,141.49000549316406,149.6199951171875,11342600,0.0,0.0,5.284634772064667
616,786,2024-01-29 05:00:00+00:00,150.0,153.3800048828125,148.5399932861328,152.6999969482422,5316300,0.0,0.0,2.0585496134004844
617,787,2024-01-30 05:00:00+00:00,150.5399932861328,151.02999877929688,148.67999267578125,149.44000244140625,3884000,0.0,0.0,-2.1349014878768613
618,788,2024-01-31 05:00:00+00:00,148.64500427246094,148.74000549316406,143.9199981689453,144.13999938964844,4126600,0.0,0.0,-3.5465758599916297
619,789,2024-02-01 05:00:00+00:00,144.8000030517578,146.85000610351562,143.64999389648438,146.49000549316406,3416700,0.0,0.0,1.6303636141713485
620,790,2024-02-02 05:00:00+00:00,143.99000549316406,148.0800018310547,141.24000549316406,146.5500030517578,4251800,0.0,0.0,0.04095675905790852
621,791,2024-02-05 05:00:00+00:00,146.08999633789062,146.39999389648438,142.67999267578125,144.77999877929688,3010900,0.0,0.0,-1.207781805255792
622,792,2024-02-06 05:00:00+00:00,145.10000610351562,145.1300048828125,142.95199584960938,144.52999877929688,3697600,0.0,0.0,-0.172675785403964
623,793,2024-02-07 05:00:00+00:00,145.1199951171875,148.77000427246094,143.86000061035156,147.5500030517578,4214100,0.0,0.0,2.089534558892936
624,794,2024-02-08 05:00:00+00:00,149.25,150.6699981689453,148.05999755859375,150.5399932861328,3508300,0.0,0.0,2.0264250576302434
625,795,2024-02-09 05:00:00+00:00,145.83999633789062,148.67999267578125,145.17999267578125,147.59500122070312,5006800,0.0,0.0,-1.9562855033692705
626,796,2024-02-12 05:00:00+00:00,148.67999267578125,157.34500122070312,148.33999633789062,153.8000030517578,7909500,0.0,0.0,4.204073159480637
627,797,2024-02-13 05:00:00+00:00,149.2100067138672,153.02000427246094,148.5800018310547,150.82000732421875,11801700,0.0,0.0,-1.937578458003164
628,798,2024-02-14 05:00:00+00:00,146.16000366210938,149.52999877929688,142.57000732421875,148.1999969482422,16021800,0.0,0.0,-1.7371769319333819
629,799,2024-02-15 05:00:00+00:00,148.91000366210938,158.27000427246094,148.75,157.69000244140625,11923000,0.0,0.0,6.403512610380413
630,800,2024-02-16 05:00:00+00:00,156.10000610351562,156.10000610351562,151.77999877929688,152.50999450683594,6518300,0.0,0.0,-3.284931101764099
631,801,2024-02-20 05:00:00+00:00,150.30999755859375,150.67999267578125,145.8800048828125,148.14999389648438,5229700,0.0,0.0,-2.8588294324252583
632,802,2024-02-21 05:00:00+00:00,145.97999572753906,149.25999450683594,145.39599609375,149.24000549316406,4570800,0.0,0.0,0.7357486612124431
633,803,2024-02-22 05:00:00+00:00,151.02000427246094,155.6999969482422,150.26499938964844,155.25999450683594,6115000,0.0,0.0,4.033763596951645
634,804,2024-02-23 05:00:00+00:00,153.27000427246094,155.3000030517578,150.8249969482422,152.66000366210938,4851100,0.0,0.0,-1.6746044935690652
635,805,2024-02-26 05:00:00+00:00,149.9600067138672,150.17999267578125,148.55999755859375,149.27000427246094,5277900,0.0,0.0,-2.2206205347352848
636,806,2024-02-27 05:00:00+00:00,150.0,152.47000122070312,149.22999572753906,152.05999755859375,4623700,0.0,0.0,1.869091717208149
637,807,2024-02-28 05:00:00+00:00,152.02999877929688,154.89999389648438,151.7899932861328,153.42999267578125,4329100,0.0,0.0,0.9009569506665205
638,808,2024-02-29 05:00:00+00:00,153.39999389648438,160.0,153.22000122070312,157.47000122070312,8002300,0.0,0.0,2.6331282915843968
639,809,2024-03-01 05:00:00+00:00,157.22999572753906,160.97999572753906,156.81100463867188,159.72000122070312,5365300,0.0,0.0,1.42884357817874
640,810,2024-03-04 05:00:00+00:00,159.89999389648438,163.01499938964844,157.92999267578125,158.08999633789062,4403200,0.0,0.0,-1.0205389871993154
641,811,2024-03-05 05:00:00+00:00,157.1999969482422,159.97999572753906,156.13999938964844,159.3300018310547,4714300,0.0,0.0,0.7843668302159656
642,812,2024-03-06 05:00:00+00:00,160.10000610351562,164.58999633789062,160.07000732421875,163.8699951171875,5167900,0.0,0.0,2.849427749926714
643,813,2024-03-07 05:00:00+00:00,165.0,165.38499450683594,162.24000549316406,163.5399932861328,3810300,0.0,0.0,-0.20138026538579767
644,814,2024-03-08 05:00:00+00:00,166.0,168.19000244140625,163.47999572753906,164.91000366210938,4103600,0.0,0.0,0.8377219226000321
645,815,2024-03-11 04:00:00+00:00,163.75999450683594,164.25999450683594,161.97500610351562,162.99000549316406,3149600,0.0,0.0,-1.164270284584601
646,816,2024-03-12 04:00:00+00:00,163.0,167.0,162.72999572753906,166.6699981689453,3945900,0.0,0.0,2.2578026576823396
647,817,2024-03-13 04:00:00+00:00,162.4199981689453,168.0,160.69000244140625,164.75999450683594,7502800,0.0,0.0,-1.1459792902699273
648,818,2024-03-14 04:00:00+00:00,165.74000549316406,166.72000122070312,162.72000122070312,166.44000244140625,5078100,0.0,0.0,1.0196698170565899
649,819,2024-03-15 04:00:00+00:00,166.38999938964844,166.5229949951172,160.16000366210938,160.63999938964844,7152400,0.0,0.0,-3.4847410278064928
650,820,2024-03-18 04:00:00+00:00,161.94500732421875,162.8699951171875,160.60000610351562,161.86000061035156,4296900,0.0,0.0,0.7594629141798537
651,821,2024-03-19 04:00:00+00:00,161.49000549316406,164.10000610351562,161.05499267578125,161.7899932861328,3420700,0.0,0.0,-0.04325177558059945
652,822,2024-03-20 04:00:00+00:00,162.38999938964844,165.75,162.26499938964844,164.7100067138672,4766300,0.0,0.0,1.8048170770179839
653,823,2024-03-21 04:00:00+00:00,165.80999755859375,170.10000610351562,165.0,168.17999267578125,5986500,0.0,0.0,2.106724437175256
654,824,2024-03-22 04:00:00+00:00,167.0,168.8000030517578,166.63999938964844,167.86000061035156,2834300,0.0,0.0,-0.19026761765090772
655,825,2024-03-25 04:00:00+00:00,167.86000061035156,169.0800018310547,166.27999877929688,167.99000549316406,3216100,0.0,0.0,0.07744839886798527
656,826,2024-03-26 04:00:00+00:00,169.69000244140625,170.0,167.32000732421875,167.38999938964844,2747700,0.0,0.0,-0.35716773849384653
657,827,2024-03-27 04:00:00+00:00,169.11000061035156,169.11000061035156,165.5,166.41000366210938,3921900,0.0,0.0,-0.5854565572091519
658,828,2024-03-28 04:00:00+00:00,166.57000732421875,167.3800048828125,164.58999633789062,164.9600067138672,3416000,0.0,0.0,-0.8713400134203297
659,829,2024-04-01 04:00:00+00:00,166.42999267578125,166.72000122070312,162.75,163.3699951171875,2496300,0.0,0.0,-0.9638770198631574
660,830,2024-04-02 04:00:00+00:00,160.9499969482422,160.97999572753906,158.67999267578125,160.11000061035156,4000900,0.0,0.0,-1.9954671018368453
661,831,2024-04-03 04:00:00+00:00,158.75,161.3300018310547,158.5800018310547,159.33999633789062,2288100,0.0,0.0,-0.4809220345547538
662,832,2024-04-04 04:00:00+00:00,161.22000122070312,163.64999389648438,158.52000427246094,158.83999633789062,3539700,0.0,0.0,-0.3137944091198053
663,833,2024-04-05 04:00:00+00:00,159.14999389648438,162.7100067138672,158.89999389648438,161.77000427246094,2225600,0.0,0.0,1.8446285583748612
664,834,2024-04-08 04:00:00+00:00,160.36000061035156,161.17999267578125,159.2899932861328,160.27000427246094,2299000,0.0,0.0,-0.9272423566693
665,835,2024-04-09 04:00:00+00:00,161.5500030517578,163.2050018310547,159.91000366210938,162.66000366210938,2291000,0.0,0.0,1.4912331228152942
666,836,2024-04-10 04:00:00+00:00,159.6300048828125,160.9600067138672,158.6300048828125,160.27999877929688,2478600,0.0,0.0,-1.463177689185624
667,837,2024-04-11 04:00:00+00:00,159.0,166.22000122070312,158.89999389648438,165.4199981689453,3580300,0.0,0.0,3.2068875897148796
668,838,2024-04-12 04:00:00+00:00,162.4199981689453,162.71200561523438,158.77999877929688,159.3699951171875,3699900,0.0,0.0,-3.657358915926767
669,839,2024-04-15 04:00:00+00:00,161.80999755859375,162.89999389648438,154.41000366210938,155.60000610351562,3723300,0.0,0.0,-2.3655575887416846
670,840,2024-04-16 04:00:00+00:00,155.8300018310547,158.94000244140625,155.3000030517578,156.66000366210938,2728600,0.0,0.0,0.6812323374129958
671,841,2024-04-17 04:00:00+00:00,158.4499969482422,159.6999969482422,156.41000366210938,158.3699951171875,3905000,0.0,0.0,1.091530330081114
672,842,2024-04-18 04:00:00+00:00,159.60000610351562,162.94000244140625,159.2100067138672,160.10000610351562,3930400,0.0,0.0,1.0923855778665503
673,843,2024-04-19 04:00:00+00:00,159.5399932861328,160.3350067138672,154.55999755859375,155.00999450683594,3892800,0.0,0.0,-3.1792700828434994
674,844,2024-04-22 04:00:00+00:00,156.19000244140625,157.25,153.76499938964844,156.61000061035156,3030000,0.0,0.0,1.0321954455943638
675,845,2024-04-23 04:00:00+00:00,157.24000549316406,161.13999938964844,156.6999969482422,160.9499969482422,3455400,0.0,0.0,2.7712127712001156
676,846,2024-04-24 04:00:00+00:00,164.47500610351562,166.7449951171875,161.08999633789062,162.83999633789062,3854500,0.0,0.0,1.1742773690491148
677,847,2024-04-25 04:00:00+00:00,161.50999450683594,163.72999572753906,159.5,163.00999450683594,2401800,0.0,0.0,0.10439583196291125
678,848,2024-04-26 04:00:00+00:00,163.67999267578125,165.16000366210938,162.77000427246094,164.22999572753906,2821100,0.0,0.0,0.7484211163825139
679,849,2024-04-29 04:00:00+00:00,164.75,165.5,161.27999877929688,162.25,2312600,0.0,0.0,-1.205623685714463
680,850,2024-04-30 04:00:00+00:00,160.55999755859375,162.08999633789062,158.52000427246094,158.57000732421875,3017900,0.0,0.0,-2.2681002624229563
681,851,2024-05-01 04:00:00+00:00,157.5800018310547,160.9499969482422,156.0,156.16000366210938,2752100,0.0,0.0,-1.5198357512728022
682,852,2024-05-02 04:00:00+00:00,157.2100067138672,158.39999389648438,153.1999969482422,158.3300018310547,4778400,0.0,0.0,1.3895992046981664
683,853,2024-05-03 04:00:00+00:00,161.80999755859375,165.5,159.14999389648438,159.7100067138672,4529900,0.0,0.0,0.871600370651815
684,854,2024-05-06 04:00:00+00:00,161.0,162.41000366210938,160.1699981689453,162.0,2912200,0.0,0.0,1.4338445869803929
685,855,2024-05-07 04:00:00+00:00,161.80999755859375,162.8800048828125,159.75,159.80999755859375,2916200,0.0,0.0,-1.3518533588927517
686,856,2024-05-08 04:00:00+00:00,157.10000610351562,158.6199951171875,155.83999633789062,157.89999389648438,8236500,0.0,0.0,-1.1951715732985257
687,857,2024-05-09 04:00:00+00:00,146.60000610351562,150.0050048828125,145.57000732421875,147.0500030517578,14802600,0.0,0.0,-6.871432086209939
688,858,2024-05-10 04:00:00+00:00,147.75,148.1199951171875,144.6300048828125,146.32000732421875,5524800,0.0,0.0,-0.49642687003693675
689,859,2024-05-13 04:00:00+00:00,147.0500030517578,149.24000549316406,145.6999969482422,149.1300048828125,5647500,0.0,0.0,1.9204465677528981
690,860,2024-05-14 04:00:00+00:00,149.39999389648438,149.39999389648438,146.30999755859375,146.6999969482422,4167400,0.0,0.0,-1.6294560819466453
691,861,2024-05-15 04:00:00+00:00,147.57000732421875,147.69000244140625,144.75,145.8000030517578,5996000,0.0,0.0,-0.6134927847353033
692,862,2024-05-16 04:00:00+00:00,146.33999633789062,147.7899932861328,145.85000610351562,147.19000244140625,3827800,0.0,0.0,0.9533603295982074
693,863,2024-05-17 04:00:00+00:00,146.80999755859375,147.4949951171875,145.30499267578125,145.66000366210938,3279000,0.0,0.0,-1.0394719436912392
694,864,2024-05-20 04:00:00+00:00,146.17999267578125,146.47999572753906,145.2100067138672,146.3699951171875,3747400,0.0,0.0,0.4874306173471732
695,865,2024-05-21 04:00:00+00:00,145.7100067138672,145.7100067138672,144.08999633789062,144.10000610351562,4485000,0.0,0.0,-1.5508567940133222
696,866,2024-05-22 04:00:00+00:00,143.94000244140625,144.2100067138672,142.36000061035156,142.7100067138672,3190800,0.0,0.0,-0.9646074467546617
697,867,2024-05-23 04:00:00+00:00,142.5800018310547,143.44000244140625,140.82000732421875,141.0399932861328,3900900,0.0,0.0,-1.170214665522895
698,868,2024-05-24 04:00:00+00:00,142.5,145.97000122070312,142.3000030517578,144.47000122070312,4497100,0.0,0.0,2.431939944588435
699,869,2024-05-28 04:00:00+00:00,146.0,147.8699951171875,145.11000061035156,147.00999450683594,5741600,0.0,0.0,1.7581458189735333
700,870,2024-05-29 04:00:00+00:00,144.8800048828125,147.1300048828125,144.73399353027344,146.61000061035156,2570900,0.0,0.0,-0.27208619238862086
701,871,2024-05-30 04:00:00+00:00,145.39999389648438,147.58999633789062,144.41000366210938,145.52000427246094,3576700,0.0,0.0,-0.7434665666413376
702,872,2024-05-31 04:00:00+00:00,145.77999877929688,146.42999267578125,142.57000732421875,144.92999267578125,3778600,0.0,0.0,-0.40545050807928584
703,873,2024-06-03 04:00:00+00:00,145.74000549316406,146.9600067138672,144.36000061035156,146.25,3843400,0.0,0.0,0.9107896163161433
704,874,2024-06-04 04:00:00+00:00,145.82000732421875,147.9199981689453,145.44000244140625,147.0800018310547,3048500,0.0,0.0,0.5675226195245742
705,875,2024-06-05 04:00:00+00:00,147.97999572753906,148.6999969482422,145.14100646972656,145.77999877929688,3121500,0.0,0.0,-0.8838747862208174
706,876,2024-06-06 04:00:00+00:00,145.50999450683594,148.7899932861328,145.15499877929688,147.0,3463100,0.0,0.0,0.8368783309911754
707,877,2024-06-07 04:00:00+00:00,146.1999969482422,147.02999877929688,145.3800048828125,146.66000366210938,2595600,0.0,0.0,-0.23129002577593205
708,878,2024-06-10 04:00:00+00:00,146.00999450683594,148.32000732421875,146.0,148.07000732421875,3080300,0.0,0.0,0.9614098096969226
709,879,2024-06-11 04:00:00+00:00,147.97000122070312,148.7949981689453,146.47999572753906,147.75,3285800,0.0,0.0,-0.21611893590175457
710,880,2024-06-12 04:00:00+00:00,149.99000549316406,150.2899932861328,148.62100219726562,149.32000732421875,3579800,0.0,0.0,1.06261071013114
711,881,2024-06-13 04:00:00+00:00,148.99000549316406,149.0,143.72999572753906,146.10000610351562,4450400,0.0,0.0,-2.1564432512459875
712,882,2024-06-14 04:00:00+00:00,145.5,146.0500030517578,144.27999877929688,145.97000122070312,2754600,0.0,0.0,-0.08898348896740904
713,883,2024-06-17 04:00:00+00:00,147.0,150.1199951171875,146.77499389648438,149.5,5158800,0.0,0.0,2.4183042746979133
714,884,2024-06-18 04:00:00+00:00,149.89999389648438,150.5489959716797,146.89999389648438,147.2899932861328,3316700,0.0,0.0,-1.4782653604462848
715,885,2024-06-20 04:00:00+00:00,147.77000427246094,149.75,147.60000610351562,147.8800048828125,2874200,0.0,0.0,0.4005781951075926
716,886,2024-06-21 04:00:00+00:00,148.75999450683594,150.0,147.25,149.57000732421875,7648400,0.0,0.0,1.1428201146906236
717,887,2024-06-24 04:00:00+00:00,149.14999389648438,150.0399932861328,146.7100067138672,148.38999938964844,4530900,0.0,0.0,-0.788933527303004
718,888,2024-06-25 04:00:00+00:00,148.97000122070312,151.27499389648438,148.85000610351562,150.91000366210938,5008300,0.0,0.0,1.698230529568101
719,889,2024-06-26 04:00:00+00:00,149.72999572753906,150.38499450683594,149.3699951171875,150.0,3797900,0.0,0.0,-0.603010827663153
720,890,2024-06-27 04:00:00+00:00,150.4600067138672,151.8800048828125,149.38999938964844,151.61000061035156,3588600,0.0,0.0,1.0733337402343723
721,891,2024-06-28 04:00:00+00:00,151.5399932861328,152.92999267578125,150.67999267578125,151.6300048828125,3842500,0.0,0.0,0.013194559976525966
722,892,2024-07-01 04:00:00+00:00,152.1999969482422,152.1999969482422,149.13999938964844,151.6300048828125,2905000,0.0,0.0,0.0
723,893,2024-07-02 04:00:00+00:00,151.2899932861328,155.2100067138672,151.2899932861328,154.33999633789062,3526100,0.0,0.0,1.787239575157007
724,894,2024-07-03 04:00:00+00:00,153.91000366210938,154.42999267578125,152.3000030517578,152.72999572753906,1725600,0.0,0.0,-1.0431519039477255
725,895,2024-07-05 04:00:00+00:00,152.39999389648438,152.8800048828125,151.44000244140625,152.5,3836100,0.0,0.0,-0.1505897557604552
726,896,2024-07-08 04:00:00+00:00,152.64999389648438,154.1999969482422,150.7550048828125,151.9600067138672,3228300,0.0,0.0,-0.3540939581198721
727,897,2024-07-09 04:00:00+00:00,152.9199981689453,155.66000366210938,151.96499633789062,152.4499969482422,4328800,0.0,0.0,0.32244683648745553
728,898,2024-07-10 04:00:00+00:00,153.11000061035156,153.1999969482422,150.08999633789062,151.83999633789062,3263500,0.0,0.0,-0.40013159892594574
729,899,2024-07-11 04:00:00+00:00,150.5500030517578,152.0,144.1300048828125,146.0,6289500,0.0,0.0,-3.8461515270948987
730,900,2024-07-12 04:00:00+00:00,146.8300018310547,148.0,146.19000244140625,146.77999877929688,2923500,0.0,0.0,0.5342457392444322
731,901,2024-07-15 04:00:00+00:00,145.8800048828125,148.47000122070312,144.75,147.22000122070312,3546100,0.0,0.0,0.2997700266150316
732,902,2024-07-16 04:00:00+00:00,148.47000122070312,151.63999938964844,147.8800048828125,151.25999450683594,4079300,0.0,0.0,2.7441877819823546
733,903,2024-07-17 04:00:00+00:00,149.24000549316406,150.10000610351562,147.25999450683594,148.0,3242300,0.0,0.0,-2.1552258529856094
734,904,2024-07-18 04:00:00+00:00,148.1699981689453,150.14500427246094,146.75,146.8800048828125,3593700,0.0,0.0,-0.7567534575591228
735,905,2024-07-19 04:00:00+00:00,147.02999877929688,149.16000366210938,147.02999877929688,147.99000549316406,3131600,0.0,0.0,0.7557193446699362
736,906,2024-07-22 04:00:00+00:00,148.13999938964844,150.3699951171875,146.5500030517578,150.17999267578125,3672100,0.0,0.0,1.4798210023164948
737,907,2024-07-23 04:00:00+00:00,150.55999755859375,151.25,147.8300018310547,148.75,2676900,0.0,0.0,-0.9521858739655276
738,908,2024-07-24 04:00:00+00:00,146.72999572753906,147.11000061035156,142.97999572753906,144.22999572753906,5461900,0.0,0.0,-3.038658334427524
739,909,2024-07-25 04:00:00+00:00,141.25,141.94500732421875,137.5800018310547,140.02999877929688,5626500,0.0,0.0,-2.9120135011140746
740,910,2024-07-26 04:00:00+00:00,141.89999389648438,141.91000366210938,139.02999877929688,140.10000610351562,5101400,0.0,0.0,0.049994518909546315
741,911,2024-07-29 04:00:00+00:00,141.24000549316406,142.42999267578125,140.0,140.2899932861328,2723200,0.0,0.0,0.13560826148488747
742,912,2024-07-30 04:00:00+00:00,140.64999389648438,140.99000549316406,137.89999389648438,138.99000549316406,2996200,0.0,0.0,-0.9266432783394007
743,913,2024-07-31 04:00:00+00:00,140.7899932861328,141.22000122070312,139.10000610351562,139.55999755859375,3331400,0.0,0.0,0.4100957212047396
744,914,2024-08-01 04:00:00+00:00,139.6999969482422,139.77999877929688,132.89999389648438,135.08999633789062,5166900,0.0,0.0,-3.2029244044851857
745,915,2024-08-02 04:00:00+00:00,129.30999755859375,129.60000610351562,126.5,128.22999572753906,7745500,0.0,0.0,-5.078096673563559
746,916,2024-08-05 04:00:00+00:00,123.7699966430664,125.9499969482422,122.05999755859376,125.30999755859376,7521900,0.0,0.0,-2.2771568792294583
747,917,2024-08-06 04:00:00+00:00,126.90499877929688,131.4499969482422,126.3000030517578,130.47000122070312,11148400,0.0,0.0,4.117790888709094
748,918,2024-08-07 04:00:00+00:00,112.44000244140624,115.5500030517578,110.37999725341795,113.01000213623048,29027900,0.0,0.0,-13.382385928652896
749,919,2024-08-08 04:00:00+00:00,113.9800033569336,116.43000030517578,112.41999816894533,114.63999938964844,8006200,0.0,0.0,1.4423477768392923
750,920,2024-08-09 04:00:00+00:00,114.46499633789062,116.26000213623048,112.5999984741211,115.08000183105467,4764400,0.0,0.0,0.38381232008797284
751,921,2024-08-12 04:00:00+00:00,115.4800033569336,115.5,113.2699966430664,113.62000274658205,3981000,0.0,0.0,-1.2686818398004562
752,922,2024-08-13 04:00:00+00:00,114.38999938964844,117.7699966430664,114.0500030517578,116.9000015258789,4662000,0.0,0.0,2.8868145573033965
753,923,2024-08-14 04:00:00+00:00,117.72000122070312,118.73999786376952,116.18000030517578,116.23999786376952,3502800,0.0,0.0,-0.5645882407993685
