,Unnamed: 0,Date,Open,High,Low,Close,Volume,Dividends,Stock Splits,Return (%)
0,504,2021-08-16 04:00:00+00:00,62.978291114195024,63.91433094266915,62.869235305018485,63.40541076660156,2358000,0.0,0.0,0.0
1,505,2021-08-17 04:00:00+00:00,63.287269969598135,63.70530682341689,63.11460001110374,63.56898880004883,2026200,0.0,0.0,0.25798749896819295
2,506,2021-08-18 04:00:00+00:00,63.40541547709019,63.68714127170371,62.76018415839532,63.005558013916016,2562400,0.0,0.0,-0.886329634572347
3,507,2021-08-19 04:00:00+00:00,63.20548868265502,64.03247274337772,63.08734315010658,63.72349166870117,3657600,0.0,0.0,1.1394767023991559
4,508,2021-08-20 04:00:00+00:00,63.33271892061882,64.59591934478945,63.223663102671736,64.16879272460938,3409800,0.0,0.0,0.6988020339866674
5,509,2021-08-23 04:00:00+00:00,63.85071513771205,63.941591509633184,62.696563720703125,62.696563720703125,2809400,0.0,0.0,-2.2943068451116932
6,510,2021-08-24 04:00:00+00:00,62.70565223166769,62.860142754304,61.41518974831277,62.06042098999024,2463200,0.0,0.0,-1.0146373149679033
7,511,2021-08-25 04:00:00+00:00,61.95136970824646,62.56933877732671,61.360662858866014,62.07859802246094,2212300,0.0,0.0,0.029289250992392546
8,512,2021-08-26 04:00:00+00:00,61.85140360386165,62.19674354246566,61.41519422188821,62.06951522827149,1637700,0.0,0.0,-0.014631120029739986
9,513,2021-08-27 04:00:00+00:00,62.83288208946344,62.83288208946344,61.860490344393256,62.43301773071289,3288500,0.0,0.0,0.5856377339255037
10,514,2021-08-30 04:00:00+00:00,62.27853276425829,63.014640460018086,62.05133834621653,62.7329216003418,1642600,0.0,0.0,0.48036100212625055
11,515,2021-08-31 04:00:00+00:00,62.76018873034553,63.07826648722318,62.09678486048836,62.47846984863281,2696100,0.0,0.0,-0.40561119300331905
12,516,2021-09-01 04:00:00+00:00,62.72383817497559,63.57809149121029,62.5511751146695,63.38724899291992,1804500,0.0,0.0,1.4545476969727522
13,517,2021-09-02 04:00:00+00:00,63.4417605983784,63.941591040410856,63.396325879462616,63.90523910522461,1489400,0.0,0.0,0.8171834565064318
14,518,2021-09-03 04:00:00+00:00,63.71439322374411,63.99611203952925,63.16912809207967,63.43267440795898,1698000,0.0,0.0,-0.7394772383020443
15,519,2021-09-07 04:00:00+00:00,63.06007018632919,63.06007018632919,61.70599365234375,61.70599365234375,2292400,0.0,0.0,-2.7220683531492096
16,520,2021-09-08 04:00:00+00:00,61.57878714709165,63.051002781029446,61.45155880671245,62.98738861083984,2069700,0.0,0.0,2.076613441662678
17,521,2021-09-09 04:00:00+00:00,62.75109784816361,63.20548666115995,62.51481372404706,62.95102310180664,2791300,0.0,0.0,-0.05773458756621608
18,522,2021-09-10 04:00:00+00:00,62.914669914938,62.914669914938,61.53332422038231,61.57876586914063,2307700,0.0,0.0,-2.1798807470479797
19,523,2021-09-13 04:00:00+00:00,61.98773182982654,62.251278219262055,60.91537376710666,60.9608154296875,2438300,0.0,0.0,-1.0035122184265943
20,524,2021-09-14 04:00:00+00:00,61.2426337307511,61.37073669360295,60.41910969735503,60.492313385009766,2567000,0.458,0.0,-0.7685298193199297
21,525,2021-09-15 04:00:00+00:00,60.03478930526352,60.62040473211324,59.75113379631379,59.88838195800781,3058100,0.0,0.0,-0.9983606068396988
22,526,2021-09-16 04:00:00+00:00,59.79688471628917,60.33675311778386,59.39427844752164,59.47662734985352,3098700,0.0,0.0,-0.6875367052711523
23,527,2021-09-17 04:00:00+00:00,59.31192381233405,59.54983228144465,58.37859783695217,58.56160354614258,6977400,0.0,0.0,-1.5384594663187423
24,528,2021-09-20 04:00:00+00:00,58.88185934508101,58.94591081800366,57.61912731556848,58.04918670654297,5245300,0.0,0.0,-0.8750047959254714
25,529,2021-09-21 04:00:00+00:00,58.1773034869029,58.65311351591534,57.829592935968485,57.91194534301758,3125200,0.0,0.0,-0.23642254321182277
26,530,2021-09-22 04:00:00+00:00,57.8844784099547,58.3694440205028,57.62827253380775,57.82042694091797,3422200,0.0,0.0,-0.1580302674302092
27,531,2021-09-23 04:00:00+00:00,57.67403116409725,58.27794759286368,57.5001776510055,57.55508041381836,2489000,0.0,0.0,-0.45891485265362464
28,532,2021-09-24 04:00:00+00:00,57.59167776446089,58.11324178521743,57.390374618732345,57.93938827514648,3806300,0.0,0.0,0.6677218736642621
29,533,2021-09-27 04:00:00+00:00,57.84787959622287,58.2962398758564,56.89625279173483,56.96030426025391,3321400,0.0,0.0,-1.6898418227044854
30,534,2021-09-28 04:00:00+00:00,56.987762141242136,57.12501730253241,55.962935006051,56.20083999633789,4454500,0.0,0.0,-1.3333219928847284
31,535,2021-09-29 04:00:00+00:00,56.26489337422508,57.6923302566844,55.9995352648548,57.34461975097656,3013500,0.0,0.0,2.035164874249573
32,536,2021-09-30 04:00:00+00:00,57.29886605145643,57.66487745743944,56.951159055370375,57.189064025878906,3965800,0.0,0.0,-0.27126472504860333
33,537,2021-10-01 04:00:00+00:00,58.2870997329336,58.3054006538506,57.1067165128652,57.1799201965332,4275100,0.0,0.0,-0.015988772506514426
34,538,2021-10-04 04:00:00+00:00,57.088410662525376,58.68970445378634,56.98775735144488,58.47010040283203,4925400,0.0,0.0,2.256351883431007
35,539,2021-10-05 04:00:00+00:00,58.56159973821413,58.63480341334771,57.78382988790832,57.92108154296875,3376400,0.0,0.0,-0.9389736909647728
36,540,2021-10-06 04:00:00+00:00,57.701481297421786,58.91846280701878,57.48187374810659,58.863563537597656,2996300,0.0,0.0,1.627183004049626
37,541,2021-10-07 04:00:00+00:00,59.01911898563522,59.57728485545924,58.48840275185378,58.534156799316406,2877600,0.0,0.0,-0.5596105952213493
38,542,2021-10-08 04:00:00+00:00,58.552460545801054,58.65311037966221,57.7380852349527,57.82958984375,2034300,0.0,0.0,-1.2036851542630123
39,543,2021-10-11 04:00:00+00:00,57.16161602791964,57.67402782230743,56.37469392591717,57.13416290283203,5239600,0.0,0.0,-1.2025451724574698
40,544,2021-10-12 04:00:00+00:00,57.08841388802588,57.72893213882829,56.87795853957748,57.64657974243164,4038300,0.0,0.0,0.8968659267329704
41,545,2021-10-13 04:00:00+00:00,58.46094833310029,59.00996195229928,57.72892901065381,58.91846084594727,4936300,0.0,0.0,2.2063426992520174
42,546,2021-10-14 04:00:00+00:00,59.074008634237344,60.22694202781874,58.808650560574925,59.87008285522461,4858700,0.0,0.0,1.615150829831613
43,547,2021-10-15 04:00:00+00:00,59.9158363252612,60.3916462238316,59.6504782541231,60.32759475708008,15991200,0.0,0.0,0.7641744925621863
44,548,2021-10-18 04:00:00+00:00,59.8609353800293,59.92498685245022,58.89101108877352,59.18381881713867,3150500,0.0,0.0,-1.8959415580001582
45,549,2021-10-19 04:00:00+00:00,59.81518416986131,59.81518416986131,59.12891544961498,59.41257095336914,2631800,0.0,0.0,0.38651128095881226
46,550,2021-10-20 04:00:00+00:00,59.63218800266733,60.30015944115643,59.60473836484098,59.99819946289063,2486500,0.0,0.0,0.9856979762433271
47,551,2021-10-21 04:00:00+00:00,60.07140714441581,60.300163449626005,59.741997506426046,60.03480529785156,2344300,0.0,0.0,0.06101155582771689
48,552,2021-10-22 04:00:00+00:00,60.20864898524484,60.38249899155006,59.915841258687415,59.97989273071289,1978800,0.0,0.0,-0.09146788578098253
49,553,2021-10-25 04:00:00+00:00,59.92498515697656,59.92498515697656,59.07401162969731,59.16551971435547,2402800,0.0,0.0,-1.3577433691214669
50,554,2021-10-26 04:00:00+00:00,59.22042039525073,59.531525551044325,58.96421450669438,59.00081634521485,3925600,0.0,0.0,-0.27837728787947214
51,555,2021-10-27 04:00:00+00:00,59.1563705536044,59.4125764492224,57.76553206638298,58.00343704223633,3546000,0.0,0.0,-1.6904500052047355
52,556,2021-10-28 04:00:00+00:00,57.719782217410014,59.10146502581393,57.03351342529744,58.863563537597656,3178400,0.0,0.0,1.482888841113006
53,557,2021-10-29 04:00:00+00:00,59.9524407443656,60.02564442692797,58.64395458818463,59.10146713256836,4082900,0.0,0.0,0.40416104746827664
54,558,2021-11-01 04:00:00+00:00,58.93676654480636,59.27532134382163,58.66225623865992,59.01911544799805,2502400,0.0,0.0,-0.13933949285149794
55,559,2021-11-02 04:00:00+00:00,59.3576805598118,59.52238535652703,58.63480989539978,59.211273193359375,2395400,0.0,0.0,0.3255856071422203
56,560,2021-11-03 04:00:00+00:00,58.88185768778432,59.321072761953886,57.60997348905662,58.10408782958984,2397000,0.0,0.0,-1.8698894721515757
57,561,2021-11-04 04:00:00+00:00,58.030885874618,58.38774856928144,57.36291801988565,57.71062850952149,5254700,0.0,0.0,-0.6771628895066772
58,562,2021-11-05 04:00:00+00:00,58.02173804992889,58.68970591490489,57.89363510192576,58.37859725952149,4477200,0.0,0.0,1.1574449408219278
59,563,2021-11-08 05:00:00+00:00,58.41519459523848,58.55244973782707,57.06095804990704,57.408668518066406,2656200,0.0,0.0,-1.6614457814792538
60,564,2021-11-09 05:00:00+00:00,57.47272384628573,58.38774888353601,57.36291832862437,58.19559097290039,6245000,0.0,0.0,1.3707380351215548
61,565,2021-11-10 05:00:00+00:00,58.40604906550647,59.01911415726056,58.20474244287989,58.91846084594727,2254900,0.0,0.0,1.242138555450878
62,566,2021-11-11 05:00:00+00:00,58.83611062617686,58.83611062617686,57.68317716493267,58.10408782958984,1899400,0.0,0.0,-1.3822034803094407
63,567,2021-11-12 05:00:00+00:00,58.04004026921034,58.21389377531516,57.46357349974589,57.765533447265625,3844200,0.0,0.0,-0.5826687845391199
64,568,2021-11-15 05:00:00+00:00,57.89363719038913,58.88186246102233,57.80213258812627,58.84526062011719,2180300,0.0,0.0,1.869154681722529
65,569,2021-11-16 05:00:00+00:00,58.881862211606666,59.2478736380204,58.62565630744325,58.66225814819336,2891200,0.0,0.0,-0.3109893133199315
66,570,2021-11-17 05:00:00+00:00,58.52499956152986,59.522380465541104,58.26879367237817,59.44917678833008,3527700,0.0,0.0,1.3414393938753433
67,571,2021-11-18 05:00:00+00:00,59.26616981516444,59.26616981516444,58.57075579887311,58.863563537597656,2432600,0.0,0.0,-0.9850653656946484
68,572,2021-11-19 05:00:00+00:00,58.845256083762486,59.696229621215736,58.67140607922425,59.5681266784668,2924400,0.0,0.0,1.1969427240318575
69,573,2021-11-22 05:00:00+00:00,59.78772906200599,61.33412351783689,59.44002208151929,60.6753044128418,5212500,0.0,0.0,1.8586747579813157
70,574,2021-11-23 05:00:00+00:00,60.50146743118499,60.849174486487485,59.96159894467289,60.24525451660156,1922300,0.0,0.0,-0.7087725400009903
71,575,2021-11-24 05:00:00+00:00,60.28184568106905,60.33675192929579,59.75113647618094,59.97989273071289,2055500,0.0,0.0,-0.44046919216773617
72,576,2021-11-26 05:00:00+00:00,59.95244071308073,60.46485950966255,59.12892371848968,59.25702667236328,2144000,0.0,0.0,-1.205180645445647
73,577,2021-11-29 05:00:00+00:00,59.22042359399272,60.1903479333705,58.74460664861275,60.0164909362793,2630200,0.0,0.0,1.281644231181489
74,578,2021-11-30 05:00:00+00:00,59.82433388121763,59.82433388121763,58.10408933993526,58.314544677734375,4298600,0.0,0.0,-2.8357976815937325
75,579,2021-12-01 05:00:00+00:00,58.94591189909881,59.99819210020204,58.42434790113803,58.75375747680664,3568300,0.0,0.0,0.7531788192799871
76,580,2021-12-02 05:00:00+00:00,58.92761960315055,59.705389565254336,58.799516643796416,59.156375885009766,2978700,0.0,0.0,0.6852641013846084
77,581,2021-12-03 05:00:00+00:00,59.52238072504557,60.007342871780864,58.70800901051141,59.63217926025391,3328200,0.0,0.0,0.804314612120649
78,582,2021-12-06 05:00:00+00:00,60.1171368096828,60.74850626319606,59.604725068330815,59.64132690429688,3772100,0.0,0.0,0.015340113603845573
79,583,2021-12-07 05:00:00+00:00,59.56813118126208,60.44655441840687,59.3393749117633,60.42825698852539,4990400,0.0,0.0,1.3194375864427954
80,584,2021-12-08 05:00:00+00:00,60.48314857851055,61.59948014887573,60.31844380614378,61.407325744628906,3039800,0.0,0.0,1.6202167742310092
81,585,2021-12-09 05:00:00+00:00,61.35243256317612,61.50798514664177,60.83086856248937,61.12367630004883,3222600,0.0,0.0,-0.4619146675751251
82,586,2021-12-10 05:00:00+00:00,61.544579404297785,61.718429395717294,60.7576573976002,60.85831069946289,2844000,0.0,0.0,-0.434145353566906
83,587,2021-12-13 05:00:00+00:00,60.80341516165903,62.08445169912154,60.80341516165903,61.72759246826172,2500200,0.0,0.0,1.4283698624032004
84,588,2021-12-14 05:00:00+00:00,61.59948078833289,61.91973813206882,61.05046720177322,61.66353225708008,3102400,0.0,0.0,-0.10377889144886909
85,589,2021-12-15 05:00:00+00:00,61.91060509419783,63.02692991478392,61.85569883797447,62.97203063964844,3457200,0.0,0.0,2.1219971264589965
86,590,2021-12-16 05:00:00+00:00,62.75241810786066,63.65829093105186,62.5053574408441,63.09097290039063,3774600,0.0,0.0,0.18888109456534075
87,591,2021-12-17 05:00:00+00:00,62.532808996490274,63.01777814044148,61.16027141204312,61.306678771972656,5062800,0.0,0.0,-2.8281290434925777
88,592,2021-12-20 05:00:00+00:00,60.77596309906217,61.52628337259057,60.098846506143175,61.41648483276367,2373900,0.0,0.0,0.17910945918213628
89,593,2021-12-21 05:00:00+00:00,61.76473053473583,61.9674202114732,60.89869538105785,61.11980819702149,2901100,0.458,0.0,-0.48305701075213037
90,594,2021-12-22 05:00:00+00:00,60.5762450358346,61.672608221901015,60.5762450358346,61.47913360595703,2247100,0.0,0.0,0.5879033647770093
91,595,2021-12-23 05:00:00+00:00,61.543619879930375,61.755517619197015,61.24880043860945,61.36856842041016,2442400,0.0,0.0,-0.1798418082068709
92,596,2021-12-27 05:00:00+00:00,61.562049865722656,61.67260980440639,61.15667045293303,61.562049865722656,1211500,0.0,0.0,0.3152777558489417
93,597,2021-12-28 05:00:00+00:00,61.56205434448822,62.30831465500591,61.56205434448822,62.29910659790039,1213900,0.0,0.0,1.1972582683412503
94,598,2021-12-29 05:00:00+00:00,62.3912375951304,62.72291041276127,62.16090964005626,62.61235046386719,1502600,0.0,0.0,0.502806353209162
95,599,2021-12-30 05:00:00+00:00,62.85189560061131,62.91638714902,62.45573122351456,62.86111068725586,1744500,0.0,0.0,0.39730216410296393
96,600,2021-12-31 05:00:00+00:00,62.133262939971615,62.63077209859652,61.19352107510776,62.37279891967773,5704600,0.0,0.0,-0.77681059440321
97,601,2022-01-03 05:00:00+00:00,62.33595929863972,62.63998684830115,61.5712688233509,62.59392547607422,3501100,0.0,0.0,0.35452402365532265
98,602,2022-01-04 05:00:00+00:00,62.52943352293915,64.05880743446758,62.43729672098531,62.99008941650391,4197000,0.0,0.0,0.6329111609737925
99,603,2022-01-05 05:00:00+00:00,62.99008746327732,64.31677161585063,62.79661283746561,63.607364654541016,4166000,0.0,0.0,0.9799561228680753
100,604,2022-01-06 05:00:00+00:00,63.73635178329516,64.09566282961275,62.944023058325286,63.109859466552734,2296000,0.0,0.0,-0.7821502913857414
101,605,2022-01-07 05:00:00+00:00,62.89794918927342,63.96667417808791,62.41887017883808,63.66263961791992,2673100,0.0,0.0,0.8759014138831178
102,606,2022-01-10 05:00:00+00:00,64.02194328173252,64.68528878082148,63.81925359822756,64.36283111572266,3760600,0.0,0.0,1.0998467892707975
103,607,2022-01-11 05:00:00+00:00,64.2154259208803,64.51024539860494,62.78739693120353,63.20198440551758,3405400,0.0,0.0,-1.8035979618701181
104,608,2022-01-12 05:00:00+00:00,62.96244016475125,63.26647472219121,62.51099938582719,63.19276809692383,2178100,0.0,0.0,-0.01458230889495038
105,609,2022-01-13 05:00:00+00:00,63.3309696787483,63.8469090544043,63.13749504877145,63.58893585205078,2628600,0.0,0.0,0.6269194514779253
106,610,2022-01-14 05:00:00+00:00,63.64421059720202,63.92981495998144,63.15591654636622,63.54286575317383,3011500,0.0,0.0,-0.07244986609642456
107,611,2022-01-18 05:00:00+00:00,62.97165346331439,63.35860269141224,62.14247152521151,63.00850677490234,3616100,0.0,0.0,-0.8409425227171141
108,612,2022-01-19 05:00:00+00:00,63.01772798745074,63.51523719868667,62.37280551552958,62.759761810302734,3758100,0.0,0.0,-0.39477997072402404
109,613,2022-01-20 05:00:00+00:00,62.93480477334983,63.45995220120415,62.69526877401345,62.81503677368164,3737200,0.0,0.0,0.08807388967788654
110,614,2022-01-21 05:00:00+00:00,63.13748346950002,63.88374362384133,62.69525783324211,62.85187911987305,4885400,0.0,0.0,0.05865211274833637
111,615,2022-01-24 05:00:00+00:00,63.2388287221954,63.63499299800109,60.43804056774004,62.12404251098633,4502300,0.0,0.0,-1.158018851749154
112,616,2022-01-25 05:00:00+00:00,62.01349921751868,63.06379417847741,61.84766280110142,62.53864669799805,4756500,0.0,0.0,0.6673812106454458
113,617,2022-01-26 05:00:00+00:00,62.317529741162645,63.31254817455371,61.71867566389666,62.29910659790039,4062100,0.0,0.0,-0.38302731629996645
114,618,2022-01-27 05:00:00+00:00,62.13325704583213,63.865320337104464,61.53440309527501,63.51522445678711,4442200,0.0,0.0,1.952063079709876
115,619,2022-01-28 05:00:00+00:00,61.19352178259354,64.39047452481755,61.19352178259354,64.34440612792969,3430400,0.0,0.0,1.3054849104827015
116,620,2022-01-31 05:00:00+00:00,63.681064468521306,64.27070336858677,63.275685088832496,64.17857360839844,3475800,0.0,0.0,-0.25772639691714616
117,621,2022-02-01 05:00:00+00:00,63.99431285909183,64.22464079496348,62.520215475323454,63.10063934326172,3372400,0.0,0.0,-1.679585887517543
118,622,2022-02-02 05:00:00+00:00,62.78739817491109,64.16936582206665,62.7229066325392,64.11408233642578,2559800,0.0,0.0,1.6060740488714087
119,623,2022-02-03 05:00:00+00:00,64.19699174089675,64.6576475349534,63.74555103085512,64.0035171508789,2530600,0.0,0.0,-0.17245070274375385
120,624,2022-02-04 05:00:00+00:00,63.38623946350688,63.84689525312816,62.50177416187046,63.3678092956543,2517300,0.0,0.0,-0.9932389398632946
121,625,2022-02-07 05:00:00+00:00,63.24804586992133,63.73633991739247,62.658406979120336,63.34017562866211,2652900,0.0,0.0,-0.04360836724409678
122,626,2022-02-08 05:00:00+00:00,63.70870328542963,63.92981611774544,63.19276397129245,63.42309188842773,4155200,0.0,0.0,0.13090626753502477
123,627,2022-02-09 05:00:00+00:00,63.67185306834684,63.99431076219103,63.44152514002235,63.74555969238281,3921800,0.0,0.0,0.5084391100363961
124,628,2022-02-10 05:00:00+00:00,63.03614425874638,63.15591927725888,61.58047009889742,61.80158996582031,3232500,0.0,0.0,-3.0495766857229323
125,629,2022-02-11 05:00:00+00:00,61.94900239928394,62.39123514846679,61.51598473607707,61.691036224365234,3546800,0.0,0.0,-0.17888494699929147
126,630,2022-02-14 05:00:00+00:00,61.70024580817241,62.068771894786,60.594667548331664,61.17509841918945,4491300,0.0,0.0,-0.8363253995270159
127,631,2022-02-15 05:00:00+00:00,61.24880227667227,61.82922609227094,60.56702658705462,60.91712951660156,10095000,0.0,0.0,-0.42168939528337557
128,632,2022-02-16 05:00:00+00:00,61.11981606141112,61.230375998143714,60.10637457637272,60.75129699707031,3148800,0.0,0.0,-0.27222641783548607
129,633,2022-02-17 05:00:00+00:00,60.65916150858663,61.30408394317642,59.89447810746196,60.898704528808594,3545000,0.0,0.0,0.24264096245614208
130,634,2022-02-18 05:00:00+00:00,60.71444600553976,61.20274011060114,60.3827732117149,60.80657577514648,3664200,0.0,0.0,-0.15128195973123093
131,635,2022-02-22 05:00:00+00:00,60.91713338764392,61.165884458979015,60.447262442843616,60.75129699707031,3556500,0.0,0.0,-0.0909092106757936
132,636,2022-02-23 05:00:00+00:00,60.93554882986838,61.00925544504375,59.77469424253032,59.820762634277344,3701500,0.0,0.0,-1.53171110542355
133,637,2022-02-24 05:00:00+00:00,59.95896561451788,60.37355305746747,58.78889936321151,59.7286376953125,4720400,0.0,0.0,-0.1540016123299237
134,638,2022-02-25 05:00:00+00:00,60.18929147185669,62.00427653766836,60.12479993785043,61.93978500366211,4985000,0.0,0.0,3.7019885161772903
135,639,2022-02-28 05:00:00+00:00,61.35936072107416,62.15168938293457,61.267230952519625,62.03192138671875,4173000,0.0,0.0,0.14875153837099475
136,640,2022-03-01 05:00:00+00:00,61.81079508042397,62.603123659900405,60.88027537700983,61.27643966674805,4585200,0.0,0.0,-1.2178918580659226
137,641,2022-03-02 05:00:00+00:00,61.30408528900663,62.53863967215564,61.23959374703691,62.24382019042969,3256200,0.0,0.0,1.5787152924398695
138,642,2022-03-03 05:00:00+00:00,62.52020681092306,63.82846761839571,62.25302559885333,63.69026947021485,2822100,0.0,0.0,2.3238439982633974
139,643,2022-03-04 05:00:00+00:00,63.52442968660216,65.7079406292541,63.23882535033672,65.65266418457031,3515300,0.0,0.0,3.081153103415879
140,644,2022-03-07 05:00:00+00:00,65.54211963512954,66.13175861351912,64.80506739761702,65.91986083984375,4388600,0.0,0.0,0.40698524361824084
141,645,2022-03-08 05:00:00+00:00,66.17783634987914,66.85039010961334,64.62081696873906,64.66688537597656,2883100,0.0,0.0,-1.900755626458872
142,646,2022-03-09 05:00:00+00:00,64.94326014221943,65.09067338902018,63.763982284015285,64.34440612792969,2866900,0.0,0.0,-0.49867756297827803
143,647,2022-03-10 05:00:00+00:00,63.874546002486376,64.85113421870928,63.80083937472026,64.63923645019531,1945200,0.0,0.0,0.4582066103453464
144,648,2022-03-11 05:00:00+00:00,65.36706573811281,65.37628082373115,64.48260730312472,64.83271026611328,3031500,0.0,0.0,0.2993132755629624
145,649,2022-03-14 04:00:00+00:00,65.16483717685801,65.74004189295984,64.25565061704407,64.48758697509766,2392600,0.488,0.0,-0.5323289580198454
146,650,2022-03-15 04:00:00+00:00,65.0442313569996,65.31327837567153,64.31131163264554,65.15556335449219,4454600,0.0,0.0,1.0358216375075058
147,651,2022-03-16 04:00:00+00:00,64.88652269922143,64.94218516435865,63.06814236399576,64.24637603759766,3809300,0.0,0.0,-1.39541010787968
148,652,2022-03-17 04:00:00+00:00,64.16288018069856,65.07206677864744,63.995885712770125,64.66385650634766,3974500,0.0,0.0,0.6498117006719317
149,653,2022-03-18 04:00:00+00:00,64.66385527775817,64.66385527775817,63.37428966364281,63.819610595703125,5750300,0.0,0.0,-1.3055916492726638
150,654,2022-03-21 04:00:00+00:00,63.7268327699467,64.88651450136581,63.70827389848807,64.31130981445312,2559000,0.0,0.0,0.7704516122245098
151,655,2022-03-22 04:00:00+00:00,64.67313173861116,64.67313173861116,63.87527011905848,64.20925903320312,2351000,0.0,0.0,-0.15868247986929873
152,656,2022-03-23 04:00:00+00:00,64.21854142131782,64.72879717384168,63.64333669204082,64.29276275634766,2511300,0.0,0.0,0.13004934864822015
153,657,2022-03-24 04:00:00+00:00,64.43191028972196,65.08133626712404,64.1072008400885,64.83084106445312,2257800,0.0,0.0,0.8369189392974707
154,658,2022-03-25 04:00:00+00:00,64.99785712751488,65.72149759258875,64.81231083118632,65.59161376953125,1698900,0.0,0.0,1.1734734465681074
155,659,2022-03-28 04:00:00+00:00,65.71221834100734,66.12042156574803,65.04424041925765,66.09259033203125,1684200,0.0,0.0,0.7637814252600572
156,660,2022-03-29 04:00:00+00:00,66.09258771475379,66.6585130383734,65.767878204022,66.63996124267578,2527000,0.0,0.0,0.8281880130506236
157,661,2022-03-30 04:00:00+00:00,66.6585095896584,67.11310288116358,66.32452065928916,67.09455108642578,1582100,0.0,0.0,0.6821580254144699
158,662,2022-03-31 04:00:00+00:00,67.12237775461357,67.4934773273671,66.89044140640955,66.95538330078125,3045300,0.0,0.0,-0.2074203991100032
159,663,2022-04-01 04:00:00+00:00,67.00177294533393,67.55841876160517,66.27813267636775,67.49347686767578,2598700,0.0,0.0,0.803659900619591
160,664,2022-04-04 04:00:00+00:00,66.98322500934113,67.62337169553616,66.2966952931302,67.44709777832031,2082300,0.0,0.0,-0.06871640269235924
161,665,2022-04-05 04:00:00+00:00,67.58625436632518,68.69027371273603,67.53059190453506,67.79035949707031,2979400,0.0,0.0,0.5089347504294572
162,666,2022-04-06 04:00:00+00:00,67.86458407939195,69.72935449810085,67.77181094592316,69.5716323852539,3350600,0.0,0.0,2.6276197698296144
163,667,2022-04-07 04:00:00+00:00,69.3396989892351,69.58091480911833,68.56967557806475,69.1819839477539,3228700,0.0,0.0,-0.5600679819359633
164,668,2022-04-08 04:00:00+00:00,69.34897564008347,69.9612910633074,69.02426613298125,69.4139175415039,2115100,0.0,0.0,0.33525143471624386
165,669,2022-04-11 04:00:00+00:00,69.47886373846355,70.06334088738289,68.81088580933466,68.9871597290039,2752300,0.0,0.0,-0.6148015089982972
166,670,2022-04-12 04:00:00+00:00,68.86654113868602,69.77572762708999,68.35627835979118,69.33041381835938,2872300,0.0,0.0,0.4975622865238227
167,671,2022-04-13 04:00:00+00:00,69.59017825094297,69.6736719320172,68.6531534983445,68.99642181396484,2274800,0.0,0.0,-0.4817395223827292
168,672,2022-04-14 04:00:00+00:00,69.03355402901946,69.42320548528916,68.82016942498379,68.9686050415039,2007100,0.0,0.0,-0.04031625369782521
169,673,2022-04-18 04:00:00+00:00,69.20052711585849,69.39535988179196,68.54182872050374,68.83870697021484,2180900,0.0,0.0,-0.18834377063432495
170,674,2022-04-19 04:00:00+00:00,68.88509819328915,69.74790172651234,68.8201562962997,69.43246459960938,3252700,0.0,0.0,0.8625345470992585
171,675,2022-04-20 04:00:00+00:00,69.97056629373425,70.30455525135743,69.68296744394522,69.90562438964844,3317700,0.0,0.0,0.6814676574821155
172,676,2022-04-21 04:00:00+00:00,69.78500871224912,70.55503907746257,69.58090359586623,69.8592300415039,3248700,0.0,0.0,-0.06636711788158278
173,677,2022-04-22 04:00:00+00:00,69.7942915670914,69.93344771859182,68.85726670421856,68.93148803710938,2371600,0.0,0.0,-1.328016360677542
174,678,2022-04-25 04:00:00+00:00,69.25620997284778,69.50669816872129,67.15950294958536,68.37484741210938,4446400,0.0,0.0,-0.8075273591951593
175,679,2022-04-26 04:00:00+00:00,68.27277519315317,69.2654694877145,68.05011829662689,68.07794952392578,3641000,0.0,0.0,-0.4342209151767862
176,680,2022-04-27 04:00:00+00:00,68.14289990813418,68.89437852955672,67.38214892854623,67.69758605957031,2965600,0.0,0.0,-0.5587175686332824
177,681,2022-04-28 04:00:00+00:00,70.08189704131192,70.1468389442261,67.78108505009835,69.4695816040039,5262900,0.0,0.0,2.6175165874811723
178,682,2022-04-29 04:00:00+00:00,69.44175638599062,69.46031526165167,67.75325968583026,67.96664428710938,5614300,0.0,0.0,-2.1634466225256666
179,683,2022-05-02 04:00:00+00:00,68.18928851668483,68.76449322645108,66.70489725711886,67.41925811767578,4397200,0.0,0.0,-0.8053747175177373
180,684,2022-05-03 04:00:00+00:00,67.96663076988101,68.29134024799943,66.63067511346718,66.91827392578125,4940100,0.0,0.0,-0.7430876664648256
181,685,2022-05-04 04:00:00+00:00,66.74200444468183,68.32844818423037,66.64922424480942,68.09651184082031,4162100,0.0,0.0,1.7607117546783124
182,686,2022-05-05 04:00:00+00:00,67.79035381343175,68.30061659751344,66.97394043703649,67.53058624267578,4024500,0.0,0.0,-0.8310640043757589
183,687,2022-05-06 04:00:00+00:00,67.46564792411591,67.99446252920858,67.0481582391675,67.79963684082031,2593900,0.0,0.0,0.3984129460651742
184,688,2022-05-09 04:00:00+00:00,67.57697444451664,68.92220957924738,67.34503808454265,68.32845306396484,4033000,0.0,0.0,0.7799691086636473
185,689,2022-05-10 04:00:00+00:00,68.56039462065932,69.38608755850149,67.3543226261227,68.18001556396484,4316000,0.0,0.0,-0.2172411248079098
186,690,2022-05-11 04:00:00+00:00,67.89240835186239,69.66439837731667,67.79963522790392,68.62532806396484,4348700,0.0,0.0,0.6531422680333909
187,691,2022-05-12 04:00:00+00:00,68.61605157446822,68.93148870323449,67.15949152355586,68.23567962646484,2688700,0.0,0.0,-0.5677910015043031
188,692,2022-05-13 04:00:00+00:00,68.23567411300989,69.30257561534208,67.79963266096472,69.10774993896484,2688300,0.0,0.0,1.278026858197756
189,693,2022-05-16 04:00:00+00:00,68.9871458024725,69.757176153001,68.69954700476431,69.42318725585938,2678200,0.0,0.0,0.45644275377669796
190,694,2022-05-17 04:00:00+00:00,69.59945538911215,70.00766562187795,68.28205864644961,69.8592300415039,2465500,0.0,0.0,0.6280938730708119
191,695,2022-05-18 04:00:00+00:00,70.0262324656563,70.23960996388715,69.25620201277587,69.4788589477539,3151900,0.0,0.0,-0.5444822302278718
192,696,2022-05-19 04:00:00+00:00,69.39535377271278,70.01694144736645,68.50471202384955,69.59017944335938,2954900,0.0,0.0,0.16022211258417407
193,697,2022-05-20 04:00:00+00:00,69.61801256875104,69.72006512446258,68.30061585810172,68.85726165771484,4574000,0.0,0.0,-1.0531914007220866
194,698,2022-05-23 04:00:00+00:00,69.8313891068992,69.8313891068992,68.61604496815764,69.46029663085938,2722700,0.0,0.0,0.8757754209602231
195,699,2022-05-24 04:00:00+00:00,69.58090154309653,70.87974645419473,68.13362105600342,70.74986267089844,2680700,0.0,0.0,1.8565512999352052
196,700,2022-05-25 04:00:00+00:00,70.86119094521685,71.09312729469757,69.92417318957247,70.2303237915039,2847500,0.0,0.0,-0.7343319969555728
197,701,2022-05-26 04:00:00+00:00,70.31383080140664,70.51793593957471,69.4695790168271,69.5438003540039,4487800,0.0,0.0,-0.977531357449124
198,702,2022-05-27 04:00:00+00:00,69.37680084182658,70.84264029291185,68.94075936527652,70.82408142089844,2981700,0.0,0.0,1.8409708131816638
199,703,2022-05-31 04:00:00+00:00,70.28599788829356,70.40660224971887,69.39536309788429,69.8963394165039,3753300,0.0,0.0,-1.309924514066163
200,704,2022-06-01 04:00:00+00:00,70.06333035606332,70.10044102189642,69.12631258678681,69.6922378540039,2314300,0.0,0.0,-0.29200608244128734
201,705,2022-06-02 04:00:00+00:00,70.04476639023422,70.18392959339138,68.27276956484424,70.02621459960938,2633200,0.0,0.0,0.4792165611112953
202,706,2022-06-03 04:00:00+00:00,69.93345436143001,70.17467017716982,69.32114600225857,69.4695816040039,2255100,0.0,0.0,-0.794892311098272
203,707,2022-06-06 04:00:00+00:00,69.70151050655062,69.8313942984477,68.95931842115813,69.31185913085938,2356900,0.0,0.0,-0.2270381791610543
204,708,2022-06-07 04:00:00+00:00,69.29331040592467,70.21177642591444,68.95004203891575,70.11900329589844,2173900,0.0,0.0,1.1645109151021238
205,709,2022-06-08 04:00:00+00:00,69.88706650575305,69.89633886400286,67.40998785093223,67.88313293457031,5320300,0.0,0.0,-3.1886796107082005
206,710,2022-06-09 04:00:00+00:00,67.6697450576442,68.54182083438194,66.09257378653112,66.12968444824219,2733400,0.0,0.0,-2.5830400138105003
207,711,2022-06-10 04:00:00+00:00,65.51737606386973,66.40801070833538,65.19265954423192,65.87919616699219,3562300,0.0,0.0,-0.37878342130310827
208,712,2022-06-13 04:00:00+00:00,65.49881394766903,65.55448347640677,63.11450891232883,63.4484977722168,3281000,0.0,0.0,-3.68962971043848
209,713,2022-06-14 04:00:00+00:00,63.68024543036247,63.68959155619847,60.94241513884327,61.55912399291992,2901100,0.488,0.0,-2.977806954673412
210,714,2022-06-15 04:00:00+00:00,62.11042836357239,62.39074796411259,60.8022488407035,61.53108978271485,3129000,0.0,0.0,-0.04554030074940263
211,715,2022-06-16 04:00:00+00:00,60.671431760507794,61.06388347969672,59.92389856576279,60.69011688232422,4726800,0.0,0.0,-1.366744686889776
212,716,2022-06-17 04:00:00+00:00,60.92372035740184,61.23207833613865,59.40062984361852,59.71833038330078,6773700,0.0,0.0,-1.6012269360227038
213,717,2022-06-21 04:00:00+00:00,59.78374769833975,60.7275033291979,59.5221131797856,60.51259231567383,3146900,0.0,0.0,1.330013627767368
214,718,2022-06-22 04:00:00+00:00,60.21357678374735,61.77404480306407,60.18554553402395,61.4656867980957,3416000,0.0,0.0,1.5750349571042932
215,719,2022-06-23 04:00:00+00:00,61.58716823998081,63.01681908191655,61.58716823998081,62.8673095703125,4000400,0.0,0.0,2.2803337036172433
216,720,2022-06-24 04:00:00+00:00,63.04484772036629,64.20351787125612,62.90468434129766,64.0633544921875,3928000,0.0,0.0,1.9024910244286986
217,721,2022-06-27 04:00:00+00:00,64.06335774667824,64.88564581018436,63.586812214243686,64.7828598022461,2957800,0.0,0.0,1.1231152595144511
218,722,2022-06-28 04:00:00+00:00,64.91366743381339,65.79201786991837,64.72678057027781,65.3995590209961,4182100,0.0,0.0,0.9519481242916905
219,723,2022-06-29 04:00:00+00:00,65.5303859295913,65.84809007997471,65.1939966545999,65.60514068603516,2945600,0.0,0.0,0.3143471731561043
220,724,2022-06-30 04:00:00+00:00,64.91367073374161,66.70774194085655,64.91367073374161,66.11906433105469,3383700,0.0,0.0,0.783358803358114
221,725,2022-07-01 04:00:00+00:00,66.1470929131682,67.90378667485824,65.82938880631708,67.86640930175781,3636600,0.0,0.0,2.642724890894188
222,726,2022-07-05 04:00:00+00:00,67.8383880416389,67.95052017744872,64.53056488981191,65.3061294555664,3666300,0.0,0.0,-3.7725288143763525
223,727,2022-07-06 04:00:00+00:00,65.62382776684527,66.96003863467696,64.9977656422348,66.35266876220703,3095600,0.0,0.0,1.6025131413624383
224,728,2022-07-07 04:00:00+00:00,66.57693237602234,66.96938416117217,64.68007495212542,65.01646423339844,6138700,0.0,0.0,-2.0137916887672525
225,729,2022-07-08 04:00:00+00:00,65.02579486543188,65.30612160676243,64.53055713421901,65.03514099121094,2231900,0.0,0.0,0.02872619732972037
226,730,2022-07-11 04:00:00+00:00,65.00711755574619,65.71727349119647,64.4184398830081,65.3061294555664,2168000,0.0,0.0,0.416680059772756
227,731,2022-07-12 04:00:00+00:00,65.46497279749312,65.98824892760499,64.68006929583352,64.94170379638672,1937100,0.0,0.0,-0.5580267307491282
228,732,2022-07-13 04:00:00+00:00,64.3343262370839,65.35283999721706,64.28760986985131,64.66136932373047,1646400,0.0,0.0,-0.4316709545151287
229,733,2022-07-14 04:00:00+00:00,63.74565344894279,64.85760715571372,63.54008145653084,64.76416015625,1410700,0.0,0.0,0.1589679179308856
230,734,2022-07-15 04:00:00+00:00,64.98843061069013,65.44629100999556,64.25024344421476,65.37153625488281,2511300,0.0,0.0,0.9378274915747387
231,735,2022-07-18 04:00:00+00:00,65.11924639807843,65.27809490235391,63.9792613598555,64.05401611328125,3036200,0.0,0.0,-2.015433959612889
232,736,2022-07-19 04:00:00+00:00,64.66136300722384,64.80152635323884,63.83908230840851,64.34366607666016,4459400,0.0,0.0,0.45219641320639603
233,737,2022-07-20 04:00:00+00:00,64.34368324077113,64.43712312003888,63.035503544005245,63.16632080078125,4360100,0.0,0.0,-1.8297764918713155
234,738,2022-07-21 04:00:00+00:00,63.072874441572246,63.37188630191283,62.57763671622738,63.2597541809082,3961300,0.0,0.0,0.14791645127096853
235,739,2022-07-22 04:00:00+00:00,63.54008270899398,64.21286119596535,63.33451071252992,64.1661376953125,2200700,0.0,0.0,1.432796453511731
236,740,2022-07-25 04:00:00+00:00,64.34368100742566,64.96973601869581,64.00729175053307,64.90432739257812,1889000,0.0,0.0,1.1504349860838703
237,741,2022-07-26 04:00:00+00:00,65.2874436646577,66.00693859066345,65.12858802496301,65.60514068603516,2769100,0.0,0.0,1.0797635868223576
238,742,2022-07-27 04:00:00+00:00,65.16595686183913,65.75464158041777,64.8856372554253,65.64250946044922,2394200,0.0,0.0,0.05696013151301749
239,743,2022-07-28 04:00:00+00:00,65.83873815065256,67.61412425019267,65.27809178474656,67.47396087646484,2615600,0.0,0.0,2.7900386975898694
240,744,2022-07-29 04:00:00+00:00,67.33379549639398,68.7541071853072,67.28707912588025,68.38034057617188,2647400,0.0,0.0,1.343302939287172
241,745,2022-08-01 04:00:00+00:00,68.17476846766213,68.7541070672776,67.74493936304617,68.38968658447266,3028200,0.0,0.0,0.013667683170393019
242,746,2022-08-02 04:00:00+00:00,68.84754751313982,69.5577033623186,68.34296365680267,68.63262939453125,2849700,0.0,0.0,0.35523310924743257
243,747,2022-08-03 04:00:00+00:00,68.4831277933736,69.58573538903612,67.60477731559008,69.43622589111328,2894900,0.0,0.0,1.1708665450693934
244,748,2022-08-04 04:00:00+00:00,69.38016457635985,70.42670969264047,69.31475595215514,69.66983032226562,2824300,0.0,0.0,0.3364301964203342
245,749,2022-08-05 04:00:00+00:00,69.65114994356134,69.76328207655254,68.34297024135404,68.95968627929688,3057200,0.0,0.0,-1.019299228495174
246,750,2022-08-08 04:00:00+00:00,69.2960651987494,69.8567115219519,68.83819773751313,69.05311584472656,2044800,0.0,0.0,0.13548432493049045
247,751,2022-08-09 04:00:00+00:00,69.06246863409618,70.1183527634972,69.06246863409618,69.91278076171875,1903600,0.0,0.0,1.2449328411555438
248,752,2022-08-10 04:00:00+00:00,70.36130234947001,70.5294969760594,69.73524021610616,70.18376159667969,2293600,0.0,0.0,0.3875984219316342
249,753,2022-08-11 04:00:00+00:00,70.33326159167072,70.85653770613963,69.61376673665818,69.716552734375,1930800,0.0,0.0,-0.6656936756817999
250,754,2022-08-12 04:00:00+00:00,70.2772023205411,71.00604333489684,70.13703894185602,70.97801208496094,1675100,0.0,0.0,1.80941154017209
251,755,2022-08-15 04:00:00+00:00,71.01538612753474,71.71619585905647,70.69768913783408,71.6601333618164,1389800,0.0,0.0,0.9610318136819229
252,756,2022-08-16 04:00:00+00:00,71.2957122411267,72.21143295663916,71.2957122411267,71.95914459228516,1476900,0.0,0.0,0.4172630114418263
253,757,2022-08-17 04:00:00+00:00,71.66946605308665,72.36093672690178,71.66946605308665,71.88438415527344,1591100,0.0,0.0,-0.10389289288429415
254,758,2022-08-18 04:00:00+00:00,71.9591448273295,72.44503643504491,71.78160408171944,71.9404525756836,1865700,0.0,0.0,0.07799805349801847
255,759,2022-08-19 04:00:00+00:00,71.84701429182691,72.34225203630685,71.71619704343618,71.89373779296875,2406400,0.0,0.0,-0.06493534728002626
256,760,2022-08-22 04:00:00+00:00,71.7816091567065,71.96848891234677,70.97801337524304,71.2022705078125,1978900,0.0,0.0,-0.9617907016428284
257,761,2022-08-23 04:00:00+00:00,71.0340673381892,71.04341346354957,70.17440915916147,70.40801239013672,1521300,0.0,0.0,-1.115495491943097
258,762,2022-08-24 04:00:00+00:00,70.45474231372863,70.59490569089829,69.93146618089561,70.4640884399414,1431100,0.0,0.0,0.07964441531733701
259,763,2022-08-25 04:00:00+00:00,70.73506739237574,71.10883405064183,70.09966621202521,71.09014892578125,1553600,0.0,0.0,0.888481636108085
260,764,2022-08-26 04:00:00+00:00,71.24900432481691,71.34244421616287,69.99689409696632,70.01557922363281,2413300,0.0,0.0,-1.5115592221790042
261,765,2022-08-29 04:00:00+00:00,69.80065105467884,71.03407597910751,69.43623054034803,70.66031646728516,2278200,0.0,0.0,0.9208482609178059
262,766,2022-08-30 04:00:00+00:00,70.62292477716647,70.71636463618462,69.54834857594703,69.79129791259766,2538400,0.0,0.0,-1.2298537540372356
263,767,2022-08-31 04:00:00+00:00,69.91278022378667,70.37998672277723,69.38016510009766,69.38016510009766,2811300,0.0,0.0,-0.5890889334296046
264,768,2022-09-01 04:00:00+00:00,69.40818905403931,70.5481739323956,69.2867179435113,70.47341918945312,1803400,0.0,0.0,1.575744433265891
265,769,2022-09-02 04:00:00+00:00,70.66964852078532,71.44521297672071,69.35212997435754,69.52967071533203,2148600,0.0,0.0,-1.3391552233105397
266,770,2022-09-06 04:00:00+00:00,69.57638623276375,70.79112589896037,69.37081424657617,69.55770111083984,2283500,0.0,0.0,0.0403142934799261
267,771,2022-09-07 04:00:00+00:00,70.19311293210104,72.15537896859861,70.034257290918,71.93112182617188,2805800,0.0,0.0,3.412160950446008
268,772,2022-09-08 04:00:00+00:00,71.60406591322952,72.11799591691077,71.18358291313065,71.56668853759766,1882500,0.0,0.0,-0.5066420199241528
269,773,2022-09-09 04:00:00+00:00,71.89374444759974,72.22078759884833,71.23031201820802,71.93112182617188,2572400,0.0,0.0,0.5092219523092245
270,774,2022-09-12 04:00:00+00:00,72.03388204984283,72.56650420979666,71.61339912556834,72.33290100097656,1897500,0.0,0.0,0.5585609741714181
271,775,2022-09-13 04:00:00+00:00,71.58538198008375,71.97783373723495,69.93146694365213,70.15573120117188,3561100,0.0,0.0,-3.0099301558156655
272,776,2022-09-14 04:00:00+00:00,70.33254644367845,71.16961416805803,70.12562953641243,70.83102416992188,2669800,0.488,0.0,0.9625627973480766
273,777,2022-09-15 04:00:00+00:00,70.54887036240315,70.59589236574364,68.78067656183049,69.01580810546875,3664700,0.0,0.0,-2.562741518601319
274,778,2022-09-16 04:00:00+00:00,69.19450746579132,69.74942161678365,68.97818329745483,69.5048828125,7082900,0.0,0.0,0.7086415713394967
275,779,2022-09-19 04:00:00+00:00,69.33558823171104,70.11622665054782,68.94056897482196,70.097412109375,1763900,0.0,0.0,0.8525002458797504
276,780,2022-09-20 04:00:00+00:00,69.89990950379816,69.89990950379816,68.33863968490832,69.10987091064453,2397900,0.0,0.0,-1.4088126351791463
277,781,2022-09-21 04:00:00+00:00,69.35439896022596,70.15384478335558,68.18814849853516,68.18814849853516,2435300,0.0,0.0,-1.3337058801645152
278,782,2022-09-22 04:00:00+00:00,68.30100817222453,68.63019087309321,67.74609404020758,68.14111328125,2437600,0.0,0.0,-0.06897858105967547
279,783,2022-09-23 04:00:00+00:00,67.84014623048014,67.90598277163902,66.70211049007975,67.30404663085938,2695200,0.0,0.0,-1.2284311336911435
280,784,2022-09-26 04:00:00+00:00,67.20059180262466,67.4545378862299,65.25370292278039,65.78980255126953,3115900,0.0,0.0,-2.249855923069499
281,785,2022-09-27 04:00:00+00:00,65.98731455096441,66.21303880554669,64.09685508277055,64.30377197265625,3173400,0.0,0.0,-2.2587551884735158
282,786,2022-09-28 04:00:00+00:00,64.99974782421457,65.23487930753883,64.03100726102149,64.8116455078125,2746500,0.0,0.0,0.7898036453790169
283,787,2022-09-29 04:00:00+00:00,64.37900413475444,64.78343061626019,61.28467979853256,61.472782135009766,3852400,0.0,0.0,-5.151641108078742
284,788,2022-09-30 04:00:00+00:00,61.68910136962404,62.22520811712275,60.04318433807771,60.19366836547852,6182200,0.0,0.0,-2.080780672529159
285,789,2022-10-03 04:00:00+00:00,60.87084732291168,62.121748696062845,60.47582810264636,61.6420783996582,2931500,0.0,0.0,2.406249815820094
286,790,2022-10-04 04:00:00+00:00,61.792556541915154,62.714275197279655,61.44456650750081,62.51676559448242,2754400,0.0,0.0,1.4189774542531897
287,791,2022-10-05 04:00:00+00:00,61.74554548577885,61.83018939812649,59.99616620747423,60.504051208496094,3003000,0.0,0.0,-3.219479393802749
288,792,2022-10-06 04:00:00+00:00,60.36296807461615,60.36296807461615,58.05867830937953,58.14332580566406,3788300,0.0,0.0,-3.9017641888094534
289,793,2022-10-07 04:00:00+00:00,58.0774861648719,58.35023959255352,56.13059744199833,56.29989242553711,6476400,0.0,0.0,-3.1704986850741412
290,794,2022-10-10 04:00:00+00:00,56.44097576822682,57.28745078462874,56.337520899842346,56.62908172607422,3970400,0.0,0.0,0.5847068020112145
291,795,2022-10-11 04:00:00+00:00,56.337515465282856,57.15577217699031,56.21524606630327,56.27167892456055,4232000,0.0,0.0,-0.6311294314156446
292,796,2022-10-12 04:00:00+00:00,56.38454296013646,56.38454296013646,54.45646508558632,54.494083404541016,4548400,0.0,0.0,-3.1589523433317668
293,797,2022-10-13 04:00:00+00:00,53.79809363717621,56.41275504705419,53.50652925456227,56.18703079223633,6807300,0.0,0.0,3.1066627456187934
294,798,2022-10-14 04:00:00+00:00,56.62908008529412,56.85480794573527,55.048995825673984,55.359371185302734,3595100,0.0,0.0,-1.4730438595234596
295,799,2022-10-17 04:00:00+00:00,56.0647575463552,57.43792469701357,56.00832469261312,56.99587631225586,3782200,0.0,0.0,2.9561483302895653
296,800,2022-10-18 04:00:00+00:00,57.74830595940831,58.47250792400882,57.36269038867113,57.95521926879883,3162000,0.0,0.0,1.6831795887954026
297,801,2022-10-19 04:00:00+00:00,57.02409972458762,57.626035868015805,56.78896819432209,57.46614456176758,2582500,0.0,0.0,-0.8438838006339044
298,802,2022-10-20 04:00:00+00:00,58.10569759836044,58.10569759836044,55.86724820657483,56.17761993408203,6537600,0.0,0.0,-2.2422326006237836
299,803,2022-10-21 04:00:00+00:00,56.28108286606665,57.59782086221792,55.895467302423015,57.27804183959961,3776000,0.0,0.0,1.9588261425257825
300,804,2022-10-24 04:00:00+00:00,57.78592205713054,58.39726545477063,57.44733567627973,57.917598724365234,4027800,0.0,0.0,1.116583011962291
301,805,2022-10-25 04:00:00+00:00,58.19975731635521,58.94277022448888,58.0586769632113,58.6888313293457,2774300,0.0,0.0,1.3316032120924692
302,806,2022-10-26 04:00:00+00:00,59.271950348690616,59.80804989431079,58.71703985208809,58.84871292114258,3707700,0.0,0.0,0.27242251749683977
303,807,2022-10-27 04:00:00+00:00,58.717050064693794,60.62631707370517,58.51013315572098,59.48828125,4295200,0.0,0.0,1.0868008782357608
304,808,2022-10-28 04:00:00+00:00,59.92091995965261,61.595055353079765,59.84567973356614,61.48219680786133,3874800,0.0,0.0,3.35177873013659
305,809,2022-10-31 04:00:00+00:00,61.27528136219339,61.510412904507525,60.466428282581134,61.2376594543457,3934100,0.0,0.0,-0.3977368510104329
306,810,2022-11-01 04:00:00+00:00,61.4351678542905,62.093533289282334,60.927282872020335,61.98067474365234,3912800,0.0,0.0,1.2133306464146898
307,811,2022-11-02 04:00:00+00:00,61.71732250451521,63.382050469765545,61.3599180100899,61.42575454711914,6364500,0.0,0.0,-0.8953116416178242
308,812,2022-11-03 04:00:00+00:00,61.124788565408345,61.53862234111637,60.701554695266665,61.27527618408203,4247800,0.0,0.0,-0.2449760107084753
309,813,2022-11-04 04:00:00+00:00,61.37873582537905,62.084130406472354,60.56988279834049,61.6514892578125,3470700,0.0,0.0,0.6139720571805451
310,814,2022-11-07 05:00:00+00:00,61.80197252829602,62.1029406096251,60.34416129946409,61.36933135986328,3983100,0.0,0.0,-0.4576659888446466
311,815,2022-11-08 05:00:00+00:00,61.44456816611545,62.43211620675919,61.35991709083498,62.15936279296875,2892100,0.0,0.0,1.2873391571969428
312,816,2022-11-09 05:00:00+00:00,62.09353205712187,62.40390740273551,61.48219581203703,61.70792007446289,3760000,0.0,0.0,-0.7262666446717914
313,817,2022-11-10 05:00:00+00:00,63.429079078758825,65.24429464144187,62.61081883240676,64.999755859375,4592000,0.0,0.0,5.334543411834103
314,818,2022-11-11 05:00:00+00:00,64.52949267781447,64.83986799557093,62.86475755577112,63.47610092163086,5005300,0.0,0.0,-2.344093324043439
315,819,2022-11-14 05:00:00+00:00,63.70183687644391,63.82410268806622,62.84595466815337,62.85536193847656,4087700,0.0,0.0,-0.9779097552331972
316,820,2022-11-15 05:00:00+00:00,63.32562410538786,63.66421407581496,62.667251529270864,63.38205337524414,4576300,0.0,0.0,0.8379419360962537
317,821,2022-11-16 05:00:00+00:00,63.74886698676768,64.59534203242181,63.617193888071,64.25675201416016,3859900,0.0,0.0,1.3800414980838394
318,822,2022-11-17 05:00:00+00:00,63.43848386591343,63.87113219528649,62.91179153539989,63.14692306518555,2881200,0.0,0.0,-1.7271787231480928
319,823,2022-11-18 05:00:00+00:00,63.4196744723692,64.41662983056696,63.4196744723692,64.31317138671875,2922000,0.0,0.0,1.8468806790939096
320,824,2022-11-21 05:00:00+00:00,63.88994229451857,65.04679262785449,63.88994229451857,64.5953369140625,2876400,0.0,0.0,0.43873676458445754
321,825,2022-11-22 05:00:00+00:00,64.89630649755156,65.4794353130807,64.55771649829532,64.7552261352539,2625200,0.0,0.0,0.24752440165165535
322,826,2022-11-23 05:00:00+00:00,64.59532599934333,65.1126181698597,64.39781640032179,65.08439636230469,1947100,0.0,0.0,0.5083299784379491
323,827,2022-11-25 05:00:00+00:00,65.33835773175167,65.74278429387421,65.15024818213328,65.48883819580078,1193300,0.0,0.0,0.6214113614032568
324,828,2022-11-28 05:00:00+00:00,65.15024919766888,65.55467576609546,64.55772025233745,65.26311492919922,2197600,0.0,0.0,-0.34467440989972564
325,829,2022-11-29 05:00:00+00:00,65.09381613451015,65.14084531382447,64.1909118617086,64.7552261352539,1873400,0.0,0.0,-0.7782172127338671
326,830,2022-11-30 05:00:00+00:00,64.66117236911927,66.38233693397208,64.44484819881878,66.04374694824219,4911400,0.0,0.0,1.989832929155333
327,831,2022-12-01 05:00:00+00:00,66.60805464678687,67.46393679753174,65.91206737820646,66.0155258178711,2520300,0.0,0.0,-0.042730964966619656
328,832,2022-12-02 05:00:00+00:00,65.13142779805344,65.62990544753836,64.39781864027229,65.02796936035156,2811700,0.0,0.0,-1.495945757130046
329,833,2022-12-05 05:00:00+00:00,64.57652954815852,64.87749763213813,64.35079810343997,64.5953369140625,2151400,0.0,0.0,-0.6653021008416138
330,834,2022-12-06 05:00:00+00:00,64.59533708484388,65.27251706949966,64.50128590378506,65.19727325439453,2526600,0.0,0.0,0.931857265692182
331,835,2022-12-07 05:00:00+00:00,65.39478376601318,65.6581299467745,64.4354502252905,64.77404022216797,2659400,0.0,0.0,-0.6491575661073168
332,836,2022-12-08 05:00:00+00:00,64.66117142958312,65.80861445614582,64.49187643917806,65.65812683105469,2160600,0.0,0.0,1.3648779755815799
333,837,2022-12-09 05:00:00+00:00,65.52644500404412,66.22243941376006,65.3383426734227,65.68633270263672,3793100,0.0,0.0,0.04295869063490887
334,838,2022-12-12 05:00:00+00:00,66.31649739616209,67.35107467221852,65.80861244050283,67.33226013183594,1967300,0.0,0.0,2.5057380454627687
335,839,2022-12-13 05:00:00+00:00,68.13171282887338,68.64899787733758,66.62686533170016,67.34166717529297,3171000,0.0,0.0,0.01397107929930197
336,840,2022-12-14 05:00:00+00:00,67.56739631240632,68.1975542970353,66.5704408727815,67.01248931884766,2551600,0.0,0.0,-0.4888175037134901
337,841,2022-12-15 05:00:00+00:00,66.73973547215707,66.98427428300964,66.07196275943802,66.41996002197266,3265700,0.0,0.0,-0.8842072618071573
338,842,2022-12-16 05:00:00+00:00,66.08137168412614,66.12839368792977,64.67058240840143,65.76158905029297,6745300,0.0,0.0,-0.9912245828842536
339,843,2022-12-19 05:00:00+00:00,65.7709920401342,66.30709164298788,64.86808782351983,65.27251434326172,2150300,0.0,0.0,-0.743708773000018
340,844,2022-12-20 05:00:00+00:00,65.35716247558594,65.6581305672495,64.74581902124406,65.35716247558594,2208800,0.0,0.0,0.1296841912340918
341,845,2022-12-21 05:00:00+00:00,65.56407764008958,66.26947225887993,65.41359718608311,66.22245025634766,1774600,0.0,0.0,1.323937190640656
342,846,2022-12-22 05:00:00+00:00,65.94968708384914,66.10957478504176,64.69878575550773,65.86503601074219,1870600,0.0,0.0,-0.5397176398969195
343,847,2022-12-23 05:00:00+00:00,65.7804135391786,66.73033996200974,65.6769550692629,66.71153259277344,1201300,0.0,0.0,1.2851986931172288
344,848,2022-12-27 05:00:00+00:00,66.76795437375067,67.45454167189315,66.38234235474123,67.31346130371094,1580600,0.0,0.0,0.9022858380601795
345,849,2022-12-28 05:00:00+00:00,67.50095516597412,67.82293318147649,66.80018968504469,66.82859802246094,1513700,0.488,0.0,-0.7203065655209007
346,850,2022-12-29 05:00:00+00:00,67.13163624650883,67.71876841202919,67.11269976209576,67.30209350585938,1398000,0.0,0.0,0.7085222455800899
347,851,2022-12-30 05:00:00+00:00,67.14109996243484,67.30208534761036,65.82479409558596,66.39298248291016,1597000,0.0,0.0,-1.3507915959108607
348,852,2023-01-03 05:00:00+00:00,66.10889252226399,66.76231321893053,65.17138121067458,66.35511016845703,2684500,0.0,0.0,-0.057042646732841096
349,853,2023-01-04 05:00:00+00:00,66.67708366285882,67.4536095173055,66.41192232544363,66.92329406738281,2265900,0.0,0.0,0.8562775308236681
350,854,2023-01-05 05:00:00+00:00,66.21304814082163,66.72441981634007,65.32288905372516,65.56909942626953,2104500,0.0,0.0,-2.023502668218613
351,855,2023-01-06 05:00:00+00:00,66.4308616658925,67.7850477013735,66.35510128875478,67.51042175292969,2976200,0.0,0.0,2.9607274518740567
352,856,2023-01-09 05:00:00+00:00,67.2168582235436,68.64679738787312,67.17897803559414,68.1638412475586,2707800,0.0,0.0,0.9678794438882976
353,857,2023-01-10 05:00:00+00:00,68.00285894689321,68.36271717448811,67.68088813789589,68.28695678710938,3027500,0.0,0.0,0.1806170798145823
354,858,2023-01-11 05:00:00+00:00,68.43846906568426,69.10136160557238,68.42900443611887,68.92143249511719,2883700,0.0,0.0,0.9291316202387545
355,859,2023-01-12 05:00:00+00:00,68.7793781625666,69.05400412141044,67.9744439934905,68.13542938232422,3099400,0.0,0.0,-1.1404335115185793
356,860,2023-01-13 05:00:00+00:00,67.81345677527585,67.98391401323892,66.98011429240489,67.39678192138672,2624200,0.0,0.0,-1.0840871887557557
357,861,2023-01-17 05:00:00+00:00,67.22633279166436,67.8702816322025,66.94224217739963,67.32102966308594,2838600,0.0,0.0,-0.11239744115548733
358,862,2023-01-18 05:00:00+00:00,67.32102033440108,67.35890052270229,65.00091479398311,65.11455535888672,2860100,0.0,0.0,-3.2775409337048367
359,863,2023-01-19 05:00:00+00:00,65.02932863630807,65.16190569413662,64.29068296414677,64.39485168457031,2117400,0.0,0.0,-1.105288472523036
360,864,2023-01-20 05:00:00+00:00,64.08234542827704,64.97251186515545,63.40051643193678,64.91569519042969,2821100,0.0,0.0,0.8088278678094696
361,865,2023-01-23 05:00:00+00:00,64.48954477040257,65.05773315991789,64.11075010242325,64.4043197631836,2553100,0.0,0.0,-0.7877531400472204
362,866,2023-01-24 05:00:00+00:00,64.4043208399155,65.01038942885192,63.7130200174278,64.7168197631836,2030600,0.0,0.0,0.48521590034500406
363,867,2023-01-25 05:00:00+00:00,64.73576191948412,64.92515563964844,63.87400387544965,64.92515563964844,2527600,0.0,0.0,0.3219192123889991
364,868,2023-01-26 05:00:00+00:00,64.09181921419655,65.7963917564257,64.09181921419655,65.1524429321289,3699800,0.0,0.0,0.3500758530976311
365,869,2023-01-27 05:00:00+00:00,64.84940740497282,65.36077193318194,64.21492322199512,64.80205535888672,3497200,0.0,0.0,-0.5377965237730153
366,870,2023-01-30 05:00:00+00:00,64.51795606653536,65.13349652713228,64.3380341902927,64.48954772949219,3088200,0.0,0.0,-0.4822495639433044
367,871,2023-01-31 05:00:00+00:00,64.62211598891031,65.19977617984613,63.911878759881695,65.12401580810547,2908900,0.0,0.0,0.9838308701971776
368,872,2023-02-01 05:00:00+00:00,64.75469473423652,66.18464108268802,64.50848435694817,65.91948699951172,2995400,0.0,0.0,1.221471344381131
369,873,2023-02-02 05:00:00+00:00,65.86267434843647,66.48767940762546,65.21872558220421,65.87213897705078,3074400,0.0,0.0,-0.07182704935384532
370,874,2023-02-03 05:00:00+00:00,65.37970757188852,65.62592517631197,63.45733322655633,64.37590789794922,2938300,0.0,0.0,-2.271417176270585
371,875,2023-02-06 05:00:00+00:00,64.31909314485776,65.19031589981579,64.1202275524157,65.1524429321289,1964500,0.0,0.0,1.2062510021772166
372,876,2023-02-07 05:00:00+00:00,65.01985736637344,65.43652498060392,64.15809935359488,65.22818756103516,2909700,0.0,0.0,0.11625754230759622
373,877,2023-02-08 05:00:00+00:00,64.80205959812288,64.80205959812288,64.01606182108517,64.2528076171875,2276000,0.0,0.0,-1.4953350389123932
374,878,2023-02-09 05:00:00+00:00,64.25280014191445,64.71681982531587,63.61832321615428,63.75090026855469,2926500,0.0,0.0,-0.7811446180268633
375,879,2023-02-10 05:00:00+00:00,64.02553304742635,64.9441078832719,63.70355501093541,64.84941101074219,2015200,0.0,0.0,1.7231297715952998
376,880,2023-02-13 05:00:00+00:00,64.83993341748725,65.47441035468229,64.79258137295906,65.06720733642578,1970500,0.0,0.0,0.33584935050146036
377,881,2023-02-14 05:00:00+00:00,65.25660238213027,65.32289090352424,64.29067567049584,64.37590789794922,2455600,0.0,0.0,-1.0624390791850735
378,882,2023-02-15 05:00:00+00:00,63.93082521327657,64.34749282594686,63.5899107506964,64.3001480102539,2810200,0.0,0.0,-0.11768360271580125
379,883,2023-02-16 05:00:00+00:00,63.57097555010852,64.07288268293813,63.050139158357474,63.69408798217773,2870600,0.0,0.0,-0.94254841836372
380,884,2023-02-17 05:00:00+00:00,63.88347619159861,64.68841034548757,63.32475965563231,64.4043197631836,2308000,0.0,0.0,1.1150670391961492
381,885,2023-02-21 05:00:00+00:00,64.03500266227452,64.25280473898354,63.58044757516019,63.63726425170898,2664000,0.0,0.0,-1.1910000979671875
382,886,2023-02-22 05:00:00+00:00,63.58044784483116,64.13917165792671,63.03119588616991,63.1543083190918,2080600,0.0,0.0,-0.7589200106197347
383,887,2023-02-23 05:00:00+00:00,63.35316888585972,63.51415427392901,62.51035453078234,62.81338882446289,2415800,0.0,0.0,-0.5398198534712573
384,888,2023-02-24 05:00:00+00:00,62.32095336914063,62.62398766178778,61.85693368897317,62.32095336914063,2293000,0.0,0.0,-0.7839657508344477
385,889,2023-02-27 05:00:00+00:00,62.64293077544146,63.18271082988223,61.66753938100526,61.93269348144531,1820300,0.0,0.0,-0.6230005587295362
386,890,2023-02-28 05:00:00+00:00,61.77171030709668,62.150497764197326,60.97624075238853,61.14669799804688,3297700,0.0,0.0,-1.2691123850990138
387,891,2023-03-01 05:00:00+00:00,60.79631369337044,60.99518650740308,59.56523996665888,59.91562271118164,3197400,0.0,0.0,-2.013314417901302
388,892,2023-03-02 05:00:00+00:00,59.85880190793371,61.04253080318215,59.73569670379469,60.92889022827149,2443200,0.0,0.0,1.6911574498261084
389,893,2023-03-03 05:00:00+00:00,61.21298257510852,61.677002237546326,60.39857659006665,61.64859390258789,2790100,0.0,0.0,1.181219076237916
390,894,2023-03-06 05:00:00+00:00,61.28874735272343,62.10315339624749,61.279275498754735,61.60125350952149,2328200,0.0,0.0,-0.07679071016802874
391,895,2023-03-07 05:00:00+00:00,61.67700962033712,61.894818922602354,60.06714116412781,60.23759841918945,3223400,0.0,0.0,-2.2136807494043342
392,896,2023-03-08 05:00:00+00:00,60.3891135857055,61.10881916253723,60.19024799884522,60.98571395874024,2825500,0.0,0.0,1.2419411782400358
393,897,2023-03-09 05:00:00+00:00,61.30768578718888,62.07474703510049,60.46487137983945,60.84366607666016,3239100,0.0,0.0,-0.23291992970054798
394,898,2023-03-10 05:00:00+00:00,61.00464378157484,61.12775619683823,59.51788074459444,59.86826705932617,3111700,0.0,0.0,-1.6031233491174524
395,899,2023-03-13 04:00:00+00:00,60.038735563749256,62.78498825391115,59.98191527198616,61.83800506591797,4978500,0.0,0.0,3.2901202980201383
396,900,2023-03-14 04:00:00+00:00,61.75209045224789,62.93577351538344,61.75209045224789,62.4680290222168,3794100,0.52,0.0,1.0188296915905282
397,901,2023-03-15 04:00:00+00:00,62.05755696722855,64.69220564756992,62.05755696722855,64.25309753417969,4601300,0.0,0.0,2.8575713687525317
398,902,2023-03-16 04:00:00+00:00,63.94762549813672,65.15995211682869,63.79489573686635,64.18627166748047,4175400,0.0,0.0,-0.1040041169434236
399,903,2023-03-17 04:00:00+00:00,63.06940581995693,64.31036874438871,62.76393903157563,63.84261703491211,7941100,0.0,0.0,-0.535402078420566
400,904,2023-03-20 04:00:00+00:00,64.02399334183578,64.70174758164227,63.86171569629824,64.32946014404297,2906300,0.0,0.0,0.762567594722241
401,905,2023-03-21 04:00:00+00:00,64.35809998419704,64.37719575699617,61.408436699329606,62.525299072265625,3796100,0.0,0.0,-2.804564297193801
402,906,2023-03-22 04:00:00+00:00,62.41074163598021,62.706667829099445,61.19842233804943,61.23660659790039,3446200,0.0,0.0,-2.0610736669580576
403,907,2023-03-23 04:00:00+00:00,61.02659871300399,61.69480507397354,60.11019829671585,60.434757232666016,3184600,0.0,0.0,-1.3094281505498517
404,908,2023-03-24 04:00:00+00:00,60.56839855551334,62.59211705353831,60.48248578882376,62.573028564453125,2713100,0.0,0.0,3.5381482936301722
405,909,2023-03-27 04:00:00+00:00,62.80212908703766,63.050323151412535,62.162559077786426,62.32483673095703,2912900,0.0,0.0,-0.39664347273913325
406,910,2023-03-28 04:00:00+00:00,62.15300585648024,63.0694062275464,62.03845307900843,62.42983627319336,1983000,0.0,0.0,0.16847142767431045
407,911,2023-03-29 04:00:00+00:00,62.907129006777886,63.58488322479677,62.80212411412257,63.518062591552734,2450000,0.0,0.0,1.7431189689450566
408,912,2023-03-30 04:00:00+00:00,63.67079241383213,64.06217561103578,63.30805287339442,63.87126159667969,1993900,0.0,0.0,0.5560607340909796
409,913,2023-03-31 04:00:00+00:00,64.11946290597007,64.89268159021398,63.747175395480376,64.37720489501953,5987700,0.0,0.0,0.792129802499697
410,914,2023-04-03 04:00:00+00:00,64.2721937232243,65.01676867173893,63.871269871393935,64.45355987548828,3890600,0.0,0.0,0.11860561606125142
411,915,2023-04-04 04:00:00+00:00,64.46310009514055,65.38904836869159,64.31991094140226,65.34131622314453,3180400,0.0,0.0,1.3773581309879823
412,916,2023-04-05 04:00:00+00:00,65.78043669241222,68.05234570905127,65.73270454314823,67.89006805419922,4231500,0.0,0.0,3.9006741497991104
413,917,2023-04-06 04:00:00+00:00,68.37690764664347,68.69192238335245,67.49869136512528,68.03325653076172,2476200,0.0,0.0,0.21091225957849957
414,918,2023-04-10 04:00:00+00:00,67.67051062883597,67.75642704126714,66.58228462406419,67.54641723632812,1722400,0.0,0.0,-0.7155901676020204
415,919,2023-04-11 04:00:00+00:00,67.47959462724634,68.08098036509746,67.36504184164949,67.8136978149414,1956300,0.0,0.0,0.39569912002606067
416,920,2023-04-12 04:00:00+00:00,67.92825060053826,68.31962653958013,67.5559558680743,67.8136978149414,2729000,0.0,0.0,0.0
417,921,2023-04-13 04:00:00+00:00,67.47959462724634,67.89006633867264,66.31500013050643,67.8136978149414,2530100,0.0,0.0,0.0
418,922,2023-04-14 04:00:00+00:00,66.89730182980357,67.17413228457042,66.48683009106705,66.95457458496094,2314600,0.0,0.0,-1.266887454397414
419,923,2023-04-17 04:00:00+00:00,67.29822171745353,67.64187279396215,66.50591466423069,67.12639617919922,1760100,0.0,0.0,0.25662412957347946
420,924,2023-04-18 04:00:00+00:00,66.97366271012984,67.2982179961619,66.3245448551628,66.59182739257812,1531900,0.0,0.0,-0.7963615165545557
421,925,2023-04-19 04:00:00+00:00,66.99274884919943,67.5368617906846,66.80183483857057,67.38412475585938,1449900,0.0,0.0,1.1897816808816852
422,926,2023-04-20 04:00:00+00:00,67.64186901254628,67.93778792409007,67.02138753226481,67.4795913696289,2255600,0.0,0.0,0.14167523005665927
423,927,2023-04-21 04:00:00+00:00,67.60369111809855,68.0237107349895,67.01184595637982,67.24095153808594,1909400,0.0,0.0,-0.353647416499292
424,928,2023-04-24 04:00:00+00:00,67.17412373770655,67.975971339502,66.86865694422694,67.80414581298828,2196500,0.0,0.0,0.83757630137542
425,929,2023-04-25 04:00:00+00:00,67.80413752508014,68.08096791078677,67.61322353357994,67.94732666015625,2036100,0.0,0.0,0.21116827806204608
426,930,2023-04-26 04:00:00+00:00,67.4414054075076,67.74687219707324,66.41045226163499,66.51545715332031,2637600,0.0,0.0,-2.10732280020014
427,931,2023-04-27 04:00:00+00:00,67.11684717917977,67.21231147443949,66.0763533635584,67.06912231445312,2716400,0.0,0.0,0.8323857112739974
428,932,2023-04-28 04:00:00+00:00,67.22184879324355,67.50822709922409,66.20044351683714,66.73501586914062,2281200,0.0,0.0,-0.4981524042405705
429,933,2023-05-01 04:00:00+00:00,66.61092024642464,67.39367942139663,66.40091044386328,66.98320770263672,2262400,0.0,0.0,0.37190645759757057
430,934,2023-05-02 04:00:00+00:00,66.7731951391901,66.92593218306617,65.51314365882497,65.96179962158203,2159400,0.0,0.0,-1.5248718538370065
431,935,2023-05-03 04:00:00+00:00,66.13362054507432,66.44863521393532,65.23630868210151,65.38904571533203,2428700,0.0,0.0,-0.868311522026155
432,936,2023-05-04 04:00:00+00:00,65.47496348287115,66.40091184115664,64.84494134483275,65.97135162353516,3463900,0.0,0.0,0.8905251664600877
433,937,2023-05-05 04:00:00+00:00,65.50360129222263,66.42954228490576,65.45586914657066,66.41045379638672,2147900,0.0,0.0,0.6655952349700067
434,938,2023-05-08 04:00:00+00:00,66.19090245518906,66.67774271238594,65.88543562933886,66.17181396484375,2171000,0.0,0.0,-0.3593407632398238
435,939,2023-05-09 04:00:00+00:00,65.89498309683245,66.09544501724938,65.61815264971283,65.97135162353516,2102800,0.0,0.0,-0.3029421883690486
436,940,2023-05-10 04:00:00+00:00,66.27681861375217,66.54410117497878,65.5704279472385,66.15272521972656,2963100,0.0,0.0,0.274927815980508
437,941,2023-05-11 04:00:00+00:00,66.00952208335148,66.25771610178258,65.20766728645953,65.50359344482422,2850100,0.0,0.0,-0.9812623331030612
438,942,2023-05-12 04:00:00+00:00,65.84724604825102,66.23862193011763,65.41767862719485,65.7613296508789,2295800,0.0,0.0,0.39346880453481337
439,943,2023-05-15 04:00:00+00:00,65.98090583605502,65.99999432810903,64.37720303606014,64.82585906982422,1708600,0.0,0.0,-1.4225238236833415
440,944,2023-05-16 04:00:00+00:00,64.91175611967071,64.9881246394729,63.53715189484287,63.56578826904297,1770200,0.0,0.0,-1.9437780213973244
441,945,2023-05-17 04:00:00+00:00,63.6230725564369,63.728077457463534,62.72576059599237,63.040775299072266,2118000,0.0,0.0,-0.8259363790921292
442,946,2023-05-18 04:00:00+00:00,62.601660039062885,62.90712682083573,62.19118836828351,62.87849044799805,2403900,0.0,0.0,-0.25742838711028115
443,947,2023-05-19 04:00:00+00:00,63.0503209106749,63.47988110272003,62.8116747411158,62.935768127441406,2068500,0.0,0.0,0.09109264397930694
444,948,2023-05-22 04:00:00+00:00,63.27941802720898,63.49896842072855,62.601663792108994,62.88803482055664,1857400,0.0,0.0,-0.07584448129418497
445,949,2023-05-23 04:00:00+00:00,62.64939031607329,63.38442460266907,62.46802417811978,62.6112060546875,3966300,0.0,0.0,-0.4401930616198091
446,950,2023-05-24 04:00:00+00:00,62.75439347737849,63.14577668357354,62.1625556495364,62.172096252441406,3562000,0.0,0.0,-0.7013278132073641
447,951,2023-05-25 04:00:00+00:00,61.675717511925015,61.77117452451213,60.87386622525772,61.3702507019043,3706100,0.0,0.0,-1.289719341746698
448,952,2023-05-26 04:00:00+00:00,61.26525016525677,61.456164204024034,60.55885584088152,61.39889144897461,2954000,0.0,0.0,0.04666877964933924
449,953,2023-05-30 04:00:00+00:00,61.35115209455039,61.79980804417059,61.10296532987347,61.23660659790039,2339800,0.0,0.0,-0.264312347087059
450,954,2023-05-31 04:00:00+00:00,61.38934050856151,62.4966622704622,61.16024221685576,62.32483673095703,3553600,0.0,0.0,1.777090850579488
451,955,2023-06-01 04:00:00+00:00,62.54438587519969,62.601665909148686,60.28202481405332,60.663856506347656,5573200,0.0,0.0,-2.665037426057726
452,956,2023-06-02 04:00:00+00:00,58.84059917430012,60.70204003117606,58.07693215752966,60.27247619628906,7404200,0.0,0.0,-0.6451622639876864
453,957,2023-06-05 04:00:00+00:00,60.23428949798194,61.62798220238005,60.23428949798194,61.04568862915039,3168700,0.0,0.0,1.282861567431226
454,958,2023-06-06 04:00:00+00:00,61.35115531353551,61.51344024714262,60.41566638826362,60.67340469360352,3062900,0.0,0.0,-0.6098447636629589
455,959,2023-06-07 04:00:00+00:00,61.02659988451789,61.67571776887918,60.4920311440287,61.38933944702149,3953800,0.0,0.0,1.1799811746734612
456,960,2023-06-08 04:00:00+00:00,61.87618011424792,61.87618011424792,59.46108198259673,61.2270622253418,6888200,0.0,0.0,-0.2643410454346684
457,961,2023-06-09 04:00:00+00:00,61.01705367980408,61.12205858185198,60.15792961491086,60.56840133666992,3342600,0.0,0.0,-1.0757675850063153
458,962,2023-06-12 04:00:00+00:00,60.61612842850194,60.73067757285485,60.14838032342911,60.68294906616211,2486400,0.0,0.0,0.18912126944785612
459,963,2023-06-13 04:00:00+00:00,60.42520947131449,60.6352192660247,60.11019842070075,60.26293182373047,4272600,0.0,0.0,-0.6921503468358181
460,964,2023-06-14 04:00:00+00:00,60.46505775540665,61.18694240260271,60.02230271966657,60.14743041992188,5341900,0.52,0.0,-0.19166243711213893
461,965,2023-06-15 04:00:00+00:00,60.55168570854069,62.2938353596832,60.118554174091415,61.90882873535156,6034500,0.0,0.0,2.928468104343618
462,966,2023-06-16 04:00:00+00:00,62.01470257427055,62.31307920478249,61.40831845700243,61.52381896972656,6372600,0.0,0.0,-0.6218979966021387
463,967,2023-06-20 04:00:00+00:00,61.417945780616165,61.60082189881804,60.25330245110335,60.705684661865234,3502800,0.0,0.0,-1.3297846615534348
464,968,2023-06-21 04:00:00+00:00,60.16667610206149,60.56130622017879,59.24266465549831,60.4554328918457,3487300,0.0,0.0,-0.4122377853300718
465,969,2023-06-22 04:00:00+00:00,60.6671855890788,60.84043820103628,59.81054971423084,60.40730667114258,3023200,0.0,0.0,-0.07960611379497218
466,970,2023-06-23 04:00:00+00:00,60.676813415921536,60.74418902442941,59.415920209268656,59.77204895019531,5325300,0.0,0.0,-1.0516239772211833
467,971,2023-06-26 04:00:00+00:00,59.87792428336645,60.68643523457828,59.46404345883568,60.50355911254883,4010800,0.0,0.0,1.223833171526456
468,972,2023-06-27 04:00:00+00:00,60.532428054503285,60.667179256026806,60.07042236141057,60.09929656982422,3287600,0.0,0.0,-0.6681632430459161
469,973,2023-06-28 04:00:00+00:00,60.108925970198975,60.16667438915567,58.8191586525377,58.94428634643555,2965400,0.0,0.0,-1.9218365094286316
470,974,2023-06-29 04:00:00+00:00,58.424529847343805,59.261914986127735,58.126149546538,58.99241256713867,2881900,0.0,0.0,0.08164696476309352
471,975,2023-06-30 04:00:00+00:00,58.98278449539264,59.92604661936052,58.96353379836941,59.83942031860352,3298700,0.0,0.0,1.4357910019375364
472,976,2023-07-03 04:00:00+00:00,59.70466879226319,60.65755809550098,59.67579458273008,60.61905670166016,1375000,0.0,0.0,1.3028809084473458
473,977,2023-07-05 04:00:00+00:00,60.50355587689961,61.57194568440367,60.291801883572326,61.3986930847168,4555300,0.0,0.0,1.2861242412491647
474,978,2023-07-06 04:00:00+00:00,61.00406739016783,61.629698559434686,60.38805973415943,61.36981964111328,5359700,0.0,0.0,-0.04702615341286576
475,979,2023-07-07 04:00:00+00:00,60.92706302414584,61.05219072344644,60.513182202508986,60.5709342956543,3730900,0.0,0.0,-1.301756058810033
476,980,2023-07-10 04:00:00+00:00,60.68643651325312,61.06181594999379,60.02230394607312,60.30143356323242,4047400,0.0,0.0,-0.4449340852271
477,981,2023-07-11 04:00:00+00:00,60.47468494279551,60.782688765210175,60.2244295422741,60.75381088256836,2878800,0.0,0.0,0.7501933081931922
478,982,2023-07-12 04:00:00+00:00,60.73455689535212,61.84144809649659,60.73455689535212,61.3986930847168,3137700,0.0,0.0,1.0614679026389684
479,983,2023-07-13 04:00:00+00:00,61.27356769971223,61.93770024240309,61.12918930396872,61.918453216552734,2925000,0.0,0.0,0.8465328913740633
480,984,2023-07-14 04:00:00+00:00,61.83182448889813,62.168702523500976,61.22544402661301,61.86069869995117,2500500,0.0,0.0,-0.09327512817475236
481,985,2023-07-17 04:00:00+00:00,61.81257891697722,61.81257891697722,60.830815329427736,60.84043884277344,2881600,0.0,0.0,-1.6492860226593908
482,986,2023-07-18 04:00:00+00:00,61.052190297509135,61.466071116258505,59.93567553968867,60.638309478759766,3332500,0.0,0.0,-0.33222864242650196
483,987,2023-07-19 04:00:00+00:00,60.74418471886,61.77407314356182,60.74418471886,61.01368713378906,3602400,0.0,0.0,0.6190437336660581
484,988,2023-07-20 04:00:00+00:00,61.408319572141416,62.30346049501775,60.93669032813122,62.13982772827149,3484200,0.0,0.0,1.8457179812999325
485,989,2023-07-21 04:00:00+00:00,62.41895196697735,62.9387097464918,62.130202540618,62.76545715332031,10530000,0.0,0.0,1.0068090754686398
486,990,2023-07-24 04:00:00+00:00,62.64995873909574,63.02534551165231,62.23608525758616,62.64033889770508,2837200,0.0,0.0,-0.1993425385393155
487,991,2023-07-25 04:00:00+00:00,62.63070685871618,62.90983644860916,62.39007866157291,62.52482986450195,3247000,0.0,0.0,-0.1844003963512364
488,992,2023-07-26 04:00:00+00:00,62.47671423907712,63.16009749909838,62.3130814693556,62.61146545410156,2529800,0.0,0.0,0.1385618957898238
489,993,2023-07-27 04:00:00+00:00,62.18795761651676,62.34195585838781,60.195556253386194,60.51318359375,4046300,0.0,0.0,-3.3512741558329173
490,994,2023-07-28 04:00:00+00:00,60.7345632009044,61.45644788398185,60.39768515081308,60.53243637084961,4227300,0.0,0.0,0.03181583905560448
491,995,2023-07-31 04:00:00+00:00,60.61905762045158,60.92706143245648,60.08967629804908,60.3784294128418,3600500,0.0,0.0,-0.25442055076768666
492,996,2023-08-01 04:00:00+00:00,60.37843030336879,60.84043602819031,60.15705278970608,60.49393081665039,3826700,0.0,0.0,0.1912958070155124
493,997,2023-08-02 04:00:00+00:00,60.42655077983213,60.869309446382594,60.18592258631997,60.52280426025391,3139800,0.0,0.0,0.04772948825400025
494,998,2023-08-03 04:00:00+00:00,60.26293232852721,60.4265577565939,58.86728791067863,59.02128982543945,4053200,0.0,0.0,-2.480906912967551
495,999,2023-08-04 04:00:00+00:00,58.973160527891054,59.68541795378189,57.94327211110931,58.12614822387695,3406500,0.0,0.0,-1.516641883310177
496,1000,2023-08-07 04:00:00+00:00,58.25127573874632,58.39565045732089,57.471639040341685,57.5197639465332,4222100,0.0,0.0,-1.0432211592762308
497,1001,2023-08-08 04:00:00+00:00,57.51014335944605,57.558268268085634,56.720883108332366,57.40426635742188,3831600,0.0,0.0,-0.2007963544820579
498,1002,2023-08-09 04:00:00+00:00,57.37538964729753,58.05877286661877,57.25026195292906,57.45238876342773,3892800,0.0,0.0,0.08383071339370662
499,1003,2023-08-10 04:00:00+00:00,57.91439785424448,58.07802695207232,57.0673891689194,57.26951599121094,2535700,0.0,0.0,-0.3183031657218116
500,1004,2023-08-11 04:00:00+00:00,57.41389215185197,57.68339457106359,57.16363675827397,57.46201705932617,2901100,0.0,0.0,0.336131822983754
501,1005,2023-08-14 04:00:00+00:00,57.49089347288757,57.51014417095407,56.51875708654788,57.019264221191406,3166100,0.0,0.0,-0.7705139164844277
502,1006,2023-08-15 04:00:00+00:00,56.77863873091018,56.77863873091018,55.88350142213321,55.94124984741211,3004000,0.0,0.0,-1.8906143186930957
503,1007,2023-08-16 04:00:00+00:00,56.08562592429568,56.49950675618108,56.06637522610389,56.239627838134766,3099300,0.0,0.0,0.5333774120823698
504,1008,2023-08-17 04:00:00+00:00,56.27812521930069,56.68237883740071,55.87386792950569,55.9893684387207,4337500,0.0,0.0,-0.4449876520064122
505,1009,2023-08-18 04:00:00+00:00,56.11449821640615,56.4610034286161,55.9027478869296,56.00862121582031,3559900,0.0,0.0,0.034386487357296325
506,1010,2023-08-21 04:00:00+00:00,55.95087580609366,56.16262614696624,55.08461272894801,55.78724670410156,3132200,0.0,0.0,-0.3952507791000981
507,1011,2023-08-22 04:00:00+00:00,55.21935921264299,55.912369614939706,55.09423519021332,55.777618408203125,3142600,0.0,0.0,-0.01725895516856424
508,1012,2023-08-23 04:00:00+00:00,55.83537209645488,55.873873493925856,54.73810797039949,55.36374282836914,8610700,0.0,0.0,-0.7420101317432981
509,1013,2023-08-24 04:00:00+00:00,55.39261396202184,55.88349757325615,54.55522880789258,54.87285614013672,5780900,0.0,0.0,-0.8866573377349085
510,1014,2023-08-25 04:00:00+00:00,54.94986060235775,55.67174526414821,54.85361078279713,55.42149353027344,7705600,0.0,0.0,0.9998338499741743
511,1015,2023-08-28 04:00:00+00:00,55.69099315128414,55.97012275429369,55.48886633739244,55.68136596679688,3982200,0.0,0.0,0.46890190063444415
512,1016,2023-08-29 04:00:00+00:00,55.61398932024084,56.15299781888217,55.35411041937957,55.777618408203125,4614900,0.0,0.0,0.17286293131464348
513,1017,2023-08-30 04:00:00+00:00,55.71024163573839,56.05674682961523,55.26748295928747,55.51773834228516,2583500,0.0,0.0,-0.4659217681473149
514,1018,2023-08-31 04:00:00+00:00,55.78724126232318,55.9027454424726,54.96910684725375,54.98835754394531,3983700,0.0,0.0,-0.9535345173393828
515,1019,2023-09-01 04:00:00+00:00,55.334867421701645,55.373365146646286,53.97772439955433,54.3916015625,2848100,0.0,0.0,-1.0852406001914172
516,1020,2023-09-05 04:00:00+00:00,54.38197478347184,54.40122548063577,53.04408253998684,53.50608825683594,4170400,0.0,0.0,-1.6280331525935
517,1021,2023-09-06 04:00:00+00:00,53.69859260656379,54.24722463552855,53.43871369731284,54.22797393798828,3815400,0.0,0.0,1.3491654962463295
518,1022,2023-09-07 04:00:00+00:00,54.66110549894517,54.98836001401215,54.22797398316607,54.47822570800781,3554900,0.0,0.0,0.46148095133649036
519,1023,2023-09-08 04:00:00+00:00,54.57448191345016,55.02686047761767,54.39160211340588,54.93061065673828,3627800,0.0,0.0,0.8303958927648569
520,1024,2023-09-11 04:00:00+00:00,54.94023682959769,55.48886887623164,54.86323403695666,55.27711486816406,5586300,0.0,0.0,0.6308034942321905
521,1025,2023-09-12 04:00:00+00:00,55.20973942373051,55.35411415281654,54.83435998773346,55.06536102294922,4702400,0.0,0.0,-0.38307687678684754
522,1026,2023-09-13 04:00:00+00:00,55.13273618364779,56.19150254683338,55.103861972403855,55.95087432861328,6006000,0.0,0.0,1.6081131390294656
523,1027,2023-09-14 04:00:00+00:00,56.23252351818213,57.05804265335987,56.21309905908142,56.99005889892578,5419600,0.52,0.0,1.8573160523088772
524,1028,2023-09-15 04:00:00+00:00,56.89293576543747,57.29112788311492,56.24222940445055,56.30050277709961,9226000,0.0,0.0,-1.2099586053229583
525,1029,2023-09-18 04:00:00+00:00,56.28108211255588,56.58215196277518,55.960584098641085,56.31993103027344,4445300,0.0,0.0,0.03450813441354672
526,1030,2023-09-19 04:00:00+00:00,56.31993200408128,57.11631630687767,56.135401494150585,56.83466720581055,7856000,0.0,0.0,0.9139502945421318
527,1031,2023-09-20 04:00:00+00:00,57.203722084239466,58.495417074550666,56.85408924330212,58.233192443847656,7670600,0.0,0.0,2.4606904672684227
528,1032,2023-09-21 04:00:00+00:00,58.272042387465945,58.56340185843594,57.62133969246085,57.669898986816406,4904800,0.0,0.0,-0.9673065023430016
529,1033,2023-09-22 04:00:00+00:00,57.40767561684007,58.46628455840577,57.3202674031388,58.00981903076172,4904300,0.0,0.0,0.5894236853493107
530,1034,2023-09-25 04:00:00+00:00,57.5242153344152,57.84471333436546,56.93178233196405,57.77672958374024,3617800,0.0,0.0,-0.40181033300219493
531,1035,2023-09-26 04:00:00+00:00,57.767020438176985,57.767020438176985,55.756635172571535,56.057708740234375,6275500,0.0,0.0,-2.975282360027587
532,1036,2023-09-27 04:00:00+00:00,55.93144666528345,56.047989708187096,55.15448687119829,55.5623893737793,4481200,0.0,0.0,-0.8835883192271354
533,1037,2023-09-28 04:00:00+00:00,55.776055262774726,55.941157599798565,54.46493582873124,55.232181549072266,4362200,0.0,0.0,-0.5943009802650057
534,1038,2023-09-29 04:00:00+00:00,55.76634641246381,56.125693364700666,55.15449259509451,55.57210922241211,4078900,0.0,0.0,0.615452194365762
535,1039,2023-10-02 04:00:00+00:00,55.44584605785078,55.44584605785078,52.99841993990665,53.44517135620117,4875400,0.0,0.0,-3.827347739670006
536,1040,2023-10-03 04:00:00+00:00,52.85274268799337,54.426090560096064,52.18261550865566,54.23184967041016,5161400,0.0,0.0,1.4719352454984902
537,1041,2023-10-04 04:00:00+00:00,54.29012362566928,55.0573694055845,53.78509878905411,54.99909973144531,3948700,0.0,0.0,1.414759160342216
538,1042,2023-10-05 04:00:00+00:00,54.999098033394986,55.09621662385309,54.202713736161,54.85341644287109,3835400,0.0,0.0,-0.2648830422417481
539,1043,2023-10-06 04:00:00+00:00,54.66888629511973,56.018854626031846,54.03760438124564,55.69835662841797,6337200,0.0,0.0,1.540360182354128
540,1044,2023-10-09 04:00:00+00:00,55.62066210363817,56.07712759824394,55.387572315693205,55.98971939086914,2702100,0.0,0.0,0.5231083645697909
541,1045,2023-10-10 04:00:00+00:00,55.87317387114221,56.4947417128596,55.75663082702934,56.38791275024414,3117900,0.0,0.0,0.7111901322369052
542,1046,2023-10-11 04:00:00+00:00,56.72783217624403,57.19400806304063,56.27136666622301,57.11631393432617,3116400,0.0,0.0,1.291768303799956
543,1047,2023-10-12 04:00:00+00:00,56.81523765202536,57.08717264669252,56.106261626759945,56.475318908691406,4775600,0.0,0.0,-1.1222625927362895
544,1048,2023-10-13 04:00:00+00:00,56.82495255526742,57.640761309096376,56.64042575201967,57.16487503051758,3732700,0.0,0.0,1.220986680820757
545,1049,2023-10-16 04:00:00+00:00,57.47565781446271,58.21376871751704,56.93178408785023,57.8447151184082,3184700,0.0,0.0,1.1892619156915751
546,1050,2023-10-17 04:00:00+00:00,57.51450482906124,58.04866445627922,57.17458237185959,57.79615020751953,3778800,0.0,0.0,-0.08395738623530047
547,1051,2023-10-18 04:00:00+00:00,57.84471360154486,58.155497521506106,57.10659901300948,57.621337890625,3830700,0.0,0.0,-0.30246360054581034
548,1052,2023-10-19 04:00:00+00:00,57.56306490237042,58.23319203962428,57.31055065018555,57.34939956665039,4442300,0.0,0.0,-0.4719403157399715
549,1053,2023-10-20 04:00:00+00:00,57.32026436123325,57.69903203222583,56.368488143015945,56.4267578125,4224800,0.0,0.0,-1.6088080452840936
550,1054,2023-10-23 04:00:00+00:00,56.19367372966223,56.93178463987344,55.465273196432605,56.37820053100586,4854200,0.0,0.0,-0.08605364436405916
551,1055,2023-10-24 04:00:00+00:00,56.70840917440047,57.60191575900428,56.69869879737548,57.3785400390625,3854000,0.0,0.0,1.7743374187803251
552,1056,2023-10-25 04:00:00+00:00,57.33969234706151,57.951546143306615,57.09689216304262,57.75730895996094,3133100,0.0,0.0,0.660122966949972
553,1057,2023-10-26 04:00:00+00:00,57.91270039868449,58.81591737134239,57.85442702131287,58.04866790771485,3468000,0.0,0.0,0.5044538137257915
554,1058,2023-10-27 04:00:00+00:00,57.3008377090699,58.23318943348047,56.42675565191223,56.63071060180664,4310600,0.0,0.0,-2.442704297990894
555,1059,2023-10-30 04:00:00+00:00,57.077463233911104,57.388247148730336,56.42675686518323,57.0483283996582,3818400,0.0,0.0,0.7374405043016452
556,1060,2023-10-31 04:00:00+00:00,57.310554122408846,57.68932552363445,56.93178642602006,57.56306838989258,3832300,0.0,0.0,0.9022875948762499
557,1061,2023-11-01 04:00:00+00:00,57.54364368988969,59.078142633275085,57.10660261710039,58.79649353027344,5029500,0.0,0.0,2.142736957707836
558,1062,2023-11-02 04:00:00+00:00,58.767352170520944,59.7968262365161,58.65080912497852,59.31122589111328,3961300,0.0,0.0,0.875447377784222
559,1063,2023-11-03 04:00:00+00:00,60.14646298935951,60.23387120540971,59.252956369197726,59.27238082885742,3920600,0.0,0.0,-0.06549360879367638
560,1064,2023-11-06 05:00:00+00:00,59.32094279659007,59.46662068424367,58.728509754223126,58.81591796875,3139700,0.0,0.0,-0.7701105535568242
561,1065,2023-11-07 05:00:00+00:00,58.96159132385836,58.96159132385836,57.9806802849838,58.10693740844727,3515300,0.0,0.0,-1.2054229276493134
562,1066,2023-11-08 05:00:00+00:00,57.8738507737444,57.9709693633411,56.82495222288384,57.3785400390625,3953300,0.0,0.0,-1.2535463093927945
563,1067,2023-11-09 05:00:00+00:00,57.32997765035611,57.67961050436878,56.83466691039601,57.00948333740234,3871700,0.0,0.0,-0.6431963960897513
564,1068,2023-11-10 05:00:00+00:00,57.24256859555479,57.553352526812496,56.94149874611954,57.49508285522461,2912100,0.0,0.0,0.8517872630915191
565,1069,2023-11-13 05:00:00+00:00,57.30084160980354,57.60191516217253,56.44618395182847,56.59186553955078,2960500,0.0,0.0,-1.5709470633309186
566,1070,2023-11-14 05:00:00+00:00,57.40767279298689,58.75764114554032,57.35911349994962,58.56340026855469,4250000,0.0,0.0,3.4837775892474276
567,1071,2023-11-15 05:00:00+00:00,58.456569883812506,59.0101539966963,58.14578595043341,58.35945129394531,3439500,0.0,0.0,-0.3482533009936617
568,1072,2023-11-16 05:00:00+00:00,58.96159178526312,59.22381641073783,58.51484036623356,58.951881408691406,3970800,0.0,0.0,1.0151399672387873
569,1073,2023-11-17 05:00:00+00:00,59.25295533654757,59.25295533654757,58.60225262105392,58.81591796875,4327900,0.0,0.0,-0.23063460689035642
570,1074,2023-11-20 05:00:00+00:00,58.49542080031037,58.51484525991483,57.57277934570119,58.33031845092773,6312100,0.0,0.0,-0.8256260117886494
571,1075,2023-11-21 05:00:00+00:00,58.5051272675819,58.563396933974126,57.864135003412805,58.29146194458008,4139200,0.0,0.0,-0.06661459662754554
572,1076,2023-11-22 05:00:00+00:00,58.4857078590017,58.72850803615818,58.04866679915269,58.68965911865234,4060400,0.0,0.0,0.6831140630009225
573,1077,2023-11-24 05:00:00+00:00,58.82562456986703,58.84504902794131,58.31088939782657,58.77706527709961,1357700,0.0,0.0,0.14892940214656925
574,1078,2023-11-27 05:00:00+00:00,58.83534068656095,59.01015340560349,58.1457853679988,58.709083557128906,2834500,0.0,0.0,-0.11566028288449992
575,1079,2023-11-28 05:00:00+00:00,58.84505021226185,59.670569320432136,58.59253966188729,59.21410751342773,3667100,0.0,0.0,0.8602143411204688
576,1080,2023-11-29 05:00:00+00:00,59.28209092618878,59.38892359471744,58.077800442097455,58.27204132080078,4314000,0.0,0.0,-1.5909489008397504
577,1081,2023-11-30 05:00:00+00:00,58.41772530901405,59.17526069179749,58.213770340325866,59.087852478027344,4797100,0.0,0.0,1.4000044253389632
578,1082,2023-12-01 05:00:00+00:00,59.1849681902867,59.719131528921565,58.777065682423626,59.66085815429688,2917700,0.0,0.0,0.9697520763385592
579,1083,2023-12-04 05:00:00+00:00,59.29180460745282,60.01049478725884,59.087853340624,59.69971084594727,3606900,0.0,0.0,0.06512258263182691
580,1084,2023-12-05 05:00:00+00:00,59.845389421889486,59.93279763793969,59.10727847900529,59.27238082885742,3110400,0.0,0.0,-0.7157991404557418
581,1085,2023-12-06 05:00:00+00:00,59.476334276155306,60.20473482293062,59.24324447105903,60.18531036376953,3779800,0.0,0.0,1.5402275429902135
582,1086,2023-12-07 05:00:00+00:00,60.24357685116673,60.48637702058763,59.68999276127399,59.77740097045898,3749600,0.0,0.0,-0.6777557361507092
583,1087,2023-12-08 05:00:00+00:00,59.64143454561085,59.81625096713839,58.67994422720938,59.15583419799805,4343700,0.0,0.0,-1.0398022703732135
584,1088,2023-12-11 05:00:00+00:00,59.204392422432186,59.83567434486116,58.76735137650725,59.77740097045898,4332500,0.0,0.0,1.0507277614926425
585,1089,2023-12-12 05:00:00+00:00,60.01049335497776,60.02991781395073,59.19468460229674,59.39863586425781,3289900,0.0,0.0,-0.6336259189126392
586,1090,2023-12-13 05:00:00+00:00,59.47633206614686,61.506141662597656,59.06842584859445,61.506141662597656,6787200,0.0,0.0,3.5480710418267503
587,1091,2023-12-14 05:00:00+00:00,61.87519647828959,62.03058844403101,60.602925916543136,60.768028259277344,7975200,0.0,0.0,-1.2000645518773667
588,1092,2023-12-15 05:00:00+00:00,60.52522403233665,60.56407294738233,59.40834180621028,59.80653762817383,10785700,0.0,0.0,-1.5822310821097418
589,1093,2023-12-18 05:00:00+00:00,60.08818356560951,60.7680247659606,59.78711373326348,60.55435943603516,6632200,0.0,0.0,1.250401440241622
590,1094,2023-12-19 05:00:00+00:00,60.76803091817841,60.79716575526825,59.80654424584503,60.33098983764648,6398800,0.0,0.0,-0.3688745128658133
591,1095,2023-12-20 05:00:00+00:00,60.418397602531165,60.6514874120197,59.54431915283203,59.54431915283203,4264500,0.0,0.0,-1.303924710884763
592,1096,2023-12-21 05:00:00+00:00,59.54431870316862,60.09790282858193,59.243245140027234,59.75798034667969,2807700,0.0,0.0,0.3588271675409649
593,1097,2023-12-22 05:00:00+00:00,60.19501868822202,60.63205974235103,60.02991634823808,60.2727165222168,2429300,0.0,0.0,0.8613680926813805
594,1098,2023-12-26 05:00:00+00:00,60.19502023383638,60.70975543034027,60.18530985675602,60.45724487304688,2147500,0.0,0.0,0.3061556894686568
595,1099,2023-12-27 05:00:00+00:00,60.45724133281211,60.52579776363333,60.10466326799141,60.27116012573242,2865900,0.52,0.0,-0.3077956127594206
596,1100,2023-12-28 05:00:00+00:00,60.251574751528366,60.74126570002644,60.14384214509152,60.61394500732422,2421900,0.0,0.0,0.5687378190111225
597,1101,2023-12-29 05:00:00+00:00,60.41806826354426,60.67270965056219,60.15363470135431,60.6335334777832,2813300,0.0,0.0,0.03231677208375139
598,1102,2024-01-02 05:00:00+00:00,60.55518363301118,62.19074958469265,60.43765511707168,62.16136932373047,4627600,0.0,0.0,2.5197869203962497
599,1103,2024-01-03 05:00:00+00:00,62.4258049610026,62.61188618004028,61.81858548321442,62.26910400390625,4538600,0.0,0.0,0.17331452210247456
600,1104,2024-01-04 05:00:00+00:00,62.30827538891253,62.9252870315795,61.91652487081013,62.41600799560547,3129300,0.0,0.0,0.23591794686816936
601,1105,2024-01-05 05:00:00+00:00,62.22013086853154,62.64126538412458,61.76961609149332,62.41600799560547,3531000,0.0,0.0,0.0
602,1106,2024-01-08 05:00:00+00:00,62.33766043913305,62.38662878771713,61.906730005083965,62.26910400390625,3738900,0.0,0.0,-0.2353626840562506
603,1107,2024-01-09 05:00:00+00:00,62.16136937254274,62.16136937254274,61.642294433515815,61.96549224853516,3510800,0.0,0.0,-0.4875800932546581
604,1108,2024-01-10 05:00:00+00:00,61.90672530187689,61.9165212124768,61.1623967462291,61.42683029174805,3341200,0.0,0.0,-0.8692934361379967
605,1109,2024-01-11 05:00:00+00:00,60.946933568168056,61.054666172070846,59.68353005410954,59.74229431152344,3825900,0.0,0.0,-2.7423456040688854
606,1110,2024-01-12 05:00:00+00:00,60.085078503782405,60.38868823994773,59.80106059012925,60.04590606689453,2753600,0.0,0.0,0.5082023696443949
607,1111,2024-01-16 05:00:00+00:00,59.889201388751424,60.08507476915262,59.37012646976156,59.65414810180664,4354400,0.0,0.0,-0.6524307663064444
608,1112,2024-01-17 05:00:00+00:00,59.16446087141789,59.74229634617517,58.45930470261701,58.85105895996094,4019600,0.0,0.0,-1.346241908400303
609,1113,2024-01-18 05:00:00+00:00,58.49848029241007,58.753121677958845,58.06755360246389,58.42013168334961,4447800,0.0,0.0,-0.7322336831772303
610,1114,2024-01-19 05:00:00+00:00,58.43971279704963,58.67476608330411,57.95981778601271,58.25363159179688,3582400,0.0,0.0,-0.285004649519105
611,1115,2024-01-22 05:00:00+00:00,58.35157315468065,58.704147486864095,57.45053989853547,57.71497344970703,3858700,0.0,0.0,-0.9246773589403179
612,1116,2024-01-23 05:00:00+00:00,57.79332308433076,58.12631307291145,57.53868543943747,57.96961212158203,4648400,0.0,0.0,0.44120036215020697
613,1117,2024-01-24 05:00:00+00:00,58.29281089076743,58.52786045359183,56.931470653269336,57.01961517333984,6092700,0.0,0.0,-1.638784379391267
614,1118,2024-01-25 05:00:00+00:00,57.78353293180443,58.03817058560998,56.53971745257402,57.67580032348633,6470000,0.0,0.0,1.1508059957116235
615,1119,2024-01-26 05:00:00+00:00,57.685594168246695,58.38095440569459,57.685594168246695,58.165489196777344,4038900,0.0,0.0,0.8490369800583597
616,1120,2024-01-29 05:00:00+00:00,58.29281114298209,58.88043878863101,58.06755375428182,58.42992401123047,4798800,0.0,0.0,0.45462492984202907
617,1121,2024-01-30 05:00:00+00:00,58.28301326735546,58.9392010610571,57.86188250166349,58.52785873413086,3782900,0.0,0.0,0.16761056009857445
618,1122,2024-01-31 05:00:00+00:00,58.96857957399755,59.41909432286237,58.11651842096276,58.635589599609375,13842700,0.0,0.0,0.18406766932632657
619,1123,2024-02-01 05:00:00+00:00,58.429925001629925,59.88920570139168,57.901057869954215,59.87940979003906,5303200,0.0,0.0,2.1212717377331103
620,1124,2024-02-02 05:00:00+00:00,59.41909725452884,59.42889316557826,58.038168944148,58.58662414550781,3901800,0.0,0.0,-2.1589819423141754
621,1125,2024-02-05 05:00:00+00:00,57.842294073186885,58.0675514529598,57.25466271478141,57.31342697143555,3177000,0.0,0.0,-2.1731874683718067
622,1126,2024-02-06 05:00:00+00:00,57.186104745061066,57.57785897345982,56.980435456372064,57.23507308959961,2918500,0.0,0.0,-0.1367112140667981
623,1127,2024-02-07 05:00:00+00:00,57.509305063919946,57.51909723883866,56.94126178145496,57.16651916503906,2621200,0.0,0.0,-0.1197760758568922
624,1128,2024-02-08 05:00:00+00:00,57.02940701409057,57.02940701409057,56.22631416306555,56.80414962768555,2570900,0.0,0.0,-0.6338842081802465
625,1129,2024-02-09 05:00:00+00:00,56.70621227031855,57.00002608671517,56.480951150500914,56.97064208984375,2732700,0.0,0.0,0.293099119077489
626,1130,2024-02-12 05:00:00+00:00,57.000025898205614,57.881467344480406,56.82373686174159,57.754150390625,2691100,0.0,0.0,1.375284307917135
627,1131,2024-02-13 05:00:00+00:00,57.763940996724855,57.979406199005886,56.050022761241,57.078372955322266,3253400,0.0,0.0,-1.1700932846073542
628,1132,2024-02-14 05:00:00+00:00,57.07837666101904,57.54847953066108,56.62786187795111,57.47013092041016,3965900,0.0,0.0,0.686350967632765
629,1133,2024-02-15 05:00:00+00:00,57.66600656146893,58.43971541292271,57.53868587004676,57.7933235168457,3571400,0.0,0.0,0.5623662087756998
630,1134,2024-02-16 05:00:00+00:00,57.783532493639264,58.04796605676613,57.36239797488673,57.852088928222656,2476100,0.0,0.0,0.1016820071955582
631,1135,2024-02-20 05:00:00+00:00,57.89126351394001,58.61600401282156,57.73456256261059,57.96961212158203,2895100,0.0,0.0,0.2031442520687321
632,1136,2024-02-21 05:00:00+00:00,58.49847947361772,58.92940615753231,58.155697308690826,58.57683181762695,3579100,0.0,0.0,1.0474793151477035
633,1137,2024-02-22 05:00:00+00:00,57.96961480699013,58.283016724167126,57.34281097263614,58.10673141479492,3251200,0.0,0.0,-0.8025364094385368
634,1138,2024-02-23 05:00:00+00:00,58.07734741652826,58.792295773591135,57.8716781088894,58.10673141479492,2415400,0.0,0.0,0.0
635,1139,2024-02-26 05:00:00+00:00,58.04796601734719,58.04796601734719,56.823738634838726,56.853118896484375,2418900,0.0,0.0,-2.1574307963764694
636,1140,2024-02-27 05:00:00+00:00,56.9412600942508,57.38198267344141,56.81393940780789,57.078372955322266,5752600,0.0,0.0,0.3962035209502224
637,1141,2024-02-28 05:00:00+00:00,56.99022841133023,57.04899266720837,56.314456280935296,56.48094940185547,6761900,0.0,0.0,-1.0466723603604233
638,1142,2024-02-29 05:00:00+00:00,56.16754949086916,56.20672566283673,51.02579460555515,51.60363006591797,22782200,0.0,0.0,-8.63533525478818
639,1143,2024-03-01 05:00:00+00:00,50.59486660549825,50.59486660549825,47.97012292869671,48.54795837402344,19038400,0.0,0.0,-5.9214277910124675
640,1144,2024-03-04 05:00:00+00:00,48.02888844324851,50.154145336246,47.5196094157177,50.00724029541016,10184200,0.0,0.0,3.005856415514163
641,1145,2024-03-05 05:00:00+00:00,50.08558952137517,50.56548829386988,47.31394070077947,47.64693069458008,12549200,0.0,0.0,-4.719935727080548
642,1146,2024-03-06 05:00:00+00:00,48.263934534217405,48.9886787194737,45.82527591278494,47.441253662109375,14401900,0.0,0.0,-0.43166900673855535
643,1147,2024-03-07 05:00:00+00:00,47.960331948992106,49.74280667504809,47.68610248156746,49.00827026367188,17186900,0.0,0.0,3.3030674373052182
644,1148,2024-03-08 05:00:00+00:00,49.04744574353364,50.34022951043089,48.86136079754163,49.96806335449219,8848600,0.0,0.0,1.9584308641306336
645,1149,2024-03-11 04:00:00+00:00,51.68198274484242,52.20105395061837,51.05517893348006,51.819095611572266,9838100,0.0,0.0,3.7044306559334883
646,1150,2024-03-12 04:00:00+00:00,51.544870055713545,51.90724030989747,50.57528033814038,50.82992172241211,8809700,0.0,0.0,-1.908898404122772
647,1151,2024-03-13 04:00:00+00:00,50.98662277797517,51.368581119102814,50.359815227151486,50.43816757202149,5420000,0.0,0.0,-0.7707156279524341
648,1152,2024-03-14 04:00:00+00:00,50.26790232800354,51.376610284397486,50.24810356704356,51.3568115234375,11860000,0.548,0.0,1.8213269744668192
649,1153,2024-03-15 04:00:00+00:00,51.2380181973374,51.713180900870846,51.04993563534987,51.465702056884766,11153200,0.0,0.0,0.21202744137955865
650,1154,2024-03-18 04:00:00+00:00,51.12913135636229,51.891362882872016,50.851952479585776,51.51519775390625,7217700,0.0,0.0,0.09617219826667522
651,1155,2024-03-19 04:00:00+00:00,51.426105256704666,52.45561816841828,51.426105256704666,51.90126419067383,5656800,0.0,0.0,0.7494224104736213
652,1156,2024-03-20 04:00:00+00:00,51.614186107888735,52.19823631954639,51.50529481442635,52.04975128173828,4547200,0.0,0.0,0.28609532615417876
653,1157,2024-03-21 04:00:00+00:00,52.18833797045578,52.59420310909648,51.752772803759285,51.7725715637207,3854100,0.0,0.0,-0.5325284198136493
654,1158,2024-03-22 04:00:00+00:00,51.97055804707352,52.17843937296721,51.51519787333663,51.74287796020508,3312600,0.0,0.0,-0.05735392818778662
655,1159,2024-03-25 04:00:00+00:00,52.07944994740774,52.19823873840436,51.7230797981903,51.95075988769531,3022700,0.0,0.0,0.40175949944283307
656,1160,2024-03-26 04:00:00+00:00,51.96065860470526,52.11904491033184,51.05983578341143,51.27761459350586,3498400,0.0,0.0,-1.295737147338416
657,1161,2024-03-27 04:00:00+00:00,51.68347951108104,52.861481194226975,51.65378325897732,52.84168243408203,3691700,0.0,0.0,3.050196178147213
658,1162,2024-03-28 04:00:00+00:00,52.92087423138938,53.3465381382239,52.85158045829794,53.207950592041016,3556400,0.0,0.0,0.6931424986626578
659,1163,2024-04-01 04:00:00+00:00,53.14855620096175,53.19805499169645,52.475413430227405,52.74269104003906,4266600,0.0,0.0,-0.8744173508376973
660,1164,2024-04-02 04:00:00+00:00,52.74269067552867,53.62371476684071,52.60410312537543,53.53462600708008,4561600,0.0,0.0,1.5015065621885482
661,1165,2024-04-03 04:00:00+00:00,53.31684125486285,53.57421758383847,52.74268854035417,53.54452133178711,4122600,0.0,0.0,0.01848397092700793
662,1166,2024-04-04 04:00:00+00:00,54.22756171371498,54.40574677897453,52.91097626066094,53.22774887084961,7021900,0.0,0.0,-0.5916057386611606
663,1167,2024-04-05 04:00:00+00:00,52.99016952514648,53.227750879868914,52.42591805593669,52.99016952514648,4483900,0.0,0.0,-0.4463449060744362
664,1168,2024-04-08 04:00:00+00:00,53.099060819481295,53.61381727449871,53.02976704440468,53.53462600708008,4473400,0.0,0.0,1.0274669562535088
665,1169,2024-04-09 04:00:00+00:00,53.90089227674562,54.02958233129399,53.49502712891841,53.82169723510742,2331400,0.0,0.0,0.5362346754591574
666,1170,2024-04-10 04:00:00+00:00,52.85158045829794,53.3465381382239,52.33682401802765,53.207950592041016,3263900,0.0,0.0,-1.140333126964388
667,1171,2024-04-11 04:00:00+00:00,53.5445206584516,53.65341194957372,52.633796585979766,52.9505729675293,2631000,0.0,0.0,-0.4837202366336224
668,1172,2024-04-12 04:00:00+00:00,53.18815064043757,53.3564382114815,52.30712659409811,52.63379669189453,3010400,0.0,0.0,-0.5982490044612376
669,1173,2024-04-15 04:00:00+00:00,52.79218677110168,53.17825314860079,52.297229102261326,52.63379669189453,3826500,0.0,0.0,0.0
670,1174,2024-04-16 04:00:00+00:00,52.50511070973997,52.55460572165462,51.64388164227036,52.00025177001953,3849800,0.0,0.0,-1.203684631727442
671,1175,2024-04-17 04:00:00+00:00,52.47541371123842,52.82188636709895,51.911162235134704,52.65359878540039,3926400,0.0,0.0,1.2564304847415109
672,1176,2024-04-18 04:00:00+00:00,53.11885970288687,53.42573483338209,52.56450572476803,53.21784973144531,3087000,0.0,0.0,1.071628452871054
673,1177,2024-04-19 04:00:00+00:00,53.32674058824639,54.44534602761194,53.29704433516959,54.16817092895508,4477700,0.0,0.0,1.785718893764776
674,1178,2024-04-22 04:00:00+00:00,54.28695767589356,54.653225296233934,53.92069005555319,54.40574645996094,3996100,0.0,0.0,0.43858880027065617
675,1179,2024-04-23 04:00:00+00:00,54.12857336997683,54.93040618854421,54.12857336997683,54.712623596191406,4432100,0.0,0.0,0.5640527999304368
676,1180,2024-04-24 04:00:00+00:00,53.76230431685597,55.07888977603784,53.60391801102445,54.77201843261719,4614400,0.0,0.0,0.10855782911114442
677,1181,2024-04-25 04:00:00+00:00,54.95019983575467,55.12838490221087,53.80189817205216,54.45524215698242,6717500,0.0,0.0,-0.5783542120589846
678,1182,2024-04-26 04:00:00+00:00,54.02958276851161,54.12857279513298,53.16835367675037,53.41583251953125,6451700,0.0,0.0,-1.9087411905263085
679,1183,2024-04-29 04:00:00+00:00,53.72270645152772,54.28695789844514,53.64351141100656,53.93058776855469,3884600,0.0,0.0,0.9636754212062781
680,1184,2024-04-30 04:00:00+00:00,53.4059349027643,53.69301126601497,53.02976600527127,53.18815231323242,6805600,0.0,0.0,-1.376650034871596
681,1185,2024-05-01 04:00:00+00:00,52.683297813383085,53.65341443413452,52.31702640333344,53.23764801025391,4589600,0.0,0.0,0.0930577485188877
682,1186,2024-05-02 04:00:00+00:00,53.29704216151011,53.79199983248393,52.851579502388205,53.2475471496582,3910500,0.0,0.0,0.01859424631678319
683,1187,2024-05-03 04:00:00+00:00,53.30693991305704,53.73260381426619,53.0099660642716,53.70290756225586,3285100,0.0,0.0,0.8551763169819093
684,1188,2024-05-06 04:00:00+00:00,53.871194417793774,53.88109568651106,52.83178399990621,53.81180191040039,4816700,0.0,0.0,0.20277179223171515
685,1189,2024-05-07 04:00:00+00:00,54.08897620622999,54.534438886158725,53.495028483810025,54.465145111083984,4676300,0.0,0.0,1.2141262278699605
686,1190,2024-05-08 04:00:00+00:00,54.554237929338754,54.7621192556386,54.01968271065843,54.37605285644531,3123300,0.0,0.0,-0.1635766405413297
687,1191,2024-05-09 04:00:00+00:00,54.37605105676808,54.9106062577563,54.0889746959158,54.68292617797852,4374700,0.0,0.0,0.5643538017431338
688,1192,2024-05-10 04:00:00+00:00,54.94030476721611,55.20758237869042,54.574037126111726,54.90070724487305,2433000,0.0,0.0,0.39826154545150594
689,1193,2024-05-13 04:00:00+00:00,55.23727537471251,55.880721858043465,55.03929155090088,55.26697540283203,4508300,0.0,0.0,0.667146520217532
690,1194,2024-05-14 04:00:00+00:00,55.54415133046159,55.81142893021539,54.78191605180682,54.999698638916016,2693900,0.0,0.0,-0.483610260861711
691,1195,2024-05-15 04:00:00+00:00,55.752032777665015,55.77183153801393,55.16798256416811,55.22737884521485,2278400,0.0,0.0,0.4139662796947219
692,1196,2024-05-16 04:00:00+00:00,55.27687618916247,55.81143141244458,55.039294831183454,55.28677368164063,2483500,0.0,0.0,0.10754599922666586
693,1197,2024-05-17 04:00:00+00:00,55.08879213741161,55.276874699247614,54.77201951946282,54.96010208129883,4092800,0.0,0.0,-0.5908675413452191
694,1198,2024-05-20 04:00:00+00:00,55.19767962298489,55.53425100137866,54.80171573890412,55.50455474853516,3694200,0.0,0.0,0.9906325618372458
695,1199,2024-05-21 04:00:00+00:00,55.71243695388053,56.21729591758642,55.5144568968161,56.16780090332031,2974300,0.0,0.0,1.1949400509381647
696,1200,2024-05-22 04:00:00+00:00,55.87082241384472,55.99951246995749,54.77201951946282,54.96010208129883,4231100,0.0,0.0,-2.1501621971995233
697,1201,2024-05-23 04:00:00+00:00,54.534437661049004,54.534437661049004,53.47522852158431,53.50492477416992,3074900,0.0,0.0,-2.647697606122268
698,1202,2024-05-24 04:00:00+00:00,53.51482453984833,53.64351081492419,53.10895940225579,53.178253173828125,2016200,0.0,0.0,-0.6105449203425484
699,1203,2024-05-28 04:00:00+00:00,53.38613783392668,54.11867311537411,53.03966895435393,53.198055267333984,2561500,0.0,0.0,0.03723720190871305
700,1204,2024-05-29 04:00:00+00:00,52.66349929073812,53.00996816534904,52.49521171147887,52.762489318847656,3238100,0.0,0.0,-0.8187629158575405
701,1205,2024-05-30 04:00:00+00:00,52.92087373244334,53.89099032280453,52.71299241512895,53.77220153808594,3206500,0.0,0.0,1.9136932928552897
702,1206,2024-05-31 04:00:00+00:00,53.91079022613388,54.960101879376246,53.71280639658641,54.89080810546875,11067800,0.0,0.0,2.0802692383545374
703,1207,2024-06-03 04:00:00+00:00,54.762116440890026,55.06899155648383,54.29685502155721,54.72251892089844,3195100,0.0,0.0,-0.30658900894109387
704,1208,2024-06-04 04:00:00+00:00,54.42554778483426,55.96981715539387,54.42554778483426,55.46495819091797,3460000,0.0,0.0,1.3567344571486784
705,1209,2024-06-05 04:00:00+00:00,55.30657208722895,55.47485966809616,54.55423804821645,54.60373306274414,2474900,0.0,0.0,-1.5527373611449846
706,1210,2024-06-06 04:00:00+00:00,54.44534357117737,55.05909002318153,54.11866969716118,54.26715850830078,2395000,0.0,0.0,-0.6163947693037852
707,1211,2024-06-07 04:00:00+00:00,53.66331149196592,54.37605176928968,53.31684262172658,54.18796920776367,3824500,0.0,0.0,-0.14592490691215376
708,1212,2024-06-10 04:00:00+00:00,54.22756224219554,54.960101270538,53.94048965757068,54.68292617797852,4067900,0.0,0.0,0.913407491462026
709,1213,2024-06-11 04:00:00+00:00,54.06917696689544,54.7423197270032,53.792001869049,54.48494338989258,3273600,0.0,0.0,-0.3620559504104892
710,1214,2024-06-12 04:00:00+00:00,54.86110936685568,54.890809396534216,53.89099273310555,54.21766662597656,3006100,0.0,0.0,-0.4905516043274383
711,1215,2024-06-13 04:00:00+00:00,54.0493761441863,54.445343791341536,53.28714465418758,53.79199981689453,3339800,0.0,0.0,-0.785107208723157
712,1216,2024-06-14 04:00:00+00:00,53.63999938964844,53.959999084472656,53.400001525878906,53.77000045776367,2400600,0.548,0.0,-0.040897083591884265
713,1217,2024-06-17 04:00:00+00:00,53.34000015258789,53.72999954223633,53.09999847412109,53.2400016784668,2255900,0.0,0.0,-0.9856774684485758
714,1218,2024-06-18 04:00:00+00:00,53.040000915527344,53.369998931884766,52.68000030517578,53.119998931884766,4269000,0.0,0.0,-0.22539959203375926
715,1219,2024-06-20 04:00:00+00:00,53.0,53.59999847412109,52.869998931884766,53.52999877929688,3028100,0.0,0.0,0.7718370776660821
716,1220,2024-06-21 04:00:00+00:00,53.77999877929688,54.150001525878906,53.20000076293945,53.369998931884766,6889800,0.0,0.0,-0.2988975360746604
717,1221,2024-06-24 04:00:00+00:00,53.61000061035156,54.33000183105469,53.31999969482422,53.97999954223633,2705300,0.0,0.0,1.1429653786017457
718,1222,2024-06-25 04:00:00+00:00,53.880001068115234,53.95000076293945,53.36000061035156,53.7400016784668,2312100,0.0,0.0,-0.4446051608091417
719,1223,2024-06-26 04:00:00+00:00,53.560001373291016,53.869998931884766,53.119998931884766,53.790000915527344,2662900,0.0,0.0,0.09303914309437555
720,1224,2024-06-27 04:00:00+00:00,53.84000015258789,54.150001525878906,53.459999084472656,53.84999847412109,2470800,0.0,0.0,0.11154035614902025
721,1225,2024-06-28 04:00:00+00:00,53.869998931884766,53.93000030517578,53.040000915527344,53.40999984741211,3726700,0.0,0.0,-0.8170819669018781
722,1226,2024-07-01 04:00:00+00:00,53.540000915527344,53.790000915527344,52.29999923706055,52.43000030517578,2158400,0.0,0.0,-1.8348615334883078
723,1227,2024-07-02 04:00:00+00:00,52.66999816894531,53.27999877929688,52.47999954223633,53.20000076293945,2661000,0.0,0.0,1.468625697657422
724,1228,2024-07-03 04:00:00+00:00,53.06999969482422,53.38999938964844,52.709999084472656,52.75,1178300,0.0,0.0,-0.8458660836203169
725,1229,2024-07-05 04:00:00+00:00,52.7599983215332,53.04999923706055,52.34000015258789,52.68999862670898,1653000,0.0,0.0,-0.11374667922469106
726,1230,2024-07-08 04:00:00+00:00,52.4900016784668,52.70000076293945,52.02999877929688,52.11000061035156,2245000,0.0,0.0,-1.1007744002168307
727,1231,2024-07-09 04:00:00+00:00,52.16999816894531,52.630001068115234,51.970001220703125,52.470001220703125,2240400,0.0,0.0,0.6908474498847905
728,1232,2024-07-10 04:00:00+00:00,52.54999923706055,52.72999954223633,52.09000015258789,52.59000015258789,2129100,0.0,0.0,0.22870007450546126
729,1233,2024-07-11 04:00:00+00:00,52.79999923706055,54.56999969482422,52.63999938964844,54.08000183105469,3535700,0.0,0.0,2.8332414416117446
730,1234,2024-07-12 04:00:00+00:00,54.2599983215332,54.77999877929688,53.7599983215332,54.27999877929688,2353800,0.0,0.0,0.36981682964247753
731,1235,2024-07-15 04:00:00+00:00,53.66999816894531,53.72999954223633,52.970001220703125,53.22999954223633,2219600,0.0,0.0,-1.9344127867980676
732,1236,2024-07-16 04:00:00+00:00,53.56999969482422,53.959999084472656,53.369998931884766,53.93000030517578,2377700,0.0,0.0,1.315049349914088
733,1237,2024-07-17 04:00:00+00:00,54.310001373291016,55.81999969482422,54.2599983215332,55.31999969482422,3242100,0.0,0.0,2.5774140214774643
734,1238,2024-07-18 04:00:00+00:00,55.0,56.11000061035156,54.970001220703125,55.77999877929688,3023900,0.0,0.0,0.8315240184567418
735,1239,2024-07-19 04:00:00+00:00,55.79999923706055,56.09000015258789,55.02999877929688,55.93999862670898,3043900,0.0,0.0,0.28684089443091754
736,1240,2024-07-22 04:00:00+00:00,56.18999862670898,56.38999938964844,55.61000061035156,55.7400016784668,2545100,0.0,0.0,-0.35752047399352227
737,1241,2024-07-23 04:00:00+00:00,55.61000061035156,55.720001220703125,55.02000045776367,55.13999938964844,2164900,0.0,0.0,-1.0764303386272545
738,1242,2024-07-24 04:00:00+00:00,55.66999816894531,56.400001525878906,55.36000061035156,56.36000061035156,2907500,0.0,0.0,2.2125521113664615
739,1243,2024-07-25 04:00:00+00:00,57.119998931884766,58.43000030517578,56.41999816894531,56.869998931884766,4932500,0.0,0.0,0.90489410221819
740,1244,2024-07-26 04:00:00+00:00,57.29999923706055,57.66999816894531,57.09999847412109,57.36000061035156,3434900,0.0,0.0,0.8616171754349589
741,1245,2024-07-29 04:00:00+00:00,57.59000015258789,57.970001220703125,57.220001220703125,57.68999862670898,1995600,0.0,0.0,0.5753103431764384
742,1246,2024-07-30 04:00:00+00:00,57.52000045776367,58.72999954223633,57.5099983215332,58.630001068115234,2498000,0.0,0.0,1.62940278000121
743,1247,2024-07-31 04:00:00+00:00,58.470001220703125,58.66999816894531,57.880001068115234,58.27999877929688,6198300,0.0,0.0,-0.5969679045574772
744,1248,2024-08-01 04:00:00+00:00,57.61000061035156,59.15999984741211,56.68999862670898,59.11000061035156,4540100,0.0,0.0,1.4241624029503797
745,1249,2024-08-02 04:00:00+00:00,61.220001220703125,61.56999969482422,58.93000030517578,59.75,3641000,0.0,0.0,1.0827260751818724
746,1250,2024-08-05 04:00:00+00:00,61.900001525878906,61.900001525878906,57.869998931884766,57.9900016784668,4273800,0.0,0.0,-2.9456038854112188
747,1251,2024-08-06 04:00:00+00:00,57.900001525878906,58.7599983215332,57.84000015258789,57.86000061035156,3063800,0.0,0.0,-0.22417841757625956
748,1252,2024-08-07 04:00:00+00:00,57.810001373291016,59.09999847412109,57.75,58.36000061035156,2768000,0.0,0.0,0.8641548474345173
749,1253,2024-08-08 04:00:00+00:00,57.959999084472656,58.84999847412109,57.630001068115234,58.150001525878906,3025000,0.0,0.0,-0.35983393124812135
750,1254,2024-08-09 04:00:00+00:00,58.43999862670898,58.43999862670898,57.2400016784668,57.959999084472656,1795200,0.0,0.0,-0.3267453764755124
751,1255,2024-08-12 04:00:00+00:00,57.86000061035156,58.209999084472656,57.43000030517578,58.02000045776367,1792100,0.0,0.0,0.10352203974945962
752,1256,2024-08-13 04:00:00+00:00,58.40999984741211,59.72999954223633,58.310001373291016,59.65999984741211,4337600,0.0,0.0,2.826610439002475
753,1257,2024-08-14 04:00:00+00:00,59.310001373291016,59.61000061035156,58.650001525878906,58.959999084472656,5190800,0.0,0.0,-1.1733167360539642
